{"timestamp":"2026-06-22T19:25:33.723Z","level":"LOG","message":"[dotenv@17.2.4] injecting env (1) from .env -- tip: 🛠️  run anywhere with `dotenvx run -- yourcommand`"}
{"timestamp":"2026-06-22T19:25:33.724Z","level":"LOG","message":"[BOOT] cwd = /home/u650716787/domains/api.mariotstore.com/nodejs"}
{"timestamp":"2026-06-22T19:25:33.724Z","level":"LOG","message":"[BOOT] DB_USER = \"u650716787_mariot_user\""}
{"timestamp":"2026-06-22T19:25:33.724Z","level":"LOG","message":"[BOOT] DB_PASSWORD present = true"}
{"timestamp":"2026-06-22T19:25:33.724Z","level":"LOG","message":"[BOOT] DB_NAME = \"u650716787_mariot_db\""}
{"timestamp":"2026-06-22T19:25:33.836Z","level":"LOG","message":"[dotenv@17.2.4] injecting env (0) from .env -- tip: ✅ audit secrets and track compliance: https://dotenvx.com/ops"}
{"timestamp":"2026-06-22T19:25:34.011Z","level":"LOG","message":"[DEBUG] DB_HOST = \"localhost\""}
{"timestamp":"2026-06-22T19:25:34.011Z","level":"LOG","message":"[DEBUG] DB_USER = \"u650716787_mariot_user\""}
{"timestamp":"2026-06-22T19:25:34.011Z","level":"LOG","message":"[DEBUG] DB_PASSWORD present? true"}
{"timestamp":"2026-06-22T19:25:34.012Z","level":"LOG","message":"[DEBUG] DB_PASS present? false"}
{"timestamp":"2026-06-22T19:25:34.012Z","level":"LOG","message":"[DEBUG] DB_NAME = \"u650716787_mariot_db\""}
{"timestamp":"2026-06-22T19:25:34.461Z","level":"LOG","message":"[DB] Running initialization and migrations..."}
{"timestamp":"2026-06-22T19:25:34.468Z","level":"LOG","message":"[EMAIL] Resolved smtp.hostinger.com → 172.65.255.143 (IPv4)"}
{"timestamp":"2026-06-22T19:25:34.482Z","level":"ERROR","message":"Database connection failed: Access denied for user 'u650716787_mariot_user'@'::1' (using password: YES)"}
{"timestamp":"2026-06-22T19:25:34.485Z","level":"LOG","message":"[DB] contact_submissions table verified"}
{"timestamp":"2026-06-22T19:25:34.486Z","level":"LOG","message":"[DB] category_brands table verified"}
{"timestamp":"2026-06-22T19:25:34.486Z","level":"LOG","message":"[DB] reward_points_history table verified"}
{"timestamp":"2026-06-22T19:25:34.490Z","level":"LOG","message":"[DB] reward_points_history.transaction_type ENUM verified (reversed, refunded)"}
{"timestamp":"2026-06-22T19:25:34.491Z","level":"LOG","message":"[DB] staff role verified"}
{"timestamp":"2026-06-22T19:25:34.515Z","level":"LOG","message":"[DB] product variant tables verified"}
{"timestamp":"2026-06-22T19:25:34.523Z","level":"LOG","message":"[DB] signup_otps table verified"}
{"timestamp":"2026-06-22T19:25:34.523Z","level":"LOG","message":"[DB] invoices table verified"}
{"timestamp":"2026-06-22T19:25:34.523Z","level":"LOG","message":"[DB] staff_permissions table verified"}
{"timestamp":"2026-06-22T19:25:34.524Z","level":"LOG","message":"[DB] stock_notifications table verified"}
{"timestamp":"2026-06-22T19:25:34.524Z","level":"LOG","message":"[DB] settings table verified"}
{"timestamp":"2026-06-22T19:25:34.526Z","level":"LOG","message":"[EMAIL] SMTP_EMAIL: admin@mariotstore.com"}
{"timestamp":"2026-06-22T19:25:34.526Z","level":"LOG","message":"[EMAIL] SMTP_PASSWORD length: 17 chars"}
{"timestamp":"2026-06-22T19:25:34.529Z","level":"LOG","message":"[ABANDONED CART] 🚀 Cron job started (runs every 30 minutes)"}
{"timestamp":"2026-06-22T19:25:34.529Z","level":"LOG","message":"[POINTS STATEMENT] 🚀 Job started (fires monthly: 1st 10:00 Asia/Dubai, with a 2nd–3rd grace window)"}
{"timestamp":"2026-06-22T19:25:34.530Z","level":"LOG","message":"Server running in production mode on port 5000"}
{"timestamp":"2026-06-22T19:25:35.425Z","level":"LOG","message":"[EMAIL] ✅ SMTP connection verified successfully"}
{"timestamp":"2026-06-22T19:26:04.538Z","level":"LOG","message":"[ABANDONED CART] 🔍 Scanning for abandoned carts..."}
{"timestamp":"2026-06-22T19:26:04.540Z","level":"LOG","message":"[ABANDONED CART] ✅ Scan complete. Sent 0 reminder(s)."}
{"timestamp":"2026-06-22T19:26:17.419Z","level":"LOG","message":"[dotenv@17.2.4] injecting env (1) from .env -- tip: 🗂️ backup and recover secrets: https://dotenvx.com/ops"}
{"timestamp":"2026-06-22T19:26:17.420Z","level":"LOG","message":"[BOOT] cwd = /home/u650716787/domains/api.mariotstore.com/nodejs"}
{"timestamp":"2026-06-22T19:26:17.420Z","level":"LOG","message":"[BOOT] DB_USER = \"u650716787_mariot_user\""}
{"timestamp":"2026-06-22T19:26:17.420Z","level":"LOG","message":"[BOOT] DB_PASSWORD present = true"}
{"timestamp":"2026-06-22T19:26:17.420Z","level":"LOG","message":"[BOOT] DB_NAME = \"u650716787_mariot_db\""}
{"timestamp":"2026-06-22T19:26:17.454Z","level":"LOG","message":"[dotenv@17.2.4] injecting env (1) from .env -- tip: 🔄 add secrets lifecycle management: https://dotenvx.com/ops"}
{"timestamp":"2026-06-22T19:26:17.455Z","level":"LOG","message":"[BOOT] cwd = /home/u650716787/domains/api.mariotstore.com/nodejs"}
{"timestamp":"2026-06-22T19:26:17.455Z","level":"LOG","message":"[BOOT] DB_USER = \"u650716787_mariot_user\""}
{"timestamp":"2026-06-22T19:26:17.455Z","level":"LOG","message":"[BOOT] DB_PASSWORD present = true"}
{"timestamp":"2026-06-22T19:26:17.455Z","level":"LOG","message":"[BOOT] DB_NAME = \"u650716787_mariot_db\""}
{"timestamp":"2026-06-22T19:26:17.528Z","level":"LOG","message":"[dotenv@17.2.4] injecting env (0) from .env -- tip: ⚙️  load multiple .env files with { path: ['.env.local', '.env'] }"}
{"timestamp":"2026-06-22T19:26:17.557Z","level":"LOG","message":"[dotenv@17.2.4] injecting env (0) from .env -- tip: 🔑 add access controls to secrets: https://dotenvx.com/ops"}
{"timestamp":"2026-06-22T19:26:17.686Z","level":"LOG","message":"[DEBUG] DB_HOST = \"localhost\""}
{"timestamp":"2026-06-22T19:26:17.687Z","level":"LOG","message":"[DEBUG] DB_USER = \"u650716787_mariot_user\""}
{"timestamp":"2026-06-22T19:26:17.687Z","level":"LOG","message":"[DEBUG] DB_PASSWORD present? true"}
{"timestamp":"2026-06-22T19:26:17.687Z","level":"LOG","message":"[DEBUG] DB_PASS present? false"}
{"timestamp":"2026-06-22T19:26:17.687Z","level":"LOG","message":"[DEBUG] DB_NAME = \"u650716787_mariot_db\""}
{"timestamp":"2026-06-22T19:26:17.721Z","level":"LOG","message":"[DEBUG] DB_HOST = \"localhost\""}
{"timestamp":"2026-06-22T19:26:17.722Z","level":"LOG","message":"[DEBUG] DB_USER = \"u650716787_mariot_user\""}
{"timestamp":"2026-06-22T19:26:17.722Z","level":"LOG","message":"[DEBUG] DB_PASSWORD present? true"}
{"timestamp":"2026-06-22T19:26:17.722Z","level":"LOG","message":"[DEBUG] DB_PASS present? false"}
{"timestamp":"2026-06-22T19:26:17.722Z","level":"LOG","message":"[DEBUG] DB_NAME = \"u650716787_mariot_db\""}
{"timestamp":"2026-06-22T19:26:18.129Z","level":"LOG","message":"[DB] Running initialization and migrations..."}
{"timestamp":"2026-06-22T19:26:18.134Z","level":"LOG","message":"[EMAIL] Resolved smtp.hostinger.com → 172.65.255.143 (IPv4)"}
{"timestamp":"2026-06-22T19:26:18.146Z","level":"ERROR","message":"Database connection failed: Access denied for user 'u650716787_mariot_user'@'::1' (using password: YES)"}
{"timestamp":"2026-06-22T19:26:18.149Z","level":"LOG","message":"[DB] contact_submissions table verified"}
{"timestamp":"2026-06-22T19:26:18.149Z","level":"LOG","message":"[DB] category_brands table verified"}
{"timestamp":"2026-06-22T19:26:18.149Z","level":"LOG","message":"[DB] reward_points_history table verified"}
{"timestamp":"2026-06-22T19:26:18.152Z","level":"LOG","message":"[DB] reward_points_history.transaction_type ENUM verified (reversed, refunded)"}
{"timestamp":"2026-06-22T19:26:18.153Z","level":"LOG","message":"[DB] staff role verified"}
{"timestamp":"2026-06-22T19:26:18.165Z","level":"LOG","message":"[DB] Running initialization and migrations..."}
{"timestamp":"2026-06-22T19:26:18.166Z","level":"LOG","message":"[DB] product variant tables verified"}
{"timestamp":"2026-06-22T19:26:18.172Z","level":"LOG","message":"[EMAIL] Resolved smtp.hostinger.com → 172.65.255.143 (IPv4)"}
{"timestamp":"2026-06-22T19:26:18.175Z","level":"LOG","message":"[DB] signup_otps table verified"}
{"timestamp":"2026-06-22T19:26:18.175Z","level":"LOG","message":"[DB] invoices table verified"}
{"timestamp":"2026-06-22T19:26:18.176Z","level":"LOG","message":"[DB] staff_permissions table verified"}
{"timestamp":"2026-06-22T19:26:18.176Z","level":"LOG","message":"[DB] stock_notifications table verified"}
{"timestamp":"2026-06-22T19:26:18.176Z","level":"LOG","message":"[DB] settings table verified"}
{"timestamp":"2026-06-22T19:26:18.179Z","level":"LOG","message":"[EMAIL] SMTP_EMAIL: admin@mariotstore.com"}
{"timestamp":"2026-06-22T19:26:18.179Z","level":"LOG","message":"[EMAIL] SMTP_PASSWORD length: 17 chars"}
{"timestamp":"2026-06-22T19:26:18.181Z","level":"LOG","message":"[ABANDONED CART] 🚀 Cron job started (runs every 30 minutes)"}
{"timestamp":"2026-06-22T19:26:18.182Z","level":"LOG","message":"[POINTS STATEMENT] 🚀 Job started (fires monthly: 1st 10:00 Asia/Dubai, with a 2nd–3rd grace window)"}
{"timestamp":"2026-06-22T19:26:18.182Z","level":"LOG","message":"Server running in production mode on port 5000"}
{"timestamp":"2026-06-22T19:26:18.185Z","level":"ERROR","message":"Database connection failed: Access denied for user 'u650716787_mariot_user'@'::1' (using password: YES)"}
{"timestamp":"2026-06-22T19:26:18.188Z","level":"LOG","message":"[DB] contact_submissions table verified"}
{"timestamp":"2026-06-22T19:26:18.189Z","level":"LOG","message":"[DB] category_brands table verified"}
{"timestamp":"2026-06-22T19:26:18.189Z","level":"LOG","message":"[DB] reward_points_history table verified"}
{"timestamp":"2026-06-22T19:26:18.193Z","level":"LOG","message":"[DB] reward_points_history.transaction_type ENUM verified (reversed, refunded)"}
{"timestamp":"2026-06-22T19:26:18.194Z","level":"LOG","message":"[DB] staff role verified"}
{"timestamp":"2026-06-22T19:26:18.207Z","level":"LOG","message":"GET PRODUCTS QUERY: {\"is_weekly_deal\":\"true\"}"}
{"timestamp":"2026-06-22T19:26:18.211Z","level":"LOG","message":"[DB] product variant tables verified"}
{"timestamp":"2026-06-22T19:26:18.220Z","level":"LOG","message":"GET PRODUCTS QUERY: {\"is_limited_offer\":\"true\",\"limit\":\"8\"}"}
{"timestamp":"2026-06-22T19:26:18.222Z","level":"LOG","message":"[DB] signup_otps table verified"}
{"timestamp":"2026-06-22T19:26:18.223Z","level":"LOG","message":"[DB] invoices table verified"}
{"timestamp":"2026-06-22T19:26:18.223Z","level":"LOG","message":"[DB] staff_permissions table verified"}
{"timestamp":"2026-06-22T19:26:18.223Z","level":"LOG","message":"[DB] stock_notifications table verified"}
{"timestamp":"2026-06-22T19:26:18.224Z","level":"LOG","message":"[DB] settings table verified"}
{"timestamp":"2026-06-22T19:26:18.227Z","level":"LOG","message":"[EMAIL] SMTP_EMAIL: admin@mariotstore.com"}
{"timestamp":"2026-06-22T19:26:18.227Z","level":"LOG","message":"[EMAIL] SMTP_PASSWORD length: 17 chars"}
{"timestamp":"2026-06-22T19:26:18.230Z","level":"LOG","message":"[ABANDONED CART] 🚀 Cron job started (runs every 30 minutes)"}
{"timestamp":"2026-06-22T19:26:18.230Z","level":"LOG","message":"[POINTS STATEMENT] 🚀 Job started (fires monthly: 1st 10:00 Asia/Dubai, with a 2nd–3rd grace window)"}
{"timestamp":"2026-06-22T19:26:18.231Z","level":"LOG","message":"Server running in production mode on port 5000"}
{"timestamp":"2026-06-22T19:26:18.252Z","level":"LOG","message":"GET PRODUCTS QUERY: {\"page\":\"1\",\"limit\":\"24\",\"is_featured\":\"1\"}"}
{"timestamp":"2026-06-22T19:26:18.285Z","level":"LOG","message":"GET PRODUCTS QUERY: {\"category\":\"stainless-steel-fabrications\",\"limit\":\"12\"}"}
{"timestamp":"2026-06-22T19:26:18.373Z","level":"LOG","message":"GET PRODUCTS QUERY: {\"limit\":\"5000\"}"}
{"timestamp":"2026-06-22T19:26:19.070Z","level":"LOG","message":"[EMAIL] ✅ SMTP connection verified successfully"}
{"timestamp":"2026-06-22T19:26:19.123Z","level":"LOG","message":"[EMAIL] ✅ SMTP connection verified successfully"}
{"timestamp":"2026-06-22T19:26:48.187Z","level":"LOG","message":"[ABANDONED CART] 🔍 Scanning for abandoned carts..."}
{"timestamp":"2026-06-22T19:26:48.189Z","level":"LOG","message":"[ABANDONED CART] ✅ Scan complete. Sent 0 reminder(s)."}
{"timestamp":"2026-06-22T19:26:48.235Z","level":"LOG","message":"[ABANDONED CART] 🔍 Scanning for abandoned carts..."}
{"timestamp":"2026-06-22T19:26:48.237Z","level":"LOG","message":"[ABANDONED CART] ✅ Scan complete. Sent 0 reminder(s)."}
{"timestamp":"2026-06-22T19:26:48.989Z","level":"LOG","message":"GET PRODUCTS QUERY: {\"is_limited_offer\":\"true\",\"limit\":\"8\"}"}
{"timestamp":"2026-06-22T19:26:48.993Z","level":"LOG","message":"GET PRODUCTS QUERY: {\"is_weekly_deal\":\"true\"}"}
{"timestamp":"2026-06-22T19:26:49.047Z","level":"LOG","message":"GET PRODUCTS QUERY: {\"category\":\"stainless-steel-fabrications\",\"limit\":\"12\"}"}
{"timestamp":"2026-06-22T19:27:26.761Z","level":"WARN","message":"[CORS] Rejected origin: https://lightyellow-mole-122406.hostingersite.com"}
{"timestamp":"2026-06-22T19:27:26.762Z","level":"ERROR","message":"[ERROR] GET /api/v1/products?is_limited_offer=true&limit=7"}
{"timestamp":"2026-06-22T19:27:26.762Z","level":"ERROR","message":"Error: Not allowed by CORS\n    at origin (/home/u650716787/domains/api.mariotstore.com/nodejs/app.js:118:22)\n    at /home/u650716787/domains/api.mariotstore.com/nodejs/node_modules/cors/lib/index.js:219:13\n    at optionsCallback (/home/u650716787/domains/api.mariotstore.com/nodejs/node_modules/cors/lib/index.js:199:9)\n    at corsMiddleware (/home/u650716787/domains/api.mariotstore.com/nodejs/node_modules/cors/lib/index.js:204:7)\n    at Layer.handleRequest (/home/u650716787/domains/api.mariotstore.com/nodejs/node_modules/router/lib/layer.js:152:17)\n    at trimPrefix (/home/u650716787/domains/api.mariotstore.com/nodejs/node_modules/router/index.js:342:13)\n    at /home/u650716787/domains/api.mariotstore.com/nodejs/node_modules/router/index.js:297:9\n    at processParams (/home/u650716787/domains/api.mariotstore.com/nodejs/node_modules/router/index.js:582:12)\n    at next (/home/u650716787/domains/api.mariotstore.com/nodejs/node_modules/router/index.js:291:5)\n    at hpp (/home/u650716787/domains/api.mariotstore.com/nodejs/node_modules/hpp/lib/index.js:146:9)\n    at Layer.handleRequest (/home/u650716787/domains/api.mariotstore.com/nodejs/node_modules/router/lib/layer.js:152:17)\n    at trimPrefix (/home/u650716787/domains/api.mariotstore.com/nodejs/node_modules/router/index.js:342:13)\n    at /home/u650716787/domains/api.mariotstore.com/nodejs/node_modules/router/index.js:297:9\n    at processParams (/home/u650716787/domains/api.mariotstore.com/nodejs/node_modules/router/index.js:582:12)\n    at next (/home/u650716787/domains/api.mariotstore.com/nodejs/node_modules/router/index.js:291:5)\n    at internalNext (/home/u650716787/domains/api.mariotstore.com/nodejs/node_modules/helmet/index.cjs:531:6)"}
{"timestamp":"2026-06-22T19:27:26.812Z","level":"WARN","message":"[CORS] Rejected origin: https://lightyellow-mole-122406.hostingersite.com"}
{"timestamp":"2026-06-22T19:27:26.812Z","level":"ERROR","message":"[ERROR] GET /api/v1/settings"}
{"timestamp":"2026-06-22T19:27:26.812Z","level":"ERROR","message":"Error: Not allowed by CORS\n    at origin (/home/u650716787/domains/api.mariotstore.com/nodejs/app.js:118:22)\n    at /home/u650716787/domains/api.mariotstore.com/nodejs/node_modules/cors/lib/index.js:219:13\n    at optionsCallback (/home/u650716787/domains/api.mariotstore.com/nodejs/node_modules/cors/lib/index.js:199:9)\n    at corsMiddleware (/home/u650716787/domains/api.mariotstore.com/nodejs/node_modules/cors/lib/index.js:204:7)\n    at Layer.handleRequest (/home/u650716787/domains/api.mariotstore.com/nodejs/node_modules/router/lib/layer.js:152:17)\n    at trimPrefix (/home/u650716787/domains/api.mariotstore.com/nodejs/node_modules/router/index.js:342:13)\n    at /home/u650716787/domains/api.mariotstore.com/nodejs/node_modules/router/index.js:297:9\n    at processParams (/home/u650716787/domains/api.mariotstore.com/nodejs/node_modules/router/index.js:582:12)\n    at next (/home/u650716787/domains/api.mariotstore.com/nodejs/node_modules/router/index.js:291:5)\n    at hpp (/home/u650716787/domains/api.mariotstore.com/nodejs/node_modules/hpp/lib/index.js:146:9)\n    at Layer.handleRequest (/home/u650716787/domains/api.mariotstore.com/nodejs/node_modules/router/lib/layer.js:152:17)\n    at trimPrefix (/home/u650716787/domains/api.mariotstore.com/nodejs/node_modules/router/index.js:342:13)\n    at /home/u650716787/domains/api.mariotstore.com/nodejs/node_modules/router/index.js:297:9\n    at processParams (/home/u650716787/domains/api.mariotstore.com/nodejs/node_modules/router/index.js:582:12)\n    at next (/home/u650716787/domains/api.mariotstore.com/nodejs/node_modules/router/index.js:291:5)\n    at internalNext (/home/u650716787/domains/api.mariotstore.com/nodejs/node_modules/helmet/index.cjs:531:6)"}
{"timestamp":"2026-06-22T19:27:26.815Z","level":"WARN","message":"[CORS] Rejected origin: https://lightyellow-mole-122406.hostingersite.com"}
{"timestamp":"2026-06-22T19:27:26.816Z","level":"ERROR","message":"[ERROR] OPTIONS /api/v1/auth/me"}
{"timestamp":"2026-06-22T19:27:26.816Z","level":"ERROR","message":"Error: Not allowed by CORS\n    at origin (/home/u650716787/domains/api.mariotstore.com/nodejs/app.js:118:22)\n    at /home/u650716787/domains/api.mariotstore.com/nodejs/node_modules/cors/lib/index.js:219:13\n    at optionsCallback (/home/u650716787/domains/api.mariotstore.com/nodejs/node_modules/cors/lib/index.js:199:9)\n    at corsMiddleware (/home/u650716787/domains/api.mariotstore.com/nodejs/node_modules/cors/lib/index.js:204:7)\n    at Layer.handleRequest (/home/u650716787/domains/api.mariotstore.com/nodejs/node_modules/router/lib/layer.js:152:17)\n    at trimPrefix (/home/u650716787/domains/api.mariotstore.com/nodejs/node_modules/router/index.js:342:13)\n    at /home/u650716787/domains/api.mariotstore.com/nodejs/node_modules/router/index.js:297:9\n    at processParams (/home/u650716787/domains/api.mariotstore.com/nodejs/node_modules/router/index.js:582:12)\n    at next (/home/u650716787/domains/api.mariotstore.com/nodejs/node_modules/router/index.js:291:5)\n    at hpp (/home/u650716787/domains/api.mariotstore.com/nodejs/node_modules/hpp/lib/index.js:146:9)\n    at Layer.handleRequest (/home/u650716787/domains/api.mariotstore.com/nodejs/node_modules/router/lib/layer.js:152:17)\n    at trimPrefix (/home/u650716787/domains/api.mariotstore.com/nodejs/node_modules/router/index.js:342:13)\n    at /home/u650716787/domains/api.mariotstore.com/nodejs/node_modules/router/index.js:297:9\n    at processParams (/home/u650716787/domains/api.mariotstore.com/nodejs/node_modules/router/index.js:582:12)\n    at next (/home/u650716787/domains/api.mariotstore.com/nodejs/node_modules/router/index.js:291:5)\n    at internalNext (/home/u650716787/domains/api.mariotstore.com/nodejs/node_modules/helmet/index.cjs:531:6)"}
{"timestamp":"2026-06-22T19:27:27.084Z","level":"WARN","message":"[CORS] Rejected origin: https://lightyellow-mole-122406.hostingersite.com"}
{"timestamp":"2026-06-22T19:27:27.084Z","level":"ERROR","message":"[ERROR] GET /api/v1/categories"}
{"timestamp":"2026-06-22T19:27:27.084Z","level":"ERROR","message":"Error: Not allowed by CORS\n    at origin (/home/u650716787/domains/api.mariotstore.com/nodejs/app.js:118:22)\n    at /home/u650716787/domains/api.mariotstore.com/nodejs/node_modules/cors/lib/index.js:219:13\n    at optionsCallback (/home/u650716787/domains/api.mariotstore.com/nodejs/node_modules/cors/lib/index.js:199:9)\n    at corsMiddleware (/home/u650716787/domains/api.mariotstore.com/nodejs/node_modules/cors/lib/index.js:204:7)\n    at Layer.handleRequest (/home/u650716787/domains/api.mariotstore.com/nodejs/node_modules/router/lib/layer.js:152:17)\n    at trimPrefix (/home/u650716787/domains/api.mariotstore.com/nodejs/node_modules/router/index.js:342:13)\n    at /home/u650716787/domains/api.mariotstore.com/nodejs/node_modules/router/index.js:297:9\n    at processParams (/home/u650716787/domains/api.mariotstore.com/nodejs/node_modules/router/index.js:582:12)\n    at next (/home/u650716787/domains/api.mariotstore.com/nodejs/node_modules/router/index.js:291:5)\n    at hpp (/home/u650716787/domains/api.mariotstore.com/nodejs/node_modules/hpp/lib/index.js:146:9)\n    at Layer.handleRequest (/home/u650716787/domains/api.mariotstore.com/nodejs/node_modules/router/lib/layer.js:152:17)\n    at trimPrefix (/home/u650716787/domains/api.mariotstore.com/nodejs/node_modules/router/index.js:342:13)\n    at /home/u650716787/domains/api.mariotstore.com/nodejs/node_modules/router/index.js:297:9\n    at processParams (/home/u650716787/domains/api.mariotstore.com/nodejs/node_modules/router/index.js:582:12)\n    at next (/home/u650716787/domains/api.mariotstore.com/nodejs/node_modules/router/index.js:291:5)\n    at internalNext (/home/u650716787/domains/api.mariotstore.com/nodejs/node_modules/helmet/index.cjs:531:6)"}
{"timestamp":"2026-06-22T19:27:27.091Z","level":"WARN","message":"[CORS] Rejected origin: https://lightyellow-mole-122406.hostingersite.com"}
{"timestamp":"2026-06-22T19:27:27.091Z","level":"ERROR","message":"[ERROR] GET /api/v1/products?is_weekly_deal=true"}
{"timestamp":"2026-06-22T19:27:27.091Z","level":"ERROR","message":"Error: Not allowed by CORS\n    at origin (/home/u650716787/domains/api.mariotstore.com/nodejs/app.js:118:22)\n    at /home/u650716787/domains/api.mariotstore.com/nodejs/node_modules/cors/lib/index.js:219:13\n    at optionsCallback (/home/u650716787/domains/api.mariotstore.com/nodejs/node_modules/cors/lib/index.js:199:9)\n    at corsMiddleware (/home/u650716787/domains/api.mariotstore.com/nodejs/node_modules/cors/lib/index.js:204:7)\n    at Layer.handleRequest (/home/u650716787/domains/api.mariotstore.com/nodejs/node_modules/router/lib/layer.js:152:17)\n    at trimPrefix (/home/u650716787/domains/api.mariotstore.com/nodejs/node_modules/router/index.js:342:13)\n    at /home/u650716787/domains/api.mariotstore.com/nodejs/node_modules/router/index.js:297:9\n    at processParams (/home/u650716787/domains/api.mariotstore.com/nodejs/node_modules/router/index.js:582:12)\n    at next (/home/u650716787/domains/api.mariotstore.com/nodejs/node_modules/router/index.js:291:5)\n    at hpp (/home/u650716787/domains/api.mariotstore.com/nodejs/node_modules/hpp/lib/index.js:146:9)\n    at Layer.handleRequest (/home/u650716787/domains/api.mariotstore.com/nodejs/node_modules/router/lib/layer.js:152:17)\n    at trimPrefix (/home/u650716787/domains/api.mariotstore.com/nodejs/node_modules/router/index.js:342:13)\n    at /home/u650716787/domains/api.mariotstore.com/nodejs/node_modules/router/index.js:297:9\n    at processParams (/home/u650716787/domains/api.mariotstore.com/nodejs/node_modules/router/index.js:582:12)\n    at next (/home/u650716787/domains/api.mariotstore.com/nodejs/node_modules/router/index.js:291:5)\n    at internalNext (/home/u650716787/domains/api.mariotstore.com/nodejs/node_modules/helmet/index.cjs:531:6)"}
{"timestamp":"2026-06-22T19:27:27.149Z","level":"WARN","message":"[CORS] Rejected origin: https://lightyellow-mole-122406.hostingersite.com"}
{"timestamp":"2026-06-22T19:27:27.149Z","level":"ERROR","message":"[ERROR] GET /api/v1/products/search-dropdown"}
{"timestamp":"2026-06-22T19:27:27.149Z","level":"ERROR","message":"Error: Not allowed by CORS\n    at origin (/home/u650716787/domains/api.mariotstore.com/nodejs/app.js:118:22)\n    at /home/u650716787/domains/api.mariotstore.com/nodejs/node_modules/cors/lib/index.js:219:13\n    at optionsCallback (/home/u650716787/domains/api.mariotstore.com/nodejs/node_modules/cors/lib/index.js:199:9)\n    at corsMiddleware (/home/u650716787/domains/api.mariotstore.com/nodejs/node_modules/cors/lib/index.js:204:7)\n    at Layer.handleRequest (/home/u650716787/domains/api.mariotstore.com/nodejs/node_modules/router/lib/layer.js:152:17)\n    at trimPrefix (/home/u650716787/domains/api.mariotstore.com/nodejs/node_modules/router/index.js:342:13)\n    at /home/u650716787/domains/api.mariotstore.com/nodejs/node_modules/router/index.js:297:9\n    at processParams (/home/u650716787/domains/api.mariotstore.com/nodejs/node_modules/router/index.js:582:12)\n    at next (/home/u650716787/domains/api.mariotstore.com/nodejs/node_modules/router/index.js:291:5)\n    at hpp (/home/u650716787/domains/api.mariotstore.com/nodejs/node_modules/hpp/lib/index.js:146:9)\n    at Layer.handleRequest (/home/u650716787/domains/api.mariotstore.com/nodejs/node_modules/router/lib/layer.js:152:17)\n    at trimPrefix (/home/u650716787/domains/api.mariotstore.com/nodejs/node_modules/router/index.js:342:13)\n    at /home/u650716787/domains/api.mariotstore.com/nodejs/node_modules/router/index.js:297:9\n    at processParams (/home/u650716787/domains/api.mariotstore.com/nodejs/node_modules/router/index.js:582:12)\n    at next (/home/u650716787/domains/api.mariotstore.com/nodejs/node_modules/router/index.js:291:5)\n    at internalNext (/home/u650716787/domains/api.mariotstore.com/nodejs/node_modules/helmet/index.cjs:531:6)"}
{"timestamp":"2026-06-22T19:27:27.335Z","level":"WARN","message":"[CORS] Rejected origin: https://lightyellow-mole-122406.hostingersite.com"}
{"timestamp":"2026-06-22T19:27:27.335Z","level":"ERROR","message":"[ERROR] GET /api/v1/products?is_featured=1&limit=6&status=active"}
{"timestamp":"2026-06-22T19:27:27.336Z","level":"ERROR","message":"Error: Not allowed by CORS\n    at origin (/home/u650716787/domains/api.mariotstore.com/nodejs/app.js:118:22)\n    at /home/u650716787/domains/api.mariotstore.com/nodejs/node_modules/cors/lib/index.js:219:13\n    at optionsCallback (/home/u650716787/domains/api.mariotstore.com/nodejs/node_modules/cors/lib/index.js:199:9)\n    at corsMiddleware (/home/u650716787/domains/api.mariotstore.com/nodejs/node_modules/cors/lib/index.js:204:7)\n    at Layer.handleRequest (/home/u650716787/domains/api.mariotstore.com/nodejs/node_modules/router/lib/layer.js:152:17)\n    at trimPrefix (/home/u650716787/domains/api.mariotstore.com/nodejs/node_modules/router/index.js:342:13)\n    at /home/u650716787/domains/api.mariotstore.com/nodejs/node_modules/router/index.js:297:9\n    at processParams (/home/u650716787/domains/api.mariotstore.com/nodejs/node_modules/router/index.js:582:12)\n    at next (/home/u650716787/domains/api.mariotstore.com/nodejs/node_modules/router/index.js:291:5)\n    at hpp (/home/u650716787/domains/api.mariotstore.com/nodejs/node_modules/hpp/lib/index.js:146:9)\n    at Layer.handleRequest (/home/u650716787/domains/api.mariotstore.com/nodejs/node_modules/router/lib/layer.js:152:17)\n    at trimPrefix (/home/u650716787/domains/api.mariotstore.com/nodejs/node_modules/router/index.js:342:13)\n    at /home/u650716787/domains/api.mariotstore.com/nodejs/node_modules/router/index.js:297:9\n    at processParams (/home/u650716787/domains/api.mariotstore.com/nodejs/node_modules/router/index.js:582:12)\n    at next (/home/u650716787/domains/api.mariotstore.com/nodejs/node_modules/router/index.js:291:5)\n    at internalNext (/home/u650716787/domains/api.mariotstore.com/nodejs/node_modules/helmet/index.cjs:531:6)"}
{"timestamp":"2026-06-22T19:27:27.522Z","level":"WARN","message":"[CORS] Rejected origin: https://lightyellow-mole-122406.hostingersite.com"}
{"timestamp":"2026-06-22T19:27:27.522Z","level":"ERROR","message":"[ERROR] GET /api/v1/products?limit=6&status=active"}
{"timestamp":"2026-06-22T19:27:27.522Z","level":"ERROR","message":"Error: Not allowed by CORS\n    at origin (/home/u650716787/domains/api.mariotstore.com/nodejs/app.js:118:22)\n    at /home/u650716787/domains/api.mariotstore.com/nodejs/node_modules/cors/lib/index.js:219:13\n    at optionsCallback (/home/u650716787/domains/api.mariotstore.com/nodejs/node_modules/cors/lib/index.js:199:9)\n    at corsMiddleware (/home/u650716787/domains/api.mariotstore.com/nodejs/node_modules/cors/lib/index.js:204:7)\n    at Layer.handleRequest (/home/u650716787/domains/api.mariotstore.com/nodejs/node_modules/router/lib/layer.js:152:17)\n    at trimPrefix (/home/u650716787/domains/api.mariotstore.com/nodejs/node_modules/router/index.js:342:13)\n    at /home/u650716787/domains/api.mariotstore.com/nodejs/node_modules/router/index.js:297:9\n    at processParams (/home/u650716787/domains/api.mariotstore.com/nodejs/node_modules/router/index.js:582:12)\n    at next (/home/u650716787/domains/api.mariotstore.com/nodejs/node_modules/router/index.js:291:5)\n    at hpp (/home/u650716787/domains/api.mariotstore.com/nodejs/node_modules/hpp/lib/index.js:146:9)\n    at Layer.handleRequest (/home/u650716787/domains/api.mariotstore.com/nodejs/node_modules/router/lib/layer.js:152:17)\n    at trimPrefix (/home/u650716787/domains/api.mariotstore.com/nodejs/node_modules/router/index.js:342:13)\n    at /home/u650716787/domains/api.mariotstore.com/nodejs/node_modules/router/index.js:297:9\n    at processParams (/home/u650716787/domains/api.mariotstore.com/nodejs/node_modules/router/index.js:582:12)\n    at next (/home/u650716787/domains/api.mariotstore.com/nodejs/node_modules/router/index.js:291:5)\n    at internalNext (/home/u650716787/domains/api.mariotstore.com/nodejs/node_modules/helmet/index.cjs:531:6)"}
{"timestamp":"2026-06-22T19:27:29.982Z","level":"WARN","message":"[CORS] Rejected origin: https://lightyellow-mole-122406.hostingersite.com"}
{"timestamp":"2026-06-22T19:27:29.982Z","level":"ERROR","message":"[ERROR] GET /api/v1/cms/homepage"}
{"timestamp":"2026-06-22T19:27:29.982Z","level":"ERROR","message":"Error: Not allowed by CORS\n    at origin (/home/u650716787/domains/api.mariotstore.com/nodejs/app.js:118:22)\n    at /home/u650716787/domains/api.mariotstore.com/nodejs/node_modules/cors/lib/index.js:219:13\n    at optionsCallback (/home/u650716787/domains/api.mariotstore.com/nodejs/node_modules/cors/lib/index.js:199:9)\n    at corsMiddleware (/home/u650716787/domains/api.mariotstore.com/nodejs/node_modules/cors/lib/index.js:204:7)\n    at Layer.handleRequest (/home/u650716787/domains/api.mariotstore.com/nodejs/node_modules/router/lib/layer.js:152:17)\n    at trimPrefix (/home/u650716787/domains/api.mariotstore.com/nodejs/node_modules/router/index.js:342:13)\n    at /home/u650716787/domains/api.mariotstore.com/nodejs/node_modules/router/index.js:297:9\n    at processParams (/home/u650716787/domains/api.mariotstore.com/nodejs/node_modules/router/index.js:582:12)\n    at next (/home/u650716787/domains/api.mariotstore.com/nodejs/node_modules/router/index.js:291:5)\n    at hpp (/home/u650716787/domains/api.mariotstore.com/nodejs/node_modules/hpp/lib/index.js:146:9)\n    at Layer.handleRequest (/home/u650716787/domains/api.mariotstore.com/nodejs/node_modules/router/lib/layer.js:152:17)\n    at trimPrefix (/home/u650716787/domains/api.mariotstore.com/nodejs/node_modules/router/index.js:342:13)\n    at /home/u650716787/domains/api.mariotstore.com/nodejs/node_modules/router/index.js:297:9\n    at processParams (/home/u650716787/domains/api.mariotstore.com/nodejs/node_modules/router/index.js:582:12)\n    at next (/home/u650716787/domains/api.mariotstore.com/nodejs/node_modules/router/index.js:291:5)\n    at internalNext (/home/u650716787/domains/api.mariotstore.com/nodejs/node_modules/helmet/index.cjs:531:6)"}
{"timestamp":"2026-06-22T19:27:56.796Z","level":"WARN","message":"[CORS] Rejected origin: https://lightyellow-mole-122406.hostingersite.com"}
{"timestamp":"2026-06-22T19:27:56.796Z","level":"ERROR","message":"[ERROR] GET /api/v1/products?is_weekly_deal=true"}
{"timestamp":"2026-06-22T19:27:56.796Z","level":"ERROR","message":"Error: Not allowed by CORS\n    at origin (/home/u650716787/domains/api.mariotstore.com/nodejs/app.js:118:22)\n    at /home/u650716787/domains/api.mariotstore.com/nodejs/node_modules/cors/lib/index.js:219:13\n    at optionsCallback (/home/u650716787/domains/api.mariotstore.com/nodejs/node_modules/cors/lib/index.js:199:9)\n    at corsMiddleware (/home/u650716787/domains/api.mariotstore.com/nodejs/node_modules/cors/lib/index.js:204:7)\n    at Layer.handleRequest (/home/u650716787/domains/api.mariotstore.com/nodejs/node_modules/router/lib/layer.js:152:17)\n    at trimPrefix (/home/u650716787/domains/api.mariotstore.com/nodejs/node_modules/router/index.js:342:13)\n    at /home/u650716787/domains/api.mariotstore.com/nodejs/node_modules/router/index.js:297:9\n    at processParams (/home/u650716787/domains/api.mariotstore.com/nodejs/node_modules/router/index.js:582:12)\n    at next (/home/u650716787/domains/api.mariotstore.com/nodejs/node_modules/router/index.js:291:5)\n    at hpp (/home/u650716787/domains/api.mariotstore.com/nodejs/node_modules/hpp/lib/index.js:146:9)\n    at Layer.handleRequest (/home/u650716787/domains/api.mariotstore.com/nodejs/node_modules/router/lib/layer.js:152:17)\n    at trimPrefix (/home/u650716787/domains/api.mariotstore.com/nodejs/node_modules/router/index.js:342:13)\n    at /home/u650716787/domains/api.mariotstore.com/nodejs/node_modules/router/index.js:297:9\n    at processParams (/home/u650716787/domains/api.mariotstore.com/nodejs/node_modules/router/index.js:582:12)\n    at next (/home/u650716787/domains/api.mariotstore.com/nodejs/node_modules/router/index.js:291:5)\n    at internalNext (/home/u650716787/domains/api.mariotstore.com/nodejs/node_modules/helmet/index.cjs:531:6)"}
{"timestamp":"2026-06-22T19:27:56.799Z","level":"WARN","message":"[CORS] Rejected origin: https://lightyellow-mole-122406.hostingersite.com"}
{"timestamp":"2026-06-22T19:27:56.799Z","level":"ERROR","message":"[ERROR] GET /api/v1/products?is_limited_offer=true&limit=7"}
{"timestamp":"2026-06-22T19:27:56.799Z","level":"ERROR","message":"Error: Not allowed by CORS\n    at origin (/home/u650716787/domains/api.mariotstore.com/nodejs/app.js:118:22)\n    at /home/u650716787/domains/api.mariotstore.com/nodejs/node_modules/cors/lib/index.js:219:13\n    at optionsCallback (/home/u650716787/domains/api.mariotstore.com/nodejs/node_modules/cors/lib/index.js:199:9)\n    at corsMiddleware (/home/u650716787/domains/api.mariotstore.com/nodejs/node_modules/cors/lib/index.js:204:7)\n    at Layer.handleRequest (/home/u650716787/domains/api.mariotstore.com/nodejs/node_modules/router/lib/layer.js:152:17)\n    at trimPrefix (/home/u650716787/domains/api.mariotstore.com/nodejs/node_modules/router/index.js:342:13)\n    at /home/u650716787/domains/api.mariotstore.com/nodejs/node_modules/router/index.js:297:9\n    at processParams (/home/u650716787/domains/api.mariotstore.com/nodejs/node_modules/router/index.js:582:12)\n    at next (/home/u650716787/domains/api.mariotstore.com/nodejs/node_modules/router/index.js:291:5)\n    at hpp (/home/u650716787/domains/api.mariotstore.com/nodejs/node_modules/hpp/lib/index.js:146:9)\n    at Layer.handleRequest (/home/u650716787/domains/api.mariotstore.com/nodejs/node_modules/router/lib/layer.js:152:17)\n    at trimPrefix (/home/u650716787/domains/api.mariotstore.com/nodejs/node_modules/router/index.js:342:13)\n    at /home/u650716787/domains/api.mariotstore.com/nodejs/node_modules/router/index.js:297:9\n    at processParams (/home/u650716787/domains/api.mariotstore.com/nodejs/node_modules/router/index.js:582:12)\n    at next (/home/u650716787/domains/api.mariotstore.com/nodejs/node_modules/router/index.js:291:5)\n    at internalNext (/home/u650716787/domains/api.mariotstore.com/nodejs/node_modules/helmet/index.cjs:531:6)"}
{"timestamp":"2026-06-22T19:28:05.535Z","level":"WARN","message":"[CORS] Rejected origin: https://lightyellow-mole-122406.hostingersite.com"}
{"timestamp":"2026-06-22T19:28:05.535Z","level":"ERROR","message":"[ERROR] GET /api/v1/cms/promotions/active?page=home"}
{"timestamp":"2026-06-22T19:28:05.535Z","level":"ERROR","message":"Error: Not allowed by CORS\n    at origin (/home/u650716787/domains/api.mariotstore.com/nodejs/app.js:118:22)\n    at /home/u650716787/domains/api.mariotstore.com/nodejs/node_modules/cors/lib/index.js:219:13\n    at optionsCallback (/home/u650716787/domains/api.mariotstore.com/nodejs/node_modules/cors/lib/index.js:199:9)\n    at corsMiddleware (/home/u650716787/domains/api.mariotstore.com/nodejs/node_modules/cors/lib/index.js:204:7)\n    at Layer.handleRequest (/home/u650716787/domains/api.mariotstore.com/nodejs/node_modules/router/lib/layer.js:152:17)\n    at trimPrefix (/home/u650716787/domains/api.mariotstore.com/nodejs/node_modules/router/index.js:342:13)\n    at /home/u650716787/domains/api.mariotstore.com/nodejs/node_modules/router/index.js:297:9\n    at processParams (/home/u650716787/domains/api.mariotstore.com/nodejs/node_modules/router/index.js:582:12)\n    at next (/home/u650716787/domains/api.mariotstore.com/nodejs/node_modules/router/index.js:291:5)\n    at hpp (/home/u650716787/domains/api.mariotstore.com/nodejs/node_modules/hpp/lib/index.js:146:9)\n    at Layer.handleRequest (/home/u650716787/domains/api.mariotstore.com/nodejs/node_modules/router/lib/layer.js:152:17)\n    at trimPrefix (/home/u650716787/domains/api.mariotstore.com/nodejs/node_modules/router/index.js:342:13)\n    at /home/u650716787/domains/api.mariotstore.com/nodejs/node_modules/router/index.js:297:9\n    at processParams (/home/u650716787/domains/api.mariotstore.com/nodejs/node_modules/router/index.js:582:12)\n    at next (/home/u650716787/domains/api.mariotstore.com/nodejs/node_modules/router/index.js:291:5)\n    at internalNext (/home/u650716787/domains/api.mariotstore.com/nodejs/node_modules/helmet/index.cjs:531:6)"}
{"timestamp":"2026-06-22T19:28:26.768Z","level":"WARN","message":"[CORS] Rejected origin: https://lightyellow-mole-122406.hostingersite.com"}
{"timestamp":"2026-06-22T19:28:26.768Z","level":"ERROR","message":"[ERROR] GET /api/v1/products?is_weekly_deal=true"}
{"timestamp":"2026-06-22T19:28:26.769Z","level":"ERROR","message":"Error: Not allowed by CORS\n    at origin (/home/u650716787/domains/api.mariotstore.com/nodejs/app.js:118:22)\n    at /home/u650716787/domains/api.mariotstore.com/nodejs/node_modules/cors/lib/index.js:219:13\n    at optionsCallback (/home/u650716787/domains/api.mariotstore.com/nodejs/node_modules/cors/lib/index.js:199:9)\n    at corsMiddleware (/home/u650716787/domains/api.mariotstore.com/nodejs/node_modules/cors/lib/index.js:204:7)\n    at Layer.handleRequest (/home/u650716787/domains/api.mariotstore.com/nodejs/node_modules/router/lib/layer.js:152:17)\n    at trimPrefix (/home/u650716787/domains/api.mariotstore.com/nodejs/node_modules/router/index.js:342:13)\n    at /home/u650716787/domains/api.mariotstore.com/nodejs/node_modules/router/index.js:297:9\n    at processParams (/home/u650716787/domains/api.mariotstore.com/nodejs/node_modules/router/index.js:582:12)\n    at next (/home/u650716787/domains/api.mariotstore.com/nodejs/node_modules/router/index.js:291:5)\n    at hpp (/home/u650716787/domains/api.mariotstore.com/nodejs/node_modules/hpp/lib/index.js:146:9)\n    at Layer.handleRequest (/home/u650716787/domains/api.mariotstore.com/nodejs/node_modules/router/lib/layer.js:152:17)\n    at trimPrefix (/home/u650716787/domains/api.mariotstore.com/nodejs/node_modules/router/index.js:342:13)\n    at /home/u650716787/domains/api.mariotstore.com/nodejs/node_modules/router/index.js:297:9\n    at processParams (/home/u650716787/domains/api.mariotstore.com/nodejs/node_modules/router/index.js:582:12)\n    at next (/home/u650716787/domains/api.mariotstore.com/nodejs/node_modules/router/index.js:291:5)\n    at internalNext (/home/u650716787/domains/api.mariotstore.com/nodejs/node_modules/helmet/index.cjs:531:6)"}
{"timestamp":"2026-06-22T19:28:27.116Z","level":"WARN","message":"[CORS] Rejected origin: https://lightyellow-mole-122406.hostingersite.com"}
{"timestamp":"2026-06-22T19:28:27.116Z","level":"ERROR","message":"[ERROR] GET /api/v1/products?is_limited_offer=true&limit=7"}
{"timestamp":"2026-06-22T19:28:27.116Z","level":"ERROR","message":"Error: Not allowed by CORS\n    at origin (/home/u650716787/domains/api.mariotstore.com/nodejs/app.js:118:22)\n    at /home/u650716787/domains/api.mariotstore.com/nodejs/node_modules/cors/lib/index.js:219:13\n    at optionsCallback (/home/u650716787/domains/api.mariotstore.com/nodejs/node_modules/cors/lib/index.js:199:9)\n    at corsMiddleware (/home/u650716787/domains/api.mariotstore.com/nodejs/node_modules/cors/lib/index.js:204:7)\n    at Layer.handleRequest (/home/u650716787/domains/api.mariotstore.com/nodejs/node_modules/router/lib/layer.js:152:17)\n    at trimPrefix (/home/u650716787/domains/api.mariotstore.com/nodejs/node_modules/router/index.js:342:13)\n    at /home/u650716787/domains/api.mariotstore.com/nodejs/node_modules/router/index.js:297:9\n    at processParams (/home/u650716787/domains/api.mariotstore.com/nodejs/node_modules/router/index.js:582:12)\n    at next (/home/u650716787/domains/api.mariotstore.com/nodejs/node_modules/router/index.js:291:5)\n    at hpp (/home/u650716787/domains/api.mariotstore.com/nodejs/node_modules/hpp/lib/index.js:146:9)\n    at Layer.handleRequest (/home/u650716787/domains/api.mariotstore.com/nodejs/node_modules/router/lib/layer.js:152:17)\n    at trimPrefix (/home/u650716787/domains/api.mariotstore.com/nodejs/node_modules/router/index.js:342:13)\n    at /home/u650716787/domains/api.mariotstore.com/nodejs/node_modules/router/index.js:297:9\n    at processParams (/home/u650716787/domains/api.mariotstore.com/nodejs/node_modules/router/index.js:582:12)\n    at next (/home/u650716787/domains/api.mariotstore.com/nodejs/node_modules/router/index.js:291:5)\n    at internalNext (/home/u650716787/domains/api.mariotstore.com/nodejs/node_modules/helmet/index.cjs:531:6)"}
{"timestamp":"2026-06-22T19:28:56.772Z","level":"WARN","message":"[CORS] Rejected origin: https://lightyellow-mole-122406.hostingersite.com"}
{"timestamp":"2026-06-22T19:28:56.772Z","level":"ERROR","message":"[ERROR] GET /api/v1/products?is_weekly_deal=true"}
{"timestamp":"2026-06-22T19:28:56.772Z","level":"ERROR","message":"Error: Not allowed by CORS\n    at origin (/home/u650716787/domains/api.mariotstore.com/nodejs/app.js:118:22)\n    at /home/u650716787/domains/api.mariotstore.com/nodejs/node_modules/cors/lib/index.js:219:13\n    at optionsCallback (/home/u650716787/domains/api.mariotstore.com/nodejs/node_modules/cors/lib/index.js:199:9)\n    at corsMiddleware (/home/u650716787/domains/api.mariotstore.com/nodejs/node_modules/cors/lib/index.js:204:7)\n    at Layer.handleRequest (/home/u650716787/domains/api.mariotstore.com/nodejs/node_modules/router/lib/layer.js:152:17)\n    at trimPrefix (/home/u650716787/domains/api.mariotstore.com/nodejs/node_modules/router/index.js:342:13)\n    at /home/u650716787/domains/api.mariotstore.com/nodejs/node_modules/router/index.js:297:9\n    at processParams (/home/u650716787/domains/api.mariotstore.com/nodejs/node_modules/router/index.js:582:12)\n    at next (/home/u650716787/domains/api.mariotstore.com/nodejs/node_modules/router/index.js:291:5)\n    at hpp (/home/u650716787/domains/api.mariotstore.com/nodejs/node_modules/hpp/lib/index.js:146:9)\n    at Layer.handleRequest (/home/u650716787/domains/api.mariotstore.com/nodejs/node_modules/router/lib/layer.js:152:17)\n    at trimPrefix (/home/u650716787/domains/api.mariotstore.com/nodejs/node_modules/router/index.js:342:13)\n    at /home/u650716787/domains/api.mariotstore.com/nodejs/node_modules/router/index.js:297:9\n    at processParams (/home/u650716787/domains/api.mariotstore.com/nodejs/node_modules/router/index.js:582:12)\n    at next (/home/u650716787/domains/api.mariotstore.com/nodejs/node_modules/router/index.js:291:5)\n    at internalNext (/home/u650716787/domains/api.mariotstore.com/nodejs/node_modules/helmet/index.cjs:531:6)"}
{"timestamp":"2026-06-22T19:28:56.773Z","level":"WARN","message":"[CORS] Rejected origin: https://lightyellow-mole-122406.hostingersite.com"}
{"timestamp":"2026-06-22T19:28:56.773Z","level":"ERROR","message":"[ERROR] GET /api/v1/products?is_limited_offer=true&limit=7"}
{"timestamp":"2026-06-22T19:28:56.773Z","level":"ERROR","message":"Error: Not allowed by CORS\n    at origin (/home/u650716787/domains/api.mariotstore.com/nodejs/app.js:118:22)\n    at /home/u650716787/domains/api.mariotstore.com/nodejs/node_modules/cors/lib/index.js:219:13\n    at optionsCallback (/home/u650716787/domains/api.mariotstore.com/nodejs/node_modules/cors/lib/index.js:199:9)\n    at corsMiddleware (/home/u650716787/domains/api.mariotstore.com/nodejs/node_modules/cors/lib/index.js:204:7)\n    at Layer.handleRequest (/home/u650716787/domains/api.mariotstore.com/nodejs/node_modules/router/lib/layer.js:152:17)\n    at trimPrefix (/home/u650716787/domains/api.mariotstore.com/nodejs/node_modules/router/index.js:342:13)\n    at /home/u650716787/domains/api.mariotstore.com/nodejs/node_modules/router/index.js:297:9\n    at processParams (/home/u650716787/domains/api.mariotstore.com/nodejs/node_modules/router/index.js:582:12)\n    at next (/home/u650716787/domains/api.mariotstore.com/nodejs/node_modules/router/index.js:291:5)\n    at hpp (/home/u650716787/domains/api.mariotstore.com/nodejs/node_modules/hpp/lib/index.js:146:9)\n    at Layer.handleRequest (/home/u650716787/domains/api.mariotstore.com/nodejs/node_modules/router/lib/layer.js:152:17)\n    at trimPrefix (/home/u650716787/domains/api.mariotstore.com/nodejs/node_modules/router/index.js:342:13)\n    at /home/u650716787/domains/api.mariotstore.com/nodejs/node_modules/router/index.js:297:9\n    at processParams (/home/u650716787/domains/api.mariotstore.com/nodejs/node_modules/router/index.js:582:12)\n    at next (/home/u650716787/domains/api.mariotstore.com/nodejs/node_modules/router/index.js:291:5)\n    at internalNext (/home/u650716787/domains/api.mariotstore.com/nodejs/node_modules/helmet/index.cjs:531:6)"}
{"timestamp":"2026-06-22T19:29:26.844Z","level":"WARN","message":"[CORS] Rejected origin: https://lightyellow-mole-122406.hostingersite.com"}
{"timestamp":"2026-06-22T19:29:26.844Z","level":"ERROR","message":"[ERROR] GET /api/v1/products?is_weekly_deal=true"}
{"timestamp":"2026-06-22T19:29:26.844Z","level":"ERROR","message":"Error: Not allowed by CORS\n    at origin (/home/u650716787/domains/api.mariotstore.com/nodejs/app.js:118:22)\n    at /home/u650716787/domains/api.mariotstore.com/nodejs/node_modules/cors/lib/index.js:219:13\n    at optionsCallback (/home/u650716787/domains/api.mariotstore.com/nodejs/node_modules/cors/lib/index.js:199:9)\n    at corsMiddleware (/home/u650716787/domains/api.mariotstore.com/nodejs/node_modules/cors/lib/index.js:204:7)\n    at Layer.handleRequest (/home/u650716787/domains/api.mariotstore.com/nodejs/node_modules/router/lib/layer.js:152:17)\n    at trimPrefix (/home/u650716787/domains/api.mariotstore.com/nodejs/node_modules/router/index.js:342:13)\n    at /home/u650716787/domains/api.mariotstore.com/nodejs/node_modules/router/index.js:297:9\n    at processParams (/home/u650716787/domains/api.mariotstore.com/nodejs/node_modules/router/index.js:582:12)\n    at next (/home/u650716787/domains/api.mariotstore.com/nodejs/node_modules/router/index.js:291:5)\n    at hpp (/home/u650716787/domains/api.mariotstore.com/nodejs/node_modules/hpp/lib/index.js:146:9)\n    at Layer.handleRequest (/home/u650716787/domains/api.mariotstore.com/nodejs/node_modules/router/lib/layer.js:152:17)\n    at trimPrefix (/home/u650716787/domains/api.mariotstore.com/nodejs/node_modules/router/index.js:342:13)\n    at /home/u650716787/domains/api.mariotstore.com/nodejs/node_modules/router/index.js:297:9\n    at processParams (/home/u650716787/domains/api.mariotstore.com/nodejs/node_modules/router/index.js:582:12)\n    at next (/home/u650716787/domains/api.mariotstore.com/nodejs/node_modules/router/index.js:291:5)\n    at internalNext (/home/u650716787/domains/api.mariotstore.com/nodejs/node_modules/helmet/index.cjs:531:6)"}
{"timestamp":"2026-06-22T19:29:27.195Z","level":"WARN","message":"[CORS] Rejected origin: https://lightyellow-mole-122406.hostingersite.com"}
{"timestamp":"2026-06-22T19:29:27.195Z","level":"ERROR","message":"[ERROR] GET /api/v1/products?is_limited_offer=true&limit=7"}
{"timestamp":"2026-06-22T19:29:27.195Z","level":"ERROR","message":"Error: Not allowed by CORS\n    at origin (/home/u650716787/domains/api.mariotstore.com/nodejs/app.js:118:22)\n    at /home/u650716787/domains/api.mariotstore.com/nodejs/node_modules/cors/lib/index.js:219:13\n    at optionsCallback (/home/u650716787/domains/api.mariotstore.com/nodejs/node_modules/cors/lib/index.js:199:9)\n    at corsMiddleware (/home/u650716787/domains/api.mariotstore.com/nodejs/node_modules/cors/lib/index.js:204:7)\n    at Layer.handleRequest (/home/u650716787/domains/api.mariotstore.com/nodejs/node_modules/router/lib/layer.js:152:17)\n    at trimPrefix (/home/u650716787/domains/api.mariotstore.com/nodejs/node_modules/router/index.js:342:13)\n    at /home/u650716787/domains/api.mariotstore.com/nodejs/node_modules/router/index.js:297:9\n    at processParams (/home/u650716787/domains/api.mariotstore.com/nodejs/node_modules/router/index.js:582:12)\n    at next (/home/u650716787/domains/api.mariotstore.com/nodejs/node_modules/router/index.js:291:5)\n    at hpp (/home/u650716787/domains/api.mariotstore.com/nodejs/node_modules/hpp/lib/index.js:146:9)\n    at Layer.handleRequest (/home/u650716787/domains/api.mariotstore.com/nodejs/node_modules/router/lib/layer.js:152:17)\n    at trimPrefix (/home/u650716787/domains/api.mariotstore.com/nodejs/node_modules/router/index.js:342:13)\n    at /home/u650716787/domains/api.mariotstore.com/nodejs/node_modules/router/index.js:297:9\n    at processParams (/home/u650716787/domains/api.mariotstore.com/nodejs/node_modules/router/index.js:582:12)\n    at next (/home/u650716787/domains/api.mariotstore.com/nodejs/node_modules/router/index.js:291:5)\n    at internalNext (/home/u650716787/domains/api.mariotstore.com/nodejs/node_modules/helmet/index.cjs:531:6)"}
{"timestamp":"2026-06-22T19:29:41.031Z","level":"LOG","message":"GET PRODUCTS QUERY: {\"is_featured\":\"1\",\"limit\":\"6\",\"status\":\"active\"}"}
{"timestamp":"2026-06-22T19:29:45.477Z","level":"LOG","message":"GET PRODUCTS QUERY: {\"page\":\"1\",\"limit\":\"24\",\"brand\":\"sab\"}"}
{"timestamp":"2026-06-22T19:29:46.136Z","level":"LOG","message":"GET PRODUCTS QUERY: {\"is_featured\":\"1\",\"limit\":\"6\",\"status\":\"active\"}"}
{"timestamp":"2026-06-22T19:29:46.321Z","level":"LOG","message":"GET PRODUCTS QUERY: {\"page\":\"1\",\"limit\":\"24\",\"brand\":\"sab\"}"}
{"timestamp":"2026-06-22T19:29:56.787Z","level":"WARN","message":"[CORS] Rejected origin: https://lightyellow-mole-122406.hostingersite.com"}
{"timestamp":"2026-06-22T19:29:56.787Z","level":"ERROR","message":"[ERROR] GET /api/v1/products?is_limited_offer=true&limit=7"}
{"timestamp":"2026-06-22T19:29:56.787Z","level":"ERROR","message":"Error: Not allowed by CORS\n    at origin (/home/u650716787/domains/api.mariotstore.com/nodejs/app.js:118:22)\n    at /home/u650716787/domains/api.mariotstore.com/nodejs/node_modules/cors/lib/index.js:219:13\n    at optionsCallback (/home/u650716787/domains/api.mariotstore.com/nodejs/node_modules/cors/lib/index.js:199:9)\n    at corsMiddleware (/home/u650716787/domains/api.mariotstore.com/nodejs/node_modules/cors/lib/index.js:204:7)\n    at Layer.handleRequest (/home/u650716787/domains/api.mariotstore.com/nodejs/node_modules/router/lib/layer.js:152:17)\n    at trimPrefix (/home/u650716787/domains/api.mariotstore.com/nodejs/node_modules/router/index.js:342:13)\n    at /home/u650716787/domains/api.mariotstore.com/nodejs/node_modules/router/index.js:297:9\n    at processParams (/home/u650716787/domains/api.mariotstore.com/nodejs/node_modules/router/index.js:582:12)\n    at next (/home/u650716787/domains/api.mariotstore.com/nodejs/node_modules/router/index.js:291:5)\n    at hpp (/home/u650716787/domains/api.mariotstore.com/nodejs/node_modules/hpp/lib/index.js:146:9)\n    at Layer.handleRequest (/home/u650716787/domains/api.mariotstore.com/nodejs/node_modules/router/lib/layer.js:152:17)\n    at trimPrefix (/home/u650716787/domains/api.mariotstore.com/nodejs/node_modules/router/index.js:342:13)\n    at /home/u650716787/domains/api.mariotstore.com/nodejs/node_modules/router/index.js:297:9\n    at processParams (/home/u650716787/domains/api.mariotstore.com/nodejs/node_modules/router/index.js:582:12)\n    at next (/home/u650716787/domains/api.mariotstore.com/nodejs/node_modules/router/index.js:291:5)\n    at internalNext (/home/u650716787/domains/api.mariotstore.com/nodejs/node_modules/helmet/index.cjs:531:6)"}
{"timestamp":"2026-06-22T19:29:56.788Z","level":"WARN","message":"[CORS] Rejected origin: https://lightyellow-mole-122406.hostingersite.com"}
{"timestamp":"2026-06-22T19:29:56.788Z","level":"ERROR","message":"[ERROR] GET /api/v1/products?is_weekly_deal=true"}
{"timestamp":"2026-06-22T19:29:56.788Z","level":"ERROR","message":"Error: Not allowed by CORS\n    at origin (/home/u650716787/domains/api.mariotstore.com/nodejs/app.js:118:22)\n    at /home/u650716787/domains/api.mariotstore.com/nodejs/node_modules/cors/lib/index.js:219:13\n    at optionsCallback (/home/u650716787/domains/api.mariotstore.com/nodejs/node_modules/cors/lib/index.js:199:9)\n    at corsMiddleware (/home/u650716787/domains/api.mariotstore.com/nodejs/node_modules/cors/lib/index.js:204:7)\n    at Layer.handleRequest (/home/u650716787/domains/api.mariotstore.com/nodejs/node_modules/router/lib/layer.js:152:17)\n    at trimPrefix (/home/u650716787/domains/api.mariotstore.com/nodejs/node_modules/router/index.js:342:13)\n    at /home/u650716787/domains/api.mariotstore.com/nodejs/node_modules/router/index.js:297:9\n    at processParams (/home/u650716787/domains/api.mariotstore.com/nodejs/node_modules/router/index.js:582:12)\n    at next (/home/u650716787/domains/api.mariotstore.com/nodejs/node_modules/router/index.js:291:5)\n    at hpp (/home/u650716787/domains/api.mariotstore.com/nodejs/node_modules/hpp/lib/index.js:146:9)\n    at Layer.handleRequest (/home/u650716787/domains/api.mariotstore.com/nodejs/node_modules/router/lib/layer.js:152:17)\n    at trimPrefix (/home/u650716787/domains/api.mariotstore.com/nodejs/node_modules/router/index.js:342:13)\n    at /home/u650716787/domains/api.mariotstore.com/nodejs/node_modules/router/index.js:297:9\n    at processParams (/home/u650716787/domains/api.mariotstore.com/nodejs/node_modules/router/index.js:582:12)\n    at next (/home/u650716787/domains/api.mariotstore.com/nodejs/node_modules/router/index.js:291:5)\n    at internalNext (/home/u650716787/domains/api.mariotstore.com/nodejs/node_modules/helmet/index.cjs:531:6)"}
{"timestamp":"2026-06-22T19:30:09.121Z","level":"LOG","message":"GET PRODUCTS QUERY: {\"is_featured\":\"1\",\"limit\":\"6\",\"status\":\"active\"}"}
{"timestamp":"2026-06-22T19:30:09.265Z","level":"LOG","message":"GET PRODUCTS QUERY: {\"page\":\"1\",\"limit\":\"24\",\"brand\":\"sab\"}"}
{"timestamp":"2026-06-22T19:30:26.792Z","level":"WARN","message":"[CORS] Rejected origin: https://lightyellow-mole-122406.hostingersite.com"}
{"timestamp":"2026-06-22T19:30:26.792Z","level":"ERROR","message":"[ERROR] GET /api/v1/products?is_weekly_deal=true"}
{"timestamp":"2026-06-22T19:30:26.792Z","level":"ERROR","message":"Error: Not allowed by CORS\n    at origin (/home/u650716787/domains/api.mariotstore.com/nodejs/app.js:118:22)\n    at /home/u650716787/domains/api.mariotstore.com/nodejs/node_modules/cors/lib/index.js:219:13\n    at optionsCallback (/home/u650716787/domains/api.mariotstore.com/nodejs/node_modules/cors/lib/index.js:199:9)\n    at corsMiddleware (/home/u650716787/domains/api.mariotstore.com/nodejs/node_modules/cors/lib/index.js:204:7)\n    at Layer.handleRequest (/home/u650716787/domains/api.mariotstore.com/nodejs/node_modules/router/lib/layer.js:152:17)\n    at trimPrefix (/home/u650716787/domains/api.mariotstore.com/nodejs/node_modules/router/index.js:342:13)\n    at /home/u650716787/domains/api.mariotstore.com/nodejs/node_modules/router/index.js:297:9\n    at processParams (/home/u650716787/domains/api.mariotstore.com/nodejs/node_modules/router/index.js:582:12)\n    at next (/home/u650716787/domains/api.mariotstore.com/nodejs/node_modules/router/index.js:291:5)\n    at hpp (/home/u650716787/domains/api.mariotstore.com/nodejs/node_modules/hpp/lib/index.js:146:9)\n    at Layer.handleRequest (/home/u650716787/domains/api.mariotstore.com/nodejs/node_modules/router/lib/layer.js:152:17)\n    at trimPrefix (/home/u650716787/domains/api.mariotstore.com/nodejs/node_modules/router/index.js:342:13)\n    at /home/u650716787/domains/api.mariotstore.com/nodejs/node_modules/router/index.js:297:9\n    at processParams (/home/u650716787/domains/api.mariotstore.com/nodejs/node_modules/router/index.js:582:12)\n    at next (/home/u650716787/domains/api.mariotstore.com/nodejs/node_modules/router/index.js:291:5)\n    at internalNext (/home/u650716787/domains/api.mariotstore.com/nodejs/node_modules/helmet/index.cjs:531:6)"}
{"timestamp":"2026-06-22T19:30:27.145Z","level":"WARN","message":"[CORS] Rejected origin: https://lightyellow-mole-122406.hostingersite.com"}
{"timestamp":"2026-06-22T19:30:27.145Z","level":"ERROR","message":"[ERROR] GET /api/v1/products?is_limited_offer=true&limit=7"}
{"timestamp":"2026-06-22T19:30:27.145Z","level":"ERROR","message":"Error: Not allowed by CORS\n    at origin (/home/u650716787/domains/api.mariotstore.com/nodejs/app.js:118:22)\n    at /home/u650716787/domains/api.mariotstore.com/nodejs/node_modules/cors/lib/index.js:219:13\n    at optionsCallback (/home/u650716787/domains/api.mariotstore.com/nodejs/node_modules/cors/lib/index.js:199:9)\n    at corsMiddleware (/home/u650716787/domains/api.mariotstore.com/nodejs/node_modules/cors/lib/index.js:204:7)\n    at Layer.handleRequest (/home/u650716787/domains/api.mariotstore.com/nodejs/node_modules/router/lib/layer.js:152:17)\n    at trimPrefix (/home/u650716787/domains/api.mariotstore.com/nodejs/node_modules/router/index.js:342:13)\n    at /home/u650716787/domains/api.mariotstore.com/nodejs/node_modules/router/index.js:297:9\n    at processParams (/home/u650716787/domains/api.mariotstore.com/nodejs/node_modules/router/index.js:582:12)\n    at next (/home/u650716787/domains/api.mariotstore.com/nodejs/node_modules/router/index.js:291:5)\n    at hpp (/home/u650716787/domains/api.mariotstore.com/nodejs/node_modules/hpp/lib/index.js:146:9)\n    at Layer.handleRequest (/home/u650716787/domains/api.mariotstore.com/nodejs/node_modules/router/lib/layer.js:152:17)\n    at trimPrefix (/home/u650716787/domains/api.mariotstore.com/nodejs/node_modules/router/index.js:342:13)\n    at /home/u650716787/domains/api.mariotstore.com/nodejs/node_modules/router/index.js:297:9\n    at processParams (/home/u650716787/domains/api.mariotstore.com/nodejs/node_modules/router/index.js:582:12)\n    at next (/home/u650716787/domains/api.mariotstore.com/nodejs/node_modules/router/index.js:291:5)\n    at internalNext (/home/u650716787/domains/api.mariotstore.com/nodejs/node_modules/helmet/index.cjs:531:6)"}
{"timestamp":"2026-06-22T19:30:56.814Z","level":"WARN","message":"[CORS] Rejected origin: https://lightyellow-mole-122406.hostingersite.com"}
{"timestamp":"2026-06-22T19:30:56.814Z","level":"ERROR","message":"[ERROR] GET /api/v1/products?is_limited_offer=true&limit=7"}
{"timestamp":"2026-06-22T19:30:56.814Z","level":"ERROR","message":"Error: Not allowed by CORS\n    at origin (/home/u650716787/domains/api.mariotstore.com/nodejs/app.js:118:22)\n    at /home/u650716787/domains/api.mariotstore.com/nodejs/node_modules/cors/lib/index.js:219:13\n    at optionsCallback (/home/u650716787/domains/api.mariotstore.com/nodejs/node_modules/cors/lib/index.js:199:9)\n    at corsMiddleware (/home/u650716787/domains/api.mariotstore.com/nodejs/node_modules/cors/lib/index.js:204:7)\n    at Layer.handleRequest (/home/u650716787/domains/api.mariotstore.com/nodejs/node_modules/router/lib/layer.js:152:17)\n    at trimPrefix (/home/u650716787/domains/api.mariotstore.com/nodejs/node_modules/router/index.js:342:13)\n    at /home/u650716787/domains/api.mariotstore.com/nodejs/node_modules/router/index.js:297:9\n    at processParams (/home/u650716787/domains/api.mariotstore.com/nodejs/node_modules/router/index.js:582:12)\n    at next (/home/u650716787/domains/api.mariotstore.com/nodejs/node_modules/router/index.js:291:5)\n    at hpp (/home/u650716787/domains/api.mariotstore.com/nodejs/node_modules/hpp/lib/index.js:146:9)\n    at Layer.handleRequest (/home/u650716787/domains/api.mariotstore.com/nodejs/node_modules/router/lib/layer.js:152:17)\n    at trimPrefix (/home/u650716787/domains/api.mariotstore.com/nodejs/node_modules/router/index.js:342:13)\n    at /home/u650716787/domains/api.mariotstore.com/nodejs/node_modules/router/index.js:297:9\n    at processParams (/home/u650716787/domains/api.mariotstore.com/nodejs/node_modules/router/index.js:582:12)\n    at next (/home/u650716787/domains/api.mariotstore.com/nodejs/node_modules/router/index.js:291:5)\n    at internalNext (/home/u650716787/domains/api.mariotstore.com/nodejs/node_modules/helmet/index.cjs:531:6)"}
{"timestamp":"2026-06-22T19:30:57.165Z","level":"WARN","message":"[CORS] Rejected origin: https://lightyellow-mole-122406.hostingersite.com"}
{"timestamp":"2026-06-22T19:30:57.165Z","level":"ERROR","message":"[ERROR] GET /api/v1/products?is_weekly_deal=true"}
{"timestamp":"2026-06-22T19:30:57.165Z","level":"ERROR","message":"Error: Not allowed by CORS\n    at origin (/home/u650716787/domains/api.mariotstore.com/nodejs/app.js:118:22)\n    at /home/u650716787/domains/api.mariotstore.com/nodejs/node_modules/cors/lib/index.js:219:13\n    at optionsCallback (/home/u650716787/domains/api.mariotstore.com/nodejs/node_modules/cors/lib/index.js:199:9)\n    at corsMiddleware (/home/u650716787/domains/api.mariotstore.com/nodejs/node_modules/cors/lib/index.js:204:7)\n    at Layer.handleRequest (/home/u650716787/domains/api.mariotstore.com/nodejs/node_modules/router/lib/layer.js:152:17)\n    at trimPrefix (/home/u650716787/domains/api.mariotstore.com/nodejs/node_modules/router/index.js:342:13)\n    at /home/u650716787/domains/api.mariotstore.com/nodejs/node_modules/router/index.js:297:9\n    at processParams (/home/u650716787/domains/api.mariotstore.com/nodejs/node_modules/router/index.js:582:12)\n    at next (/home/u650716787/domains/api.mariotstore.com/nodejs/node_modules/router/index.js:291:5)\n    at hpp (/home/u650716787/domains/api.mariotstore.com/nodejs/node_modules/hpp/lib/index.js:146:9)\n    at Layer.handleRequest (/home/u650716787/domains/api.mariotstore.com/nodejs/node_modules/router/lib/layer.js:152:17)\n    at trimPrefix (/home/u650716787/domains/api.mariotstore.com/nodejs/node_modules/router/index.js:342:13)\n    at /home/u650716787/domains/api.mariotstore.com/nodejs/node_modules/router/index.js:297:9\n    at processParams (/home/u650716787/domains/api.mariotstore.com/nodejs/node_modules/router/index.js:582:12)\n    at next (/home/u650716787/domains/api.mariotstore.com/nodejs/node_modules/router/index.js:291:5)\n    at internalNext (/home/u650716787/domains/api.mariotstore.com/nodejs/node_modules/helmet/index.cjs:531:6)"}
{"timestamp":"2026-06-22T19:31:26.774Z","level":"WARN","message":"[CORS] Rejected origin: https://lightyellow-mole-122406.hostingersite.com"}
{"timestamp":"2026-06-22T19:31:26.774Z","level":"ERROR","message":"[ERROR] GET /api/v1/products?is_limited_offer=true&limit=7"}
{"timestamp":"2026-06-22T19:31:26.774Z","level":"ERROR","message":"Error: Not allowed by CORS\n    at origin (/home/u650716787/domains/api.mariotstore.com/nodejs/app.js:118:22)\n    at /home/u650716787/domains/api.mariotstore.com/nodejs/node_modules/cors/lib/index.js:219:13\n    at optionsCallback (/home/u650716787/domains/api.mariotstore.com/nodejs/node_modules/cors/lib/index.js:199:9)\n    at corsMiddleware (/home/u650716787/domains/api.mariotstore.com/nodejs/node_modules/cors/lib/index.js:204:7)\n    at Layer.handleRequest (/home/u650716787/domains/api.mariotstore.com/nodejs/node_modules/router/lib/layer.js:152:17)\n    at trimPrefix (/home/u650716787/domains/api.mariotstore.com/nodejs/node_modules/router/index.js:342:13)\n    at /home/u650716787/domains/api.mariotstore.com/nodejs/node_modules/router/index.js:297:9\n    at processParams (/home/u650716787/domains/api.mariotstore.com/nodejs/node_modules/router/index.js:582:12)\n    at next (/home/u650716787/domains/api.mariotstore.com/nodejs/node_modules/router/index.js:291:5)\n    at hpp (/home/u650716787/domains/api.mariotstore.com/nodejs/node_modules/hpp/lib/index.js:146:9)\n    at Layer.handleRequest (/home/u650716787/domains/api.mariotstore.com/nodejs/node_modules/router/lib/layer.js:152:17)\n    at trimPrefix (/home/u650716787/domains/api.mariotstore.com/nodejs/node_modules/router/index.js:342:13)\n    at /home/u650716787/domains/api.mariotstore.com/nodejs/node_modules/router/index.js:297:9\n    at processParams (/home/u650716787/domains/api.mariotstore.com/nodejs/node_modules/router/index.js:582:12)\n    at next (/home/u650716787/domains/api.mariotstore.com/nodejs/node_modules/router/index.js:291:5)\n    at internalNext (/home/u650716787/domains/api.mariotstore.com/nodejs/node_modules/helmet/index.cjs:531:6)"}
{"timestamp":"2026-06-22T19:31:27.113Z","level":"WARN","message":"[CORS] Rejected origin: https://lightyellow-mole-122406.hostingersite.com"}
{"timestamp":"2026-06-22T19:31:27.113Z","level":"ERROR","message":"[ERROR] GET /api/v1/products?is_weekly_deal=true"}
{"timestamp":"2026-06-22T19:31:27.113Z","level":"ERROR","message":"Error: Not allowed by CORS\n    at origin (/home/u650716787/domains/api.mariotstore.com/nodejs/app.js:118:22)\n    at /home/u650716787/domains/api.mariotstore.com/nodejs/node_modules/cors/lib/index.js:219:13\n    at optionsCallback (/home/u650716787/domains/api.mariotstore.com/nodejs/node_modules/cors/lib/index.js:199:9)\n    at corsMiddleware (/home/u650716787/domains/api.mariotstore.com/nodejs/node_modules/cors/lib/index.js:204:7)\n    at Layer.handleRequest (/home/u650716787/domains/api.mariotstore.com/nodejs/node_modules/router/lib/layer.js:152:17)\n    at trimPrefix (/home/u650716787/domains/api.mariotstore.com/nodejs/node_modules/router/index.js:342:13)\n    at /home/u650716787/domains/api.mariotstore.com/nodejs/node_modules/router/index.js:297:9\n    at processParams (/home/u650716787/domains/api.mariotstore.com/nodejs/node_modules/router/index.js:582:12)\n    at next (/home/u650716787/domains/api.mariotstore.com/nodejs/node_modules/router/index.js:291:5)\n    at hpp (/home/u650716787/domains/api.mariotstore.com/nodejs/node_modules/hpp/lib/index.js:146:9)\n    at Layer.handleRequest (/home/u650716787/domains/api.mariotstore.com/nodejs/node_modules/router/lib/layer.js:152:17)\n    at trimPrefix (/home/u650716787/domains/api.mariotstore.com/nodejs/node_modules/router/index.js:342:13)\n    at /home/u650716787/domains/api.mariotstore.com/nodejs/node_modules/router/index.js:297:9\n    at processParams (/home/u650716787/domains/api.mariotstore.com/nodejs/node_modules/router/index.js:582:12)\n    at next (/home/u650716787/domains/api.mariotstore.com/nodejs/node_modules/router/index.js:291:5)\n    at internalNext (/home/u650716787/domains/api.mariotstore.com/nodejs/node_modules/helmet/index.cjs:531:6)"}
{"timestamp":"2026-06-22T19:31:56.764Z","level":"WARN","message":"[CORS] Rejected origin: https://lightyellow-mole-122406.hostingersite.com"}
{"timestamp":"2026-06-22T19:31:56.764Z","level":"ERROR","message":"[ERROR] GET /api/v1/products?is_weekly_deal=true"}
{"timestamp":"2026-06-22T19:31:56.764Z","level":"ERROR","message":"Error: Not allowed by CORS\n    at origin (/home/u650716787/domains/api.mariotstore.com/nodejs/app.js:118:22)\n    at /home/u650716787/domains/api.mariotstore.com/nodejs/node_modules/cors/lib/index.js:219:13\n    at optionsCallback (/home/u650716787/domains/api.mariotstore.com/nodejs/node_modules/cors/lib/index.js:199:9)\n    at corsMiddleware (/home/u650716787/domains/api.mariotstore.com/nodejs/node_modules/cors/lib/index.js:204:7)\n    at Layer.handleRequest (/home/u650716787/domains/api.mariotstore.com/nodejs/node_modules/router/lib/layer.js:152:17)\n    at trimPrefix (/home/u650716787/domains/api.mariotstore.com/nodejs/node_modules/router/index.js:342:13)\n    at /home/u650716787/domains/api.mariotstore.com/nodejs/node_modules/router/index.js:297:9\n    at processParams (/home/u650716787/domains/api.mariotstore.com/nodejs/node_modules/router/index.js:582:12)\n    at next (/home/u650716787/domains/api.mariotstore.com/nodejs/node_modules/router/index.js:291:5)\n    at hpp (/home/u650716787/domains/api.mariotstore.com/nodejs/node_modules/hpp/lib/index.js:146:9)\n    at Layer.handleRequest (/home/u650716787/domains/api.mariotstore.com/nodejs/node_modules/router/lib/layer.js:152:17)\n    at trimPrefix (/home/u650716787/domains/api.mariotstore.com/nodejs/node_modules/router/index.js:342:13)\n    at /home/u650716787/domains/api.mariotstore.com/nodejs/node_modules/router/index.js:297:9\n    at processParams (/home/u650716787/domains/api.mariotstore.com/nodejs/node_modules/router/index.js:582:12)\n    at next (/home/u650716787/domains/api.mariotstore.com/nodejs/node_modules/router/index.js:291:5)\n    at internalNext (/home/u650716787/domains/api.mariotstore.com/nodejs/node_modules/helmet/index.cjs:531:6)"}
{"timestamp":"2026-06-22T19:31:56.765Z","level":"WARN","message":"[CORS] Rejected origin: https://lightyellow-mole-122406.hostingersite.com"}
{"timestamp":"2026-06-22T19:31:56.765Z","level":"ERROR","message":"[ERROR] GET /api/v1/products?is_limited_offer=true&limit=7"}
{"timestamp":"2026-06-22T19:31:56.765Z","level":"ERROR","message":"Error: Not allowed by CORS\n    at origin (/home/u650716787/domains/api.mariotstore.com/nodejs/app.js:118:22)\n    at /home/u650716787/domains/api.mariotstore.com/nodejs/node_modules/cors/lib/index.js:219:13\n    at optionsCallback (/home/u650716787/domains/api.mariotstore.com/nodejs/node_modules/cors/lib/index.js:199:9)\n    at corsMiddleware (/home/u650716787/domains/api.mariotstore.com/nodejs/node_modules/cors/lib/index.js:204:7)\n    at Layer.handleRequest (/home/u650716787/domains/api.mariotstore.com/nodejs/node_modules/router/lib/layer.js:152:17)\n    at trimPrefix (/home/u650716787/domains/api.mariotstore.com/nodejs/node_modules/router/index.js:342:13)\n    at /home/u650716787/domains/api.mariotstore.com/nodejs/node_modules/router/index.js:297:9\n    at processParams (/home/u650716787/domains/api.mariotstore.com/nodejs/node_modules/router/index.js:582:12)\n    at next (/home/u650716787/domains/api.mariotstore.com/nodejs/node_modules/router/index.js:291:5)\n    at hpp (/home/u650716787/domains/api.mariotstore.com/nodejs/node_modules/hpp/lib/index.js:146:9)\n    at Layer.handleRequest (/home/u650716787/domains/api.mariotstore.com/nodejs/node_modules/router/lib/layer.js:152:17)\n    at trimPrefix (/home/u650716787/domains/api.mariotstore.com/nodejs/node_modules/router/index.js:342:13)\n    at /home/u650716787/domains/api.mariotstore.com/nodejs/node_modules/router/index.js:297:9\n    at processParams (/home/u650716787/domains/api.mariotstore.com/nodejs/node_modules/router/index.js:582:12)\n    at next (/home/u650716787/domains/api.mariotstore.com/nodejs/node_modules/router/index.js:291:5)\n    at internalNext (/home/u650716787/domains/api.mariotstore.com/nodejs/node_modules/helmet/index.cjs:531:6)"}
{"timestamp":"2026-06-22T19:32:26.814Z","level":"WARN","message":"[CORS] Rejected origin: https://lightyellow-mole-122406.hostingersite.com"}
{"timestamp":"2026-06-22T19:32:26.814Z","level":"ERROR","message":"[ERROR] GET /api/v1/products?is_limited_offer=true&limit=7"}
{"timestamp":"2026-06-22T19:32:26.814Z","level":"ERROR","message":"Error: Not allowed by CORS\n    at origin (/home/u650716787/domains/api.mariotstore.com/nodejs/app.js:118:22)\n    at /home/u650716787/domains/api.mariotstore.com/nodejs/node_modules/cors/lib/index.js:219:13\n    at optionsCallback (/home/u650716787/domains/api.mariotstore.com/nodejs/node_modules/cors/lib/index.js:199:9)\n    at corsMiddleware (/home/u650716787/domains/api.mariotstore.com/nodejs/node_modules/cors/lib/index.js:204:7)\n    at Layer.handleRequest (/home/u650716787/domains/api.mariotstore.com/nodejs/node_modules/router/lib/layer.js:152:17)\n    at trimPrefix (/home/u650716787/domains/api.mariotstore.com/nodejs/node_modules/router/index.js:342:13)\n    at /home/u650716787/domains/api.mariotstore.com/nodejs/node_modules/router/index.js:297:9\n    at processParams (/home/u650716787/domains/api.mariotstore.com/nodejs/node_modules/router/index.js:582:12)\n    at next (/home/u650716787/domains/api.mariotstore.com/nodejs/node_modules/router/index.js:291:5)\n    at hpp (/home/u650716787/domains/api.mariotstore.com/nodejs/node_modules/hpp/lib/index.js:146:9)\n    at Layer.handleRequest (/home/u650716787/domains/api.mariotstore.com/nodejs/node_modules/router/lib/layer.js:152:17)\n    at trimPrefix (/home/u650716787/domains/api.mariotstore.com/nodejs/node_modules/router/index.js:342:13)\n    at /home/u650716787/domains/api.mariotstore.com/nodejs/node_modules/router/index.js:297:9\n    at processParams (/home/u650716787/domains/api.mariotstore.com/nodejs/node_modules/router/index.js:582:12)\n    at next (/home/u650716787/domains/api.mariotstore.com/nodejs/node_modules/router/index.js:291:5)\n    at internalNext (/home/u650716787/domains/api.mariotstore.com/nodejs/node_modules/helmet/index.cjs:531:6)"}
{"timestamp":"2026-06-22T19:32:26.820Z","level":"WARN","message":"[CORS] Rejected origin: https://lightyellow-mole-122406.hostingersite.com"}
{"timestamp":"2026-06-22T19:32:26.820Z","level":"ERROR","message":"[ERROR] GET /api/v1/products?is_weekly_deal=true"}
{"timestamp":"2026-06-22T19:32:26.820Z","level":"ERROR","message":"Error: Not allowed by CORS\n    at origin (/home/u650716787/domains/api.mariotstore.com/nodejs/app.js:118:22)\n    at /home/u650716787/domains/api.mariotstore.com/nodejs/node_modules/cors/lib/index.js:219:13\n    at optionsCallback (/home/u650716787/domains/api.mariotstore.com/nodejs/node_modules/cors/lib/index.js:199:9)\n    at corsMiddleware (/home/u650716787/domains/api.mariotstore.com/nodejs/node_modules/cors/lib/index.js:204:7)\n    at Layer.handleRequest (/home/u650716787/domains/api.mariotstore.com/nodejs/node_modules/router/lib/layer.js:152:17)\n    at trimPrefix (/home/u650716787/domains/api.mariotstore.com/nodejs/node_modules/router/index.js:342:13)\n    at /home/u650716787/domains/api.mariotstore.com/nodejs/node_modules/router/index.js:297:9\n    at processParams (/home/u650716787/domains/api.mariotstore.com/nodejs/node_modules/router/index.js:582:12)\n    at next (/home/u650716787/domains/api.mariotstore.com/nodejs/node_modules/router/index.js:291:5)\n    at hpp (/home/u650716787/domains/api.mariotstore.com/nodejs/node_modules/hpp/lib/index.js:146:9)\n    at Layer.handleRequest (/home/u650716787/domains/api.mariotstore.com/nodejs/node_modules/router/lib/layer.js:152:17)\n    at trimPrefix (/home/u650716787/domains/api.mariotstore.com/nodejs/node_modules/router/index.js:342:13)\n    at /home/u650716787/domains/api.mariotstore.com/nodejs/node_modules/router/index.js:297:9\n    at processParams (/home/u650716787/domains/api.mariotstore.com/nodejs/node_modules/router/index.js:582:12)\n    at next (/home/u650716787/domains/api.mariotstore.com/nodejs/node_modules/router/index.js:291:5)\n    at internalNext (/home/u650716787/domains/api.mariotstore.com/nodejs/node_modules/helmet/index.cjs:531:6)"}
{"timestamp":"2026-06-22T19:32:56.773Z","level":"WARN","message":"[CORS] Rejected origin: https://lightyellow-mole-122406.hostingersite.com"}
{"timestamp":"2026-06-22T19:32:56.773Z","level":"ERROR","message":"[ERROR] GET /api/v1/products?is_weekly_deal=true"}
{"timestamp":"2026-06-22T19:32:56.773Z","level":"ERROR","message":"Error: Not allowed by CORS\n    at origin (/home/u650716787/domains/api.mariotstore.com/nodejs/app.js:118:22)\n    at /home/u650716787/domains/api.mariotstore.com/nodejs/node_modules/cors/lib/index.js:219:13\n    at optionsCallback (/home/u650716787/domains/api.mariotstore.com/nodejs/node_modules/cors/lib/index.js:199:9)\n    at corsMiddleware (/home/u650716787/domains/api.mariotstore.com/nodejs/node_modules/cors/lib/index.js:204:7)\n    at Layer.handleRequest (/home/u650716787/domains/api.mariotstore.com/nodejs/node_modules/router/lib/layer.js:152:17)\n    at trimPrefix (/home/u650716787/domains/api.mariotstore.com/nodejs/node_modules/router/index.js:342:13)\n    at /home/u650716787/domains/api.mariotstore.com/nodejs/node_modules/router/index.js:297:9\n    at processParams (/home/u650716787/domains/api.mariotstore.com/nodejs/node_modules/router/index.js:582:12)\n    at next (/home/u650716787/domains/api.mariotstore.com/nodejs/node_modules/router/index.js:291:5)\n    at hpp (/home/u650716787/domains/api.mariotstore.com/nodejs/node_modules/hpp/lib/index.js:146:9)\n    at Layer.handleRequest (/home/u650716787/domains/api.mariotstore.com/nodejs/node_modules/router/lib/layer.js:152:17)\n    at trimPrefix (/home/u650716787/domains/api.mariotstore.com/nodejs/node_modules/router/index.js:342:13)\n    at /home/u650716787/domains/api.mariotstore.com/nodejs/node_modules/router/index.js:297:9\n    at processParams (/home/u650716787/domains/api.mariotstore.com/nodejs/node_modules/router/index.js:582:12)\n    at next (/home/u650716787/domains/api.mariotstore.com/nodejs/node_modules/router/index.js:291:5)\n    at internalNext (/home/u650716787/domains/api.mariotstore.com/nodejs/node_modules/helmet/index.cjs:531:6)"}
{"timestamp":"2026-06-22T19:32:56.775Z","level":"WARN","message":"[CORS] Rejected origin: https://lightyellow-mole-122406.hostingersite.com"}
{"timestamp":"2026-06-22T19:32:56.775Z","level":"ERROR","message":"[ERROR] GET /api/v1/products?is_limited_offer=true&limit=7"}
{"timestamp":"2026-06-22T19:32:56.776Z","level":"ERROR","message":"Error: Not allowed by CORS\n    at origin (/home/u650716787/domains/api.mariotstore.com/nodejs/app.js:118:22)\n    at /home/u650716787/domains/api.mariotstore.com/nodejs/node_modules/cors/lib/index.js:219:13\n    at optionsCallback (/home/u650716787/domains/api.mariotstore.com/nodejs/node_modules/cors/lib/index.js:199:9)\n    at corsMiddleware (/home/u650716787/domains/api.mariotstore.com/nodejs/node_modules/cors/lib/index.js:204:7)\n    at Layer.handleRequest (/home/u650716787/domains/api.mariotstore.com/nodejs/node_modules/router/lib/layer.js:152:17)\n    at trimPrefix (/home/u650716787/domains/api.mariotstore.com/nodejs/node_modules/router/index.js:342:13)\n    at /home/u650716787/domains/api.mariotstore.com/nodejs/node_modules/router/index.js:297:9\n    at processParams (/home/u650716787/domains/api.mariotstore.com/nodejs/node_modules/router/index.js:582:12)\n    at next (/home/u650716787/domains/api.mariotstore.com/nodejs/node_modules/router/index.js:291:5)\n    at hpp (/home/u650716787/domains/api.mariotstore.com/nodejs/node_modules/hpp/lib/index.js:146:9)\n    at Layer.handleRequest (/home/u650716787/domains/api.mariotstore.com/nodejs/node_modules/router/lib/layer.js:152:17)\n    at trimPrefix (/home/u650716787/domains/api.mariotstore.com/nodejs/node_modules/router/index.js:342:13)\n    at /home/u650716787/domains/api.mariotstore.com/nodejs/node_modules/router/index.js:297:9\n    at processParams (/home/u650716787/domains/api.mariotstore.com/nodejs/node_modules/router/index.js:582:12)\n    at next (/home/u650716787/domains/api.mariotstore.com/nodejs/node_modules/router/index.js:291:5)\n    at internalNext (/home/u650716787/domains/api.mariotstore.com/nodejs/node_modules/helmet/index.cjs:531:6)"}
{"timestamp":"2026-06-22T19:33:26.773Z","level":"WARN","message":"[CORS] Rejected origin: https://lightyellow-mole-122406.hostingersite.com"}
{"timestamp":"2026-06-22T19:33:26.774Z","level":"ERROR","message":"[ERROR] GET /api/v1/products?is_weekly_deal=true"}
{"timestamp":"2026-06-22T19:33:26.774Z","level":"ERROR","message":"Error: Not allowed by CORS\n    at origin (/home/u650716787/domains/api.mariotstore.com/nodejs/app.js:118:22)\n    at /home/u650716787/domains/api.mariotstore.com/nodejs/node_modules/cors/lib/index.js:219:13\n    at optionsCallback (/home/u650716787/domains/api.mariotstore.com/nodejs/node_modules/cors/lib/index.js:199:9)\n    at corsMiddleware (/home/u650716787/domains/api.mariotstore.com/nodejs/node_modules/cors/lib/index.js:204:7)\n    at Layer.handleRequest (/home/u650716787/domains/api.mariotstore.com/nodejs/node_modules/router/lib/layer.js:152:17)\n    at trimPrefix (/home/u650716787/domains/api.mariotstore.com/nodejs/node_modules/router/index.js:342:13)\n    at /home/u650716787/domains/api.mariotstore.com/nodejs/node_modules/router/index.js:297:9\n    at processParams (/home/u650716787/domains/api.mariotstore.com/nodejs/node_modules/router/index.js:582:12)\n    at next (/home/u650716787/domains/api.mariotstore.com/nodejs/node_modules/router/index.js:291:5)\n    at hpp (/home/u650716787/domains/api.mariotstore.com/nodejs/node_modules/hpp/lib/index.js:146:9)\n    at Layer.handleRequest (/home/u650716787/domains/api.mariotstore.com/nodejs/node_modules/router/lib/layer.js:152:17)\n    at trimPrefix (/home/u650716787/domains/api.mariotstore.com/nodejs/node_modules/router/index.js:342:13)\n    at /home/u650716787/domains/api.mariotstore.com/nodejs/node_modules/router/index.js:297:9\n    at processParams (/home/u650716787/domains/api.mariotstore.com/nodejs/node_modules/router/index.js:582:12)\n    at next (/home/u650716787/domains/api.mariotstore.com/nodejs/node_modules/router/index.js:291:5)\n    at internalNext (/home/u650716787/domains/api.mariotstore.com/nodejs/node_modules/helmet/index.cjs:531:6)"}
{"timestamp":"2026-06-22T19:33:26.774Z","level":"WARN","message":"[CORS] Rejected origin: https://lightyellow-mole-122406.hostingersite.com"}
{"timestamp":"2026-06-22T19:33:26.774Z","level":"ERROR","message":"[ERROR] GET /api/v1/products?is_limited_offer=true&limit=7"}
{"timestamp":"2026-06-22T19:33:26.775Z","level":"ERROR","message":"Error: Not allowed by CORS\n    at origin (/home/u650716787/domains/api.mariotstore.com/nodejs/app.js:118:22)\n    at /home/u650716787/domains/api.mariotstore.com/nodejs/node_modules/cors/lib/index.js:219:13\n    at optionsCallback (/home/u650716787/domains/api.mariotstore.com/nodejs/node_modules/cors/lib/index.js:199:9)\n    at corsMiddleware (/home/u650716787/domains/api.mariotstore.com/nodejs/node_modules/cors/lib/index.js:204:7)\n    at Layer.handleRequest (/home/u650716787/domains/api.mariotstore.com/nodejs/node_modules/router/lib/layer.js:152:17)\n    at trimPrefix (/home/u650716787/domains/api.mariotstore.com/nodejs/node_modules/router/index.js:342:13)\n    at /home/u650716787/domains/api.mariotstore.com/nodejs/node_modules/router/index.js:297:9\n    at processParams (/home/u650716787/domains/api.mariotstore.com/nodejs/node_modules/router/index.js:582:12)\n    at next (/home/u650716787/domains/api.mariotstore.com/nodejs/node_modules/router/index.js:291:5)\n    at hpp (/home/u650716787/domains/api.mariotstore.com/nodejs/node_modules/hpp/lib/index.js:146:9)\n    at Layer.handleRequest (/home/u650716787/domains/api.mariotstore.com/nodejs/node_modules/router/lib/layer.js:152:17)\n    at trimPrefix (/home/u650716787/domains/api.mariotstore.com/nodejs/node_modules/router/index.js:342:13)\n    at /home/u650716787/domains/api.mariotstore.com/nodejs/node_modules/router/index.js:297:9\n    at processParams (/home/u650716787/domains/api.mariotstore.com/nodejs/node_modules/router/index.js:582:12)\n    at next (/home/u650716787/domains/api.mariotstore.com/nodejs/node_modules/router/index.js:291:5)\n    at internalNext (/home/u650716787/domains/api.mariotstore.com/nodejs/node_modules/helmet/index.cjs:531:6)"}
{"timestamp":"2026-06-22T19:33:56.838Z","level":"WARN","message":"[CORS] Rejected origin: https://lightyellow-mole-122406.hostingersite.com"}
{"timestamp":"2026-06-22T19:33:56.838Z","level":"ERROR","message":"[ERROR] GET /api/v1/products?is_limited_offer=true&limit=7"}
{"timestamp":"2026-06-22T19:33:56.838Z","level":"ERROR","message":"Error: Not allowed by CORS\n    at origin (/home/u650716787/domains/api.mariotstore.com/nodejs/app.js:118:22)\n    at /home/u650716787/domains/api.mariotstore.com/nodejs/node_modules/cors/lib/index.js:219:13\n    at optionsCallback (/home/u650716787/domains/api.mariotstore.com/nodejs/node_modules/cors/lib/index.js:199:9)\n    at corsMiddleware (/home/u650716787/domains/api.mariotstore.com/nodejs/node_modules/cors/lib/index.js:204:7)\n    at Layer.handleRequest (/home/u650716787/domains/api.mariotstore.com/nodejs/node_modules/router/lib/layer.js:152:17)\n    at trimPrefix (/home/u650716787/domains/api.mariotstore.com/nodejs/node_modules/router/index.js:342:13)\n    at /home/u650716787/domains/api.mariotstore.com/nodejs/node_modules/router/index.js:297:9\n    at processParams (/home/u650716787/domains/api.mariotstore.com/nodejs/node_modules/router/index.js:582:12)\n    at next (/home/u650716787/domains/api.mariotstore.com/nodejs/node_modules/router/index.js:291:5)\n    at hpp (/home/u650716787/domains/api.mariotstore.com/nodejs/node_modules/hpp/lib/index.js:146:9)\n    at Layer.handleRequest (/home/u650716787/domains/api.mariotstore.com/nodejs/node_modules/router/lib/layer.js:152:17)\n    at trimPrefix (/home/u650716787/domains/api.mariotstore.com/nodejs/node_modules/router/index.js:342:13)\n    at /home/u650716787/domains/api.mariotstore.com/nodejs/node_modules/router/index.js:297:9\n    at processParams (/home/u650716787/domains/api.mariotstore.com/nodejs/node_modules/router/index.js:582:12)\n    at next (/home/u650716787/domains/api.mariotstore.com/nodejs/node_modules/router/index.js:291:5)\n    at internalNext (/home/u650716787/domains/api.mariotstore.com/nodejs/node_modules/helmet/index.cjs:531:6)"}
{"timestamp":"2026-06-22T19:33:56.840Z","level":"WARN","message":"[CORS] Rejected origin: https://lightyellow-mole-122406.hostingersite.com"}
{"timestamp":"2026-06-22T19:33:56.841Z","level":"ERROR","message":"[ERROR] GET /api/v1/products?is_weekly_deal=true"}
{"timestamp":"2026-06-22T19:33:56.841Z","level":"ERROR","message":"Error: Not allowed by CORS\n    at origin (/home/u650716787/domains/api.mariotstore.com/nodejs/app.js:118:22)\n    at /home/u650716787/domains/api.mariotstore.com/nodejs/node_modules/cors/lib/index.js:219:13\n    at optionsCallback (/home/u650716787/domains/api.mariotstore.com/nodejs/node_modules/cors/lib/index.js:199:9)\n    at corsMiddleware (/home/u650716787/domains/api.mariotstore.com/nodejs/node_modules/cors/lib/index.js:204:7)\n    at Layer.handleRequest (/home/u650716787/domains/api.mariotstore.com/nodejs/node_modules/router/lib/layer.js:152:17)\n    at trimPrefix (/home/u650716787/domains/api.mariotstore.com/nodejs/node_modules/router/index.js:342:13)\n    at /home/u650716787/domains/api.mariotstore.com/nodejs/node_modules/router/index.js:297:9\n    at processParams (/home/u650716787/domains/api.mariotstore.com/nodejs/node_modules/router/index.js:582:12)\n    at next (/home/u650716787/domains/api.mariotstore.com/nodejs/node_modules/router/index.js:291:5)\n    at hpp (/home/u650716787/domains/api.mariotstore.com/nodejs/node_modules/hpp/lib/index.js:146:9)\n    at Layer.handleRequest (/home/u650716787/domains/api.mariotstore.com/nodejs/node_modules/router/lib/layer.js:152:17)\n    at trimPrefix (/home/u650716787/domains/api.mariotstore.com/nodejs/node_modules/router/index.js:342:13)\n    at /home/u650716787/domains/api.mariotstore.com/nodejs/node_modules/router/index.js:297:9\n    at processParams (/home/u650716787/domains/api.mariotstore.com/nodejs/node_modules/router/index.js:582:12)\n    at next (/home/u650716787/domains/api.mariotstore.com/nodejs/node_modules/router/index.js:291:5)\n    at internalNext (/home/u650716787/domains/api.mariotstore.com/nodejs/node_modules/helmet/index.cjs:531:6)"}
{"timestamp":"2026-06-22T19:34:26.772Z","level":"WARN","message":"[CORS] Rejected origin: https://lightyellow-mole-122406.hostingersite.com"}
{"timestamp":"2026-06-22T19:34:26.773Z","level":"ERROR","message":"[ERROR] GET /api/v1/products?is_weekly_deal=true"}
{"timestamp":"2026-06-22T19:34:26.773Z","level":"ERROR","message":"Error: Not allowed by CORS\n    at origin (/home/u650716787/domains/api.mariotstore.com/nodejs/app.js:118:22)\n    at /home/u650716787/domains/api.mariotstore.com/nodejs/node_modules/cors/lib/index.js:219:13\n    at optionsCallback (/home/u650716787/domains/api.mariotstore.com/nodejs/node_modules/cors/lib/index.js:199:9)\n    at corsMiddleware (/home/u650716787/domains/api.mariotstore.com/nodejs/node_modules/cors/lib/index.js:204:7)\n    at Layer.handleRequest (/home/u650716787/domains/api.mariotstore.com/nodejs/node_modules/router/lib/layer.js:152:17)\n    at trimPrefix (/home/u650716787/domains/api.mariotstore.com/nodejs/node_modules/router/index.js:342:13)\n    at /home/u650716787/domains/api.mariotstore.com/nodejs/node_modules/router/index.js:297:9\n    at processParams (/home/u650716787/domains/api.mariotstore.com/nodejs/node_modules/router/index.js:582:12)\n    at next (/home/u650716787/domains/api.mariotstore.com/nodejs/node_modules/router/index.js:291:5)\n    at hpp (/home/u650716787/domains/api.mariotstore.com/nodejs/node_modules/hpp/lib/index.js:146:9)\n    at Layer.handleRequest (/home/u650716787/domains/api.mariotstore.com/nodejs/node_modules/router/lib/layer.js:152:17)\n    at trimPrefix (/home/u650716787/domains/api.mariotstore.com/nodejs/node_modules/router/index.js:342:13)\n    at /home/u650716787/domains/api.mariotstore.com/nodejs/node_modules/router/index.js:297:9\n    at processParams (/home/u650716787/domains/api.mariotstore.com/nodejs/node_modules/router/index.js:582:12)\n    at next (/home/u650716787/domains/api.mariotstore.com/nodejs/node_modules/router/index.js:291:5)\n    at internalNext (/home/u650716787/domains/api.mariotstore.com/nodejs/node_modules/helmet/index.cjs:531:6)"}
{"timestamp":"2026-06-22T19:34:27.118Z","level":"WARN","message":"[CORS] Rejected origin: https://lightyellow-mole-122406.hostingersite.com"}
{"timestamp":"2026-06-22T19:34:27.119Z","level":"ERROR","message":"[ERROR] GET /api/v1/products?is_limited_offer=true&limit=7"}
{"timestamp":"2026-06-22T19:34:27.119Z","level":"ERROR","message":"Error: Not allowed by CORS\n    at origin (/home/u650716787/domains/api.mariotstore.com/nodejs/app.js:118:22)\n    at /home/u650716787/domains/api.mariotstore.com/nodejs/node_modules/cors/lib/index.js:219:13\n    at optionsCallback (/home/u650716787/domains/api.mariotstore.com/nodejs/node_modules/cors/lib/index.js:199:9)\n    at corsMiddleware (/home/u650716787/domains/api.mariotstore.com/nodejs/node_modules/cors/lib/index.js:204:7)\n    at Layer.handleRequest (/home/u650716787/domains/api.mariotstore.com/nodejs/node_modules/router/lib/layer.js:152:17)\n    at trimPrefix (/home/u650716787/domains/api.mariotstore.com/nodejs/node_modules/router/index.js:342:13)\n    at /home/u650716787/domains/api.mariotstore.com/nodejs/node_modules/router/index.js:297:9\n    at processParams (/home/u650716787/domains/api.mariotstore.com/nodejs/node_modules/router/index.js:582:12)\n    at next (/home/u650716787/domains/api.mariotstore.com/nodejs/node_modules/router/index.js:291:5)\n    at hpp (/home/u650716787/domains/api.mariotstore.com/nodejs/node_modules/hpp/lib/index.js:146:9)\n    at Layer.handleRequest (/home/u650716787/domains/api.mariotstore.com/nodejs/node_modules/router/lib/layer.js:152:17)\n    at trimPrefix (/home/u650716787/domains/api.mariotstore.com/nodejs/node_modules/router/index.js:342:13)\n    at /home/u650716787/domains/api.mariotstore.com/nodejs/node_modules/router/index.js:297:9\n    at processParams (/home/u650716787/domains/api.mariotstore.com/nodejs/node_modules/router/index.js:582:12)\n    at next (/home/u650716787/domains/api.mariotstore.com/nodejs/node_modules/router/index.js:291:5)\n    at internalNext (/home/u650716787/domains/api.mariotstore.com/nodejs/node_modules/helmet/index.cjs:531:6)"}
{"timestamp":"2026-06-22T19:34:56.776Z","level":"WARN","message":"[CORS] Rejected origin: https://lightyellow-mole-122406.hostingersite.com"}
{"timestamp":"2026-06-22T19:34:56.776Z","level":"ERROR","message":"[ERROR] GET /api/v1/products?is_limited_offer=true&limit=7"}
{"timestamp":"2026-06-22T19:34:56.777Z","level":"ERROR","message":"Error: Not allowed by CORS\n    at origin (/home/u650716787/domains/api.mariotstore.com/nodejs/app.js:118:22)\n    at /home/u650716787/domains/api.mariotstore.com/nodejs/node_modules/cors/lib/index.js:219:13\n    at optionsCallback (/home/u650716787/domains/api.mariotstore.com/nodejs/node_modules/cors/lib/index.js:199:9)\n    at corsMiddleware (/home/u650716787/domains/api.mariotstore.com/nodejs/node_modules/cors/lib/index.js:204:7)\n    at Layer.handleRequest (/home/u650716787/domains/api.mariotstore.com/nodejs/node_modules/router/lib/layer.js:152:17)\n    at trimPrefix (/home/u650716787/domains/api.mariotstore.com/nodejs/node_modules/router/index.js:342:13)\n    at /home/u650716787/domains/api.mariotstore.com/nodejs/node_modules/router/index.js:297:9\n    at processParams (/home/u650716787/domains/api.mariotstore.com/nodejs/node_modules/router/index.js:582:12)\n    at next (/home/u650716787/domains/api.mariotstore.com/nodejs/node_modules/router/index.js:291:5)\n    at hpp (/home/u650716787/domains/api.mariotstore.com/nodejs/node_modules/hpp/lib/index.js:146:9)\n    at Layer.handleRequest (/home/u650716787/domains/api.mariotstore.com/nodejs/node_modules/router/lib/layer.js:152:17)\n    at trimPrefix (/home/u650716787/domains/api.mariotstore.com/nodejs/node_modules/router/index.js:342:13)\n    at /home/u650716787/domains/api.mariotstore.com/nodejs/node_modules/router/index.js:297:9\n    at processParams (/home/u650716787/domains/api.mariotstore.com/nodejs/node_modules/router/index.js:582:12)\n    at next (/home/u650716787/domains/api.mariotstore.com/nodejs/node_modules/router/index.js:291:5)\n    at internalNext (/home/u650716787/domains/api.mariotstore.com/nodejs/node_modules/helmet/index.cjs:531:6)"}
{"timestamp":"2026-06-22T19:34:56.777Z","level":"WARN","message":"[CORS] Rejected origin: https://lightyellow-mole-122406.hostingersite.com"}
{"timestamp":"2026-06-22T19:34:56.777Z","level":"ERROR","message":"[ERROR] GET /api/v1/products?is_weekly_deal=true"}
{"timestamp":"2026-06-22T19:34:56.778Z","level":"ERROR","message":"Error: Not allowed by CORS\n    at origin (/home/u650716787/domains/api.mariotstore.com/nodejs/app.js:118:22)\n    at /home/u650716787/domains/api.mariotstore.com/nodejs/node_modules/cors/lib/index.js:219:13\n    at optionsCallback (/home/u650716787/domains/api.mariotstore.com/nodejs/node_modules/cors/lib/index.js:199:9)\n    at corsMiddleware (/home/u650716787/domains/api.mariotstore.com/nodejs/node_modules/cors/lib/index.js:204:7)\n    at Layer.handleRequest (/home/u650716787/domains/api.mariotstore.com/nodejs/node_modules/router/lib/layer.js:152:17)\n    at trimPrefix (/home/u650716787/domains/api.mariotstore.com/nodejs/node_modules/router/index.js:342:13)\n    at /home/u650716787/domains/api.mariotstore.com/nodejs/node_modules/router/index.js:297:9\n    at processParams (/home/u650716787/domains/api.mariotstore.com/nodejs/node_modules/router/index.js:582:12)\n    at next (/home/u650716787/domains/api.mariotstore.com/nodejs/node_modules/router/index.js:291:5)\n    at hpp (/home/u650716787/domains/api.mariotstore.com/nodejs/node_modules/hpp/lib/index.js:146:9)\n    at Layer.handleRequest (/home/u650716787/domains/api.mariotstore.com/nodejs/node_modules/router/lib/layer.js:152:17)\n    at trimPrefix (/home/u650716787/domains/api.mariotstore.com/nodejs/node_modules/router/index.js:342:13)\n    at /home/u650716787/domains/api.mariotstore.com/nodejs/node_modules/router/index.js:297:9\n    at processParams (/home/u650716787/domains/api.mariotstore.com/nodejs/node_modules/router/index.js:582:12)\n    at next (/home/u650716787/domains/api.mariotstore.com/nodejs/node_modules/router/index.js:291:5)\n    at internalNext (/home/u650716787/domains/api.mariotstore.com/nodejs/node_modules/helmet/index.cjs:531:6)"}
{"timestamp":"2026-06-22T19:35:26.816Z","level":"WARN","message":"[CORS] Rejected origin: https://lightyellow-mole-122406.hostingersite.com"}
{"timestamp":"2026-06-22T19:35:26.817Z","level":"ERROR","message":"[ERROR] GET /api/v1/products?is_limited_offer=true&limit=7"}
{"timestamp":"2026-06-22T19:35:26.817Z","level":"ERROR","message":"Error: Not allowed by CORS\n    at origin (/home/u650716787/domains/api.mariotstore.com/nodejs/app.js:118:22)\n    at /home/u650716787/domains/api.mariotstore.com/nodejs/node_modules/cors/lib/index.js:219:13\n    at optionsCallback (/home/u650716787/domains/api.mariotstore.com/nodejs/node_modules/cors/lib/index.js:199:9)\n    at corsMiddleware (/home/u650716787/domains/api.mariotstore.com/nodejs/node_modules/cors/lib/index.js:204:7)\n    at Layer.handleRequest (/home/u650716787/domains/api.mariotstore.com/nodejs/node_modules/router/lib/layer.js:152:17)\n    at trimPrefix (/home/u650716787/domains/api.mariotstore.com/nodejs/node_modules/router/index.js:342:13)\n    at /home/u650716787/domains/api.mariotstore.com/nodejs/node_modules/router/index.js:297:9\n    at processParams (/home/u650716787/domains/api.mariotstore.com/nodejs/node_modules/router/index.js:582:12)\n    at next (/home/u650716787/domains/api.mariotstore.com/nodejs/node_modules/router/index.js:291:5)\n    at hpp (/home/u650716787/domains/api.mariotstore.com/nodejs/node_modules/hpp/lib/index.js:146:9)\n    at Layer.handleRequest (/home/u650716787/domains/api.mariotstore.com/nodejs/node_modules/router/lib/layer.js:152:17)\n    at trimPrefix (/home/u650716787/domains/api.mariotstore.com/nodejs/node_modules/router/index.js:342:13)\n    at /home/u650716787/domains/api.mariotstore.com/nodejs/node_modules/router/index.js:297:9\n    at processParams (/home/u650716787/domains/api.mariotstore.com/nodejs/node_modules/router/index.js:582:12)\n    at next (/home/u650716787/domains/api.mariotstore.com/nodejs/node_modules/router/index.js:291:5)\n    at internalNext (/home/u650716787/domains/api.mariotstore.com/nodejs/node_modules/helmet/index.cjs:531:6)"}
{"timestamp":"2026-06-22T19:35:27.168Z","level":"WARN","message":"[CORS] Rejected origin: https://lightyellow-mole-122406.hostingersite.com"}
{"timestamp":"2026-06-22T19:35:27.169Z","level":"ERROR","message":"[ERROR] GET /api/v1/products?is_weekly_deal=true"}
{"timestamp":"2026-06-22T19:35:27.169Z","level":"ERROR","message":"Error: Not allowed by CORS\n    at origin (/home/u650716787/domains/api.mariotstore.com/nodejs/app.js:118:22)\n    at /home/u650716787/domains/api.mariotstore.com/nodejs/node_modules/cors/lib/index.js:219:13\n    at optionsCallback (/home/u650716787/domains/api.mariotstore.com/nodejs/node_modules/cors/lib/index.js:199:9)\n    at corsMiddleware (/home/u650716787/domains/api.mariotstore.com/nodejs/node_modules/cors/lib/index.js:204:7)\n    at Layer.handleRequest (/home/u650716787/domains/api.mariotstore.com/nodejs/node_modules/router/lib/layer.js:152:17)\n    at trimPrefix (/home/u650716787/domains/api.mariotstore.com/nodejs/node_modules/router/index.js:342:13)\n    at /home/u650716787/domains/api.mariotstore.com/nodejs/node_modules/router/index.js:297:9\n    at processParams (/home/u650716787/domains/api.mariotstore.com/nodejs/node_modules/router/index.js:582:12)\n    at next (/home/u650716787/domains/api.mariotstore.com/nodejs/node_modules/router/index.js:291:5)\n    at hpp (/home/u650716787/domains/api.mariotstore.com/nodejs/node_modules/hpp/lib/index.js:146:9)\n    at Layer.handleRequest (/home/u650716787/domains/api.mariotstore.com/nodejs/node_modules/router/lib/layer.js:152:17)\n    at trimPrefix (/home/u650716787/domains/api.mariotstore.com/nodejs/node_modules/router/index.js:342:13)\n    at /home/u650716787/domains/api.mariotstore.com/nodejs/node_modules/router/index.js:297:9\n    at processParams (/home/u650716787/domains/api.mariotstore.com/nodejs/node_modules/router/index.js:582:12)\n    at next (/home/u650716787/domains/api.mariotstore.com/nodejs/node_modules/router/index.js:291:5)\n    at internalNext (/home/u650716787/domains/api.mariotstore.com/nodejs/node_modules/helmet/index.cjs:531:6)"}
{"timestamp":"2026-06-22T19:35:57.122Z","level":"WARN","message":"[CORS] Rejected origin: https://lightyellow-mole-122406.hostingersite.com"}
{"timestamp":"2026-06-22T19:35:57.123Z","level":"ERROR","message":"[ERROR] GET /api/v1/products?is_weekly_deal=true"}
{"timestamp":"2026-06-22T19:35:57.123Z","level":"ERROR","message":"Error: Not allowed by CORS\n    at origin (/home/u650716787/domains/api.mariotstore.com/nodejs/app.js:118:22)\n    at /home/u650716787/domains/api.mariotstore.com/nodejs/node_modules/cors/lib/index.js:219:13\n    at optionsCallback (/home/u650716787/domains/api.mariotstore.com/nodejs/node_modules/cors/lib/index.js:199:9)\n    at corsMiddleware (/home/u650716787/domains/api.mariotstore.com/nodejs/node_modules/cors/lib/index.js:204:7)\n    at Layer.handleRequest (/home/u650716787/domains/api.mariotstore.com/nodejs/node_modules/router/lib/layer.js:152:17)\n    at trimPrefix (/home/u650716787/domains/api.mariotstore.com/nodejs/node_modules/router/index.js:342:13)\n    at /home/u650716787/domains/api.mariotstore.com/nodejs/node_modules/router/index.js:297:9\n    at processParams (/home/u650716787/domains/api.mariotstore.com/nodejs/node_modules/router/index.js:582:12)\n    at next (/home/u650716787/domains/api.mariotstore.com/nodejs/node_modules/router/index.js:291:5)\n    at hpp (/home/u650716787/domains/api.mariotstore.com/nodejs/node_modules/hpp/lib/index.js:146:9)\n    at Layer.handleRequest (/home/u650716787/domains/api.mariotstore.com/nodejs/node_modules/router/lib/layer.js:152:17)\n    at trimPrefix (/home/u650716787/domains/api.mariotstore.com/nodejs/node_modules/router/index.js:342:13)\n    at /home/u650716787/domains/api.mariotstore.com/nodejs/node_modules/router/index.js:297:9\n    at processParams (/home/u650716787/domains/api.mariotstore.com/nodejs/node_modules/router/index.js:582:12)\n    at next (/home/u650716787/domains/api.mariotstore.com/nodejs/node_modules/router/index.js:291:5)\n    at internalNext (/home/u650716787/domains/api.mariotstore.com/nodejs/node_modules/helmet/index.cjs:531:6)"}
{"timestamp":"2026-06-22T19:35:57.124Z","level":"WARN","message":"[CORS] Rejected origin: https://lightyellow-mole-122406.hostingersite.com"}
{"timestamp":"2026-06-22T19:35:57.124Z","level":"ERROR","message":"[ERROR] GET /api/v1/products?is_limited_offer=true&limit=7"}
{"timestamp":"2026-06-22T19:35:57.124Z","level":"ERROR","message":"Error: Not allowed by CORS\n    at origin (/home/u650716787/domains/api.mariotstore.com/nodejs/app.js:118:22)\n    at /home/u650716787/domains/api.mariotstore.com/nodejs/node_modules/cors/lib/index.js:219:13\n    at optionsCallback (/home/u650716787/domains/api.mariotstore.com/nodejs/node_modules/cors/lib/index.js:199:9)\n    at corsMiddleware (/home/u650716787/domains/api.mariotstore.com/nodejs/node_modules/cors/lib/index.js:204:7)\n    at Layer.handleRequest (/home/u650716787/domains/api.mariotstore.com/nodejs/node_modules/router/lib/layer.js:152:17)\n    at trimPrefix (/home/u650716787/domains/api.mariotstore.com/nodejs/node_modules/router/index.js:342:13)\n    at /home/u650716787/domains/api.mariotstore.com/nodejs/node_modules/router/index.js:297:9\n    at processParams (/home/u650716787/domains/api.mariotstore.com/nodejs/node_modules/router/index.js:582:12)\n    at next (/home/u650716787/domains/api.mariotstore.com/nodejs/node_modules/router/index.js:291:5)\n    at hpp (/home/u650716787/domains/api.mariotstore.com/nodejs/node_modules/hpp/lib/index.js:146:9)\n    at Layer.handleRequest (/home/u650716787/domains/api.mariotstore.com/nodejs/node_modules/router/lib/layer.js:152:17)\n    at trimPrefix (/home/u650716787/domains/api.mariotstore.com/nodejs/node_modules/router/index.js:342:13)\n    at /home/u650716787/domains/api.mariotstore.com/nodejs/node_modules/router/index.js:297:9\n    at processParams (/home/u650716787/domains/api.mariotstore.com/nodejs/node_modules/router/index.js:582:12)\n    at next (/home/u650716787/domains/api.mariotstore.com/nodejs/node_modules/router/index.js:291:5)\n    at internalNext (/home/u650716787/domains/api.mariotstore.com/nodejs/node_modules/helmet/index.cjs:531:6)"}
{"timestamp":"2026-06-22T19:36:26.778Z","level":"WARN","message":"[CORS] Rejected origin: https://lightyellow-mole-122406.hostingersite.com"}
{"timestamp":"2026-06-22T19:36:26.778Z","level":"ERROR","message":"[ERROR] GET /api/v1/products?is_weekly_deal=true"}
{"timestamp":"2026-06-22T19:36:26.778Z","level":"ERROR","message":"Error: Not allowed by CORS\n    at origin (/home/u650716787/domains/api.mariotstore.com/nodejs/app.js:118:22)\n    at /home/u650716787/domains/api.mariotstore.com/nodejs/node_modules/cors/lib/index.js:219:13\n    at optionsCallback (/home/u650716787/domains/api.mariotstore.com/nodejs/node_modules/cors/lib/index.js:199:9)\n    at corsMiddleware (/home/u650716787/domains/api.mariotstore.com/nodejs/node_modules/cors/lib/index.js:204:7)\n    at Layer.handleRequest (/home/u650716787/domains/api.mariotstore.com/nodejs/node_modules/router/lib/layer.js:152:17)\n    at trimPrefix (/home/u650716787/domains/api.mariotstore.com/nodejs/node_modules/router/index.js:342:13)\n    at /home/u650716787/domains/api.mariotstore.com/nodejs/node_modules/router/index.js:297:9\n    at processParams (/home/u650716787/domains/api.mariotstore.com/nodejs/node_modules/router/index.js:582:12)\n    at next (/home/u650716787/domains/api.mariotstore.com/nodejs/node_modules/router/index.js:291:5)\n    at hpp (/home/u650716787/domains/api.mariotstore.com/nodejs/node_modules/hpp/lib/index.js:146:9)\n    at Layer.handleRequest (/home/u650716787/domains/api.mariotstore.com/nodejs/node_modules/router/lib/layer.js:152:17)\n    at trimPrefix (/home/u650716787/domains/api.mariotstore.com/nodejs/node_modules/router/index.js:342:13)\n    at /home/u650716787/domains/api.mariotstore.com/nodejs/node_modules/router/index.js:297:9\n    at processParams (/home/u650716787/domains/api.mariotstore.com/nodejs/node_modules/router/index.js:582:12)\n    at next (/home/u650716787/domains/api.mariotstore.com/nodejs/node_modules/router/index.js:291:5)\n    at internalNext (/home/u650716787/domains/api.mariotstore.com/nodejs/node_modules/helmet/index.cjs:531:6)"}
{"timestamp":"2026-06-22T19:36:27.178Z","level":"WARN","message":"[CORS] Rejected origin: https://lightyellow-mole-122406.hostingersite.com"}
{"timestamp":"2026-06-22T19:36:27.178Z","level":"ERROR","message":"[ERROR] GET /api/v1/products?is_limited_offer=true&limit=7"}
{"timestamp":"2026-06-22T19:36:27.178Z","level":"ERROR","message":"Error: Not allowed by CORS\n    at origin (/home/u650716787/domains/api.mariotstore.com/nodejs/app.js:118:22)\n    at /home/u650716787/domains/api.mariotstore.com/nodejs/node_modules/cors/lib/index.js:219:13\n    at optionsCallback (/home/u650716787/domains/api.mariotstore.com/nodejs/node_modules/cors/lib/index.js:199:9)\n    at corsMiddleware (/home/u650716787/domains/api.mariotstore.com/nodejs/node_modules/cors/lib/index.js:204:7)\n    at Layer.handleRequest (/home/u650716787/domains/api.mariotstore.com/nodejs/node_modules/router/lib/layer.js:152:17)\n    at trimPrefix (/home/u650716787/domains/api.mariotstore.com/nodejs/node_modules/router/index.js:342:13)\n    at /home/u650716787/domains/api.mariotstore.com/nodejs/node_modules/router/index.js:297:9\n    at processParams (/home/u650716787/domains/api.mariotstore.com/nodejs/node_modules/router/index.js:582:12)\n    at next (/home/u650716787/domains/api.mariotstore.com/nodejs/node_modules/router/index.js:291:5)\n    at hpp (/home/u650716787/domains/api.mariotstore.com/nodejs/node_modules/hpp/lib/index.js:146:9)\n    at Layer.handleRequest (/home/u650716787/domains/api.mariotstore.com/nodejs/node_modules/router/lib/layer.js:152:17)\n    at trimPrefix (/home/u650716787/domains/api.mariotstore.com/nodejs/node_modules/router/index.js:342:13)\n    at /home/u650716787/domains/api.mariotstore.com/nodejs/node_modules/router/index.js:297:9\n    at processParams (/home/u650716787/domains/api.mariotstore.com/nodejs/node_modules/router/index.js:582:12)\n    at next (/home/u650716787/domains/api.mariotstore.com/nodejs/node_modules/router/index.js:291:5)\n    at internalNext (/home/u650716787/domains/api.mariotstore.com/nodejs/node_modules/helmet/index.cjs:531:6)"}
{"timestamp":"2026-06-22T19:36:56.932Z","level":"WARN","message":"[CORS] Rejected origin: https://lightyellow-mole-122406.hostingersite.com"}
{"timestamp":"2026-06-22T19:36:56.933Z","level":"ERROR","message":"[ERROR] GET /api/v1/products?is_weekly_deal=true"}
{"timestamp":"2026-06-22T19:36:56.933Z","level":"ERROR","message":"Error: Not allowed by CORS\n    at origin (/home/u650716787/domains/api.mariotstore.com/nodejs/app.js:118:22)\n    at /home/u650716787/domains/api.mariotstore.com/nodejs/node_modules/cors/lib/index.js:219:13\n    at optionsCallback (/home/u650716787/domains/api.mariotstore.com/nodejs/node_modules/cors/lib/index.js:199:9)\n    at corsMiddleware (/home/u650716787/domains/api.mariotstore.com/nodejs/node_modules/cors/lib/index.js:204:7)\n    at Layer.handleRequest (/home/u650716787/domains/api.mariotstore.com/nodejs/node_modules/router/lib/layer.js:152:17)\n    at trimPrefix (/home/u650716787/domains/api.mariotstore.com/nodejs/node_modules/router/index.js:342:13)\n    at /home/u650716787/domains/api.mariotstore.com/nodejs/node_modules/router/index.js:297:9\n    at processParams (/home/u650716787/domains/api.mariotstore.com/nodejs/node_modules/router/index.js:582:12)\n    at next (/home/u650716787/domains/api.mariotstore.com/nodejs/node_modules/router/index.js:291:5)\n    at hpp (/home/u650716787/domains/api.mariotstore.com/nodejs/node_modules/hpp/lib/index.js:146:9)\n    at Layer.handleRequest (/home/u650716787/domains/api.mariotstore.com/nodejs/node_modules/router/lib/layer.js:152:17)\n    at trimPrefix (/home/u650716787/domains/api.mariotstore.com/nodejs/node_modules/router/index.js:342:13)\n    at /home/u650716787/domains/api.mariotstore.com/nodejs/node_modules/router/index.js:297:9\n    at processParams (/home/u650716787/domains/api.mariotstore.com/nodejs/node_modules/router/index.js:582:12)\n    at next (/home/u650716787/domains/api.mariotstore.com/nodejs/node_modules/router/index.js:291:5)\n    at internalNext (/home/u650716787/domains/api.mariotstore.com/nodejs/node_modules/helmet/index.cjs:531:6)"}
{"timestamp":"2026-06-22T19:36:57.264Z","level":"WARN","message":"[CORS] Rejected origin: https://lightyellow-mole-122406.hostingersite.com"}
{"timestamp":"2026-06-22T19:36:57.264Z","level":"ERROR","message":"[ERROR] GET /api/v1/products?is_limited_offer=true&limit=7"}
{"timestamp":"2026-06-22T19:36:57.264Z","level":"ERROR","message":"Error: Not allowed by CORS\n    at origin (/home/u650716787/domains/api.mariotstore.com/nodejs/app.js:118:22)\n    at /home/u650716787/domains/api.mariotstore.com/nodejs/node_modules/cors/lib/index.js:219:13\n    at optionsCallback (/home/u650716787/domains/api.mariotstore.com/nodejs/node_modules/cors/lib/index.js:199:9)\n    at corsMiddleware (/home/u650716787/domains/api.mariotstore.com/nodejs/node_modules/cors/lib/index.js:204:7)\n    at Layer.handleRequest (/home/u650716787/domains/api.mariotstore.com/nodejs/node_modules/router/lib/layer.js:152:17)\n    at trimPrefix (/home/u650716787/domains/api.mariotstore.com/nodejs/node_modules/router/index.js:342:13)\n    at /home/u650716787/domains/api.mariotstore.com/nodejs/node_modules/router/index.js:297:9\n    at processParams (/home/u650716787/domains/api.mariotstore.com/nodejs/node_modules/router/index.js:582:12)\n    at next (/home/u650716787/domains/api.mariotstore.com/nodejs/node_modules/router/index.js:291:5)\n    at hpp (/home/u650716787/domains/api.mariotstore.com/nodejs/node_modules/hpp/lib/index.js:146:9)\n    at Layer.handleRequest (/home/u650716787/domains/api.mariotstore.com/nodejs/node_modules/router/lib/layer.js:152:17)\n    at trimPrefix (/home/u650716787/domains/api.mariotstore.com/nodejs/node_modules/router/index.js:342:13)\n    at /home/u650716787/domains/api.mariotstore.com/nodejs/node_modules/router/index.js:297:9\n    at processParams (/home/u650716787/domains/api.mariotstore.com/nodejs/node_modules/router/index.js:582:12)\n    at next (/home/u650716787/domains/api.mariotstore.com/nodejs/node_modules/router/index.js:291:5)\n    at internalNext (/home/u650716787/domains/api.mariotstore.com/nodejs/node_modules/helmet/index.cjs:531:6)"}
{"timestamp":"2026-06-22T19:37:26.811Z","level":"WARN","message":"[CORS] Rejected origin: https://lightyellow-mole-122406.hostingersite.com"}
{"timestamp":"2026-06-22T19:37:26.812Z","level":"ERROR","message":"[ERROR] GET /api/v1/products?is_limited_offer=true&limit=7"}
{"timestamp":"2026-06-22T19:37:26.812Z","level":"ERROR","message":"Error: Not allowed by CORS\n    at origin (/home/u650716787/domains/api.mariotstore.com/nodejs/app.js:118:22)\n    at /home/u650716787/domains/api.mariotstore.com/nodejs/node_modules/cors/lib/index.js:219:13\n    at optionsCallback (/home/u650716787/domains/api.mariotstore.com/nodejs/node_modules/cors/lib/index.js:199:9)\n    at corsMiddleware (/home/u650716787/domains/api.mariotstore.com/nodejs/node_modules/cors/lib/index.js:204:7)\n    at Layer.handleRequest (/home/u650716787/domains/api.mariotstore.com/nodejs/node_modules/router/lib/layer.js:152:17)\n    at trimPrefix (/home/u650716787/domains/api.mariotstore.com/nodejs/node_modules/router/index.js:342:13)\n    at /home/u650716787/domains/api.mariotstore.com/nodejs/node_modules/router/index.js:297:9\n    at processParams (/home/u650716787/domains/api.mariotstore.com/nodejs/node_modules/router/index.js:582:12)\n    at next (/home/u650716787/domains/api.mariotstore.com/nodejs/node_modules/router/index.js:291:5)\n    at hpp (/home/u650716787/domains/api.mariotstore.com/nodejs/node_modules/hpp/lib/index.js:146:9)\n    at Layer.handleRequest (/home/u650716787/domains/api.mariotstore.com/nodejs/node_modules/router/lib/layer.js:152:17)\n    at trimPrefix (/home/u650716787/domains/api.mariotstore.com/nodejs/node_modules/router/index.js:342:13)\n    at /home/u650716787/domains/api.mariotstore.com/nodejs/node_modules/router/index.js:297:9\n    at processParams (/home/u650716787/domains/api.mariotstore.com/nodejs/node_modules/router/index.js:582:12)\n    at next (/home/u650716787/domains/api.mariotstore.com/nodejs/node_modules/router/index.js:291:5)\n    at internalNext (/home/u650716787/domains/api.mariotstore.com/nodejs/node_modules/helmet/index.cjs:531:6)"}
{"timestamp":"2026-06-22T19:37:27.142Z","level":"WARN","message":"[CORS] Rejected origin: https://lightyellow-mole-122406.hostingersite.com"}
{"timestamp":"2026-06-22T19:37:27.143Z","level":"ERROR","message":"[ERROR] GET /api/v1/products?is_weekly_deal=true"}
{"timestamp":"2026-06-22T19:37:27.143Z","level":"ERROR","message":"Error: Not allowed by CORS\n    at origin (/home/u650716787/domains/api.mariotstore.com/nodejs/app.js:118:22)\n    at /home/u650716787/domains/api.mariotstore.com/nodejs/node_modules/cors/lib/index.js:219:13\n    at optionsCallback (/home/u650716787/domains/api.mariotstore.com/nodejs/node_modules/cors/lib/index.js:199:9)\n    at corsMiddleware (/home/u650716787/domains/api.mariotstore.com/nodejs/node_modules/cors/lib/index.js:204:7)\n    at Layer.handleRequest (/home/u650716787/domains/api.mariotstore.com/nodejs/node_modules/router/lib/layer.js:152:17)\n    at trimPrefix (/home/u650716787/domains/api.mariotstore.com/nodejs/node_modules/router/index.js:342:13)\n    at /home/u650716787/domains/api.mariotstore.com/nodejs/node_modules/router/index.js:297:9\n    at processParams (/home/u650716787/domains/api.mariotstore.com/nodejs/node_modules/router/index.js:582:12)\n    at next (/home/u650716787/domains/api.mariotstore.com/nodejs/node_modules/router/index.js:291:5)\n    at hpp (/home/u650716787/domains/api.mariotstore.com/nodejs/node_modules/hpp/lib/index.js:146:9)\n    at Layer.handleRequest (/home/u650716787/domains/api.mariotstore.com/nodejs/node_modules/router/lib/layer.js:152:17)\n    at trimPrefix (/home/u650716787/domains/api.mariotstore.com/nodejs/node_modules/router/index.js:342:13)\n    at /home/u650716787/domains/api.mariotstore.com/nodejs/node_modules/router/index.js:297:9\n    at processParams (/home/u650716787/domains/api.mariotstore.com/nodejs/node_modules/router/index.js:582:12)\n    at next (/home/u650716787/domains/api.mariotstore.com/nodejs/node_modules/router/index.js:291:5)\n    at internalNext (/home/u650716787/domains/api.mariotstore.com/nodejs/node_modules/helmet/index.cjs:531:6)"}
{"timestamp":"2026-06-22T19:37:57.094Z","level":"WARN","message":"[CORS] Rejected origin: https://lightyellow-mole-122406.hostingersite.com"}
{"timestamp":"2026-06-22T19:37:57.094Z","level":"ERROR","message":"[ERROR] GET /api/v1/products?is_limited_offer=true&limit=7"}
{"timestamp":"2026-06-22T19:37:57.094Z","level":"ERROR","message":"Error: Not allowed by CORS\n    at origin (/home/u650716787/domains/api.mariotstore.com/nodejs/app.js:118:22)\n    at /home/u650716787/domains/api.mariotstore.com/nodejs/node_modules/cors/lib/index.js:219:13\n    at optionsCallback (/home/u650716787/domains/api.mariotstore.com/nodejs/node_modules/cors/lib/index.js:199:9)\n    at corsMiddleware (/home/u650716787/domains/api.mariotstore.com/nodejs/node_modules/cors/lib/index.js:204:7)\n    at Layer.handleRequest (/home/u650716787/domains/api.mariotstore.com/nodejs/node_modules/router/lib/layer.js:152:17)\n    at trimPrefix (/home/u650716787/domains/api.mariotstore.com/nodejs/node_modules/router/index.js:342:13)\n    at /home/u650716787/domains/api.mariotstore.com/nodejs/node_modules/router/index.js:297:9\n    at processParams (/home/u650716787/domains/api.mariotstore.com/nodejs/node_modules/router/index.js:582:12)\n    at next (/home/u650716787/domains/api.mariotstore.com/nodejs/node_modules/router/index.js:291:5)\n    at hpp (/home/u650716787/domains/api.mariotstore.com/nodejs/node_modules/hpp/lib/index.js:146:9)\n    at Layer.handleRequest (/home/u650716787/domains/api.mariotstore.com/nodejs/node_modules/router/lib/layer.js:152:17)\n    at trimPrefix (/home/u650716787/domains/api.mariotstore.com/nodejs/node_modules/router/index.js:342:13)\n    at /home/u650716787/domains/api.mariotstore.com/nodejs/node_modules/router/index.js:297:9\n    at processParams (/home/u650716787/domains/api.mariotstore.com/nodejs/node_modules/router/index.js:582:12)\n    at next (/home/u650716787/domains/api.mariotstore.com/nodejs/node_modules/router/index.js:291:5)\n    at internalNext (/home/u650716787/domains/api.mariotstore.com/nodejs/node_modules/helmet/index.cjs:531:6)"}
{"timestamp":"2026-06-22T19:37:57.095Z","level":"WARN","message":"[CORS] Rejected origin: https://lightyellow-mole-122406.hostingersite.com"}
{"timestamp":"2026-06-22T19:37:57.096Z","level":"ERROR","message":"[ERROR] GET /api/v1/products?is_weekly_deal=true"}
{"timestamp":"2026-06-22T19:37:57.096Z","level":"ERROR","message":"Error: Not allowed by CORS\n    at origin (/home/u650716787/domains/api.mariotstore.com/nodejs/app.js:118:22)\n    at /home/u650716787/domains/api.mariotstore.com/nodejs/node_modules/cors/lib/index.js:219:13\n    at optionsCallback (/home/u650716787/domains/api.mariotstore.com/nodejs/node_modules/cors/lib/index.js:199:9)\n    at corsMiddleware (/home/u650716787/domains/api.mariotstore.com/nodejs/node_modules/cors/lib/index.js:204:7)\n    at Layer.handleRequest (/home/u650716787/domains/api.mariotstore.com/nodejs/node_modules/router/lib/layer.js:152:17)\n    at trimPrefix (/home/u650716787/domains/api.mariotstore.com/nodejs/node_modules/router/index.js:342:13)\n    at /home/u650716787/domains/api.mariotstore.com/nodejs/node_modules/router/index.js:297:9\n    at processParams (/home/u650716787/domains/api.mariotstore.com/nodejs/node_modules/router/index.js:582:12)\n    at next (/home/u650716787/domains/api.mariotstore.com/nodejs/node_modules/router/index.js:291:5)\n    at hpp (/home/u650716787/domains/api.mariotstore.com/nodejs/node_modules/hpp/lib/index.js:146:9)\n    at Layer.handleRequest (/home/u650716787/domains/api.mariotstore.com/nodejs/node_modules/router/lib/layer.js:152:17)\n    at trimPrefix (/home/u650716787/domains/api.mariotstore.com/nodejs/node_modules/router/index.js:342:13)\n    at /home/u650716787/domains/api.mariotstore.com/nodejs/node_modules/router/index.js:297:9\n    at processParams (/home/u650716787/domains/api.mariotstore.com/nodejs/node_modules/router/index.js:582:12)\n    at next (/home/u650716787/domains/api.mariotstore.com/nodejs/node_modules/router/index.js:291:5)\n    at internalNext (/home/u650716787/domains/api.mariotstore.com/nodejs/node_modules/helmet/index.cjs:531:6)"}
{"timestamp":"2026-06-22T19:38:26.791Z","level":"WARN","message":"[CORS] Rejected origin: https://lightyellow-mole-122406.hostingersite.com"}
{"timestamp":"2026-06-22T19:38:26.791Z","level":"ERROR","message":"[ERROR] GET /api/v1/products?is_weekly_deal=true"}
{"timestamp":"2026-06-22T19:38:26.792Z","level":"ERROR","message":"Error: Not allowed by CORS\n    at origin (/home/u650716787/domains/api.mariotstore.com/nodejs/app.js:118:22)\n    at /home/u650716787/domains/api.mariotstore.com/nodejs/node_modules/cors/lib/index.js:219:13\n    at optionsCallback (/home/u650716787/domains/api.mariotstore.com/nodejs/node_modules/cors/lib/index.js:199:9)\n    at corsMiddleware (/home/u650716787/domains/api.mariotstore.com/nodejs/node_modules/cors/lib/index.js:204:7)\n    at Layer.handleRequest (/home/u650716787/domains/api.mariotstore.com/nodejs/node_modules/router/lib/layer.js:152:17)\n    at trimPrefix (/home/u650716787/domains/api.mariotstore.com/nodejs/node_modules/router/index.js:342:13)\n    at /home/u650716787/domains/api.mariotstore.com/nodejs/node_modules/router/index.js:297:9\n    at processParams (/home/u650716787/domains/api.mariotstore.com/nodejs/node_modules/router/index.js:582:12)\n    at next (/home/u650716787/domains/api.mariotstore.com/nodejs/node_modules/router/index.js:291:5)\n    at hpp (/home/u650716787/domains/api.mariotstore.com/nodejs/node_modules/hpp/lib/index.js:146:9)\n    at Layer.handleRequest (/home/u650716787/domains/api.mariotstore.com/nodejs/node_modules/router/lib/layer.js:152:17)\n    at trimPrefix (/home/u650716787/domains/api.mariotstore.com/nodejs/node_modules/router/index.js:342:13)\n    at /home/u650716787/domains/api.mariotstore.com/nodejs/node_modules/router/index.js:297:9\n    at processParams (/home/u650716787/domains/api.mariotstore.com/nodejs/node_modules/router/index.js:582:12)\n    at next (/home/u650716787/domains/api.mariotstore.com/nodejs/node_modules/router/index.js:291:5)\n    at internalNext (/home/u650716787/domains/api.mariotstore.com/nodejs/node_modules/helmet/index.cjs:531:6)"}
{"timestamp":"2026-06-22T19:38:27.121Z","level":"WARN","message":"[CORS] Rejected origin: https://lightyellow-mole-122406.hostingersite.com"}
{"timestamp":"2026-06-22T19:38:27.121Z","level":"ERROR","message":"[ERROR] GET /api/v1/products?is_limited_offer=true&limit=7"}
{"timestamp":"2026-06-22T19:38:27.121Z","level":"ERROR","message":"Error: Not allowed by CORS\n    at origin (/home/u650716787/domains/api.mariotstore.com/nodejs/app.js:118:22)\n    at /home/u650716787/domains/api.mariotstore.com/nodejs/node_modules/cors/lib/index.js:219:13\n    at optionsCallback (/home/u650716787/domains/api.mariotstore.com/nodejs/node_modules/cors/lib/index.js:199:9)\n    at corsMiddleware (/home/u650716787/domains/api.mariotstore.com/nodejs/node_modules/cors/lib/index.js:204:7)\n    at Layer.handleRequest (/home/u650716787/domains/api.mariotstore.com/nodejs/node_modules/router/lib/layer.js:152:17)\n    at trimPrefix (/home/u650716787/domains/api.mariotstore.com/nodejs/node_modules/router/index.js:342:13)\n    at /home/u650716787/domains/api.mariotstore.com/nodejs/node_modules/router/index.js:297:9\n    at processParams (/home/u650716787/domains/api.mariotstore.com/nodejs/node_modules/router/index.js:582:12)\n    at next (/home/u650716787/domains/api.mariotstore.com/nodejs/node_modules/router/index.js:291:5)\n    at hpp (/home/u650716787/domains/api.mariotstore.com/nodejs/node_modules/hpp/lib/index.js:146:9)\n    at Layer.handleRequest (/home/u650716787/domains/api.mariotstore.com/nodejs/node_modules/router/lib/layer.js:152:17)\n    at trimPrefix (/home/u650716787/domains/api.mariotstore.com/nodejs/node_modules/router/index.js:342:13)\n    at /home/u650716787/domains/api.mariotstore.com/nodejs/node_modules/router/index.js:297:9\n    at processParams (/home/u650716787/domains/api.mariotstore.com/nodejs/node_modules/router/index.js:582:12)\n    at next (/home/u650716787/domains/api.mariotstore.com/nodejs/node_modules/router/index.js:291:5)\n    at internalNext (/home/u650716787/domains/api.mariotstore.com/nodejs/node_modules/helmet/index.cjs:531:6)"}
{"timestamp":"2026-06-22T19:55:34.532Z","level":"LOG","message":"[ABANDONED CART] 🔍 Scanning for abandoned carts..."}
{"timestamp":"2026-06-22T19:55:34.533Z","level":"LOG","message":"[ABANDONED CART] ✅ Scan complete. Sent 0 reminder(s)."}
{"timestamp":"2026-06-22T19:56:18.185Z","level":"LOG","message":"[ABANDONED CART] 🔍 Scanning for abandoned carts..."}
{"timestamp":"2026-06-22T19:56:18.187Z","level":"LOG","message":"[ABANDONED CART] ✅ Scan complete. Sent 0 reminder(s)."}
{"timestamp":"2026-06-22T19:56:18.232Z","level":"LOG","message":"[ABANDONED CART] 🔍 Scanning for abandoned carts..."}
{"timestamp":"2026-06-22T19:56:18.234Z","level":"LOG","message":"[ABANDONED CART] ✅ Scan complete. Sent 0 reminder(s)."}
{"timestamp":"2026-06-22T20:25:34.533Z","level":"LOG","message":"[ABANDONED CART] 🔍 Scanning for abandoned carts..."}
{"timestamp":"2026-06-22T20:25:34.535Z","level":"LOG","message":"[ABANDONED CART] ✅ Scan complete. Sent 0 reminder(s)."}
{"timestamp":"2026-06-22T20:26:18.187Z","level":"LOG","message":"[ABANDONED CART] 🔍 Scanning for abandoned carts..."}
{"timestamp":"2026-06-22T20:26:18.189Z","level":"LOG","message":"[ABANDONED CART] ✅ Scan complete. Sent 0 reminder(s)."}
{"timestamp":"2026-06-22T20:26:18.234Z","level":"LOG","message":"[ABANDONED CART] 🔍 Scanning for abandoned carts..."}
{"timestamp":"2026-06-22T20:26:18.236Z","level":"LOG","message":"[ABANDONED CART] ✅ Scan complete. Sent 0 reminder(s)."}
{"timestamp":"2026-06-22T20:58:31.995Z","level":"LOG","message":"[dotenv@17.2.4] injecting env (1) from .env -- tip: 🔄 add secrets lifecycle management: https://dotenvx.com/ops"}
{"timestamp":"2026-06-22T20:58:31.995Z","level":"LOG","message":"[BOOT] cwd = /home/u650716787/domains/api.mariotstore.com/nodejs"}
{"timestamp":"2026-06-22T20:58:31.995Z","level":"LOG","message":"[BOOT] DB_USER = \"u650716787_mariot_user\""}
{"timestamp":"2026-06-22T20:58:31.996Z","level":"LOG","message":"[BOOT] DB_PASSWORD present = true"}
{"timestamp":"2026-06-22T20:58:31.996Z","level":"LOG","message":"[BOOT] DB_NAME = \"u650716787_mariot_db\""}
{"timestamp":"2026-06-22T20:58:32.194Z","level":"LOG","message":"[dotenv@17.2.4] injecting env (0) from .env -- tip: ✅ audit secrets and track compliance: https://dotenvx.com/ops"}
{"timestamp":"2026-06-22T20:58:32.457Z","level":"LOG","message":"[DEBUG] DB_HOST = \"localhost\""}
{"timestamp":"2026-06-22T20:58:32.457Z","level":"LOG","message":"[DEBUG] DB_USER = \"u650716787_mariot_user\""}
{"timestamp":"2026-06-22T20:58:32.457Z","level":"LOG","message":"[DEBUG] DB_PASSWORD present? true"}
{"timestamp":"2026-06-22T20:58:32.457Z","level":"LOG","message":"[DEBUG] DB_PASS present? false"}
{"timestamp":"2026-06-22T20:58:32.457Z","level":"LOG","message":"[DEBUG] DB_NAME = \"u650716787_mariot_db\""}
{"timestamp":"2026-06-22T20:58:33.153Z","level":"LOG","message":"[DB] Running initialization and migrations..."}
{"timestamp":"2026-06-22T20:58:33.160Z","level":"LOG","message":"[EMAIL] Resolved smtp.hostinger.com → 172.65.255.143 (IPv4)"}
{"timestamp":"2026-06-22T20:58:33.174Z","level":"ERROR","message":"Database connection failed: Access denied for user 'u650716787_mariot_user'@'::1' (using password: YES)"}
{"timestamp":"2026-06-22T20:58:33.177Z","level":"LOG","message":"[DB] contact_submissions table verified"}
{"timestamp":"2026-06-22T20:58:33.177Z","level":"LOG","message":"[DB] category_brands table verified"}
{"timestamp":"2026-06-22T20:58:33.178Z","level":"LOG","message":"[DB] reward_points_history table verified"}
{"timestamp":"2026-06-22T20:58:33.182Z","level":"LOG","message":"[DB] reward_points_history.transaction_type ENUM verified (reversed, refunded)"}
{"timestamp":"2026-06-22T20:58:33.182Z","level":"LOG","message":"[DB] staff role verified"}
{"timestamp":"2026-06-22T20:58:33.196Z","level":"LOG","message":"[DB] product variant tables verified"}
{"timestamp":"2026-06-22T20:58:33.204Z","level":"LOG","message":"[DB] signup_otps table verified"}
{"timestamp":"2026-06-22T20:58:33.204Z","level":"LOG","message":"[DB] invoices table verified"}
{"timestamp":"2026-06-22T20:58:33.204Z","level":"LOG","message":"[DB] staff_permissions table verified"}
{"timestamp":"2026-06-22T20:58:33.205Z","level":"LOG","message":"[DB] stock_notifications table verified"}
{"timestamp":"2026-06-22T20:58:33.205Z","level":"LOG","message":"[DB] settings table verified"}
{"timestamp":"2026-06-22T20:58:33.208Z","level":"LOG","message":"[EMAIL] SMTP_EMAIL: admin@mariotstore.com"}
{"timestamp":"2026-06-22T20:58:33.208Z","level":"LOG","message":"[EMAIL] SMTP_PASSWORD length: 17 chars"}
{"timestamp":"2026-06-22T20:58:33.211Z","level":"LOG","message":"[ABANDONED CART] 🚀 Cron job started (runs every 30 minutes)"}
{"timestamp":"2026-06-22T20:58:33.212Z","level":"LOG","message":"[POINTS STATEMENT] 🚀 Job started (fires monthly: 1st 10:00 Asia/Dubai, with a 2nd–3rd grace window)"}
{"timestamp":"2026-06-22T20:58:33.213Z","level":"LOG","message":"Server running in production mode on port 5000"}
{"timestamp":"2026-06-22T20:58:34.094Z","level":"LOG","message":"[EMAIL] ✅ SMTP connection verified successfully"}
{"timestamp":"2026-06-22T20:59:03.222Z","level":"LOG","message":"[ABANDONED CART] 🔍 Scanning for abandoned carts..."}
{"timestamp":"2026-06-22T20:59:03.224Z","level":"LOG","message":"[ABANDONED CART] ✅ Scan complete. Sent 0 reminder(s)."}
{"timestamp":"2026-06-22T21:04:56.839Z","level":"LOG","message":"GET PRODUCTS QUERY: {\"is_featured\":\"1\",\"limit\":\"6\",\"status\":\"active\"}"}
{"timestamp":"2026-06-22T21:04:57.398Z","level":"LOG","message":"GET PRODUCTS QUERY: {\"category\":\"coffee-and-tea-brewers\",\"limit\":\"1\"}"}
{"timestamp":"2026-06-22T21:04:57.399Z","level":"LOG","message":"GET PRODUCTS QUERY: {\"category\":\"espresso-machines\",\"limit\":\"1\"}"}
{"timestamp":"2026-06-22T21:04:57.418Z","level":"LOG","message":"GET PRODUCTS QUERY: {\"category\":\"coffee-grinders\",\"limit\":\"1\"}"}
{"timestamp":"2026-06-22T21:04:57.420Z","level":"LOG","message":"GET PRODUCTS QUERY: {\"category\":\"water-softner\",\"limit\":\"1\"}"}
{"timestamp":"2026-06-22T21:04:57.573Z","level":"LOG","message":"GET PRODUCTS QUERY: {\"category\":\"coffee-makers\",\"limit\":\"5\",\"sort\":\"price_desc\"}"}
{"timestamp":"2026-06-22T21:05:03.933Z","level":"LOG","message":"GET PRODUCTS QUERY: {\"is_featured\":\"1\",\"limit\":\"6\",\"status\":\"active\"}"}
{"timestamp":"2026-06-22T21:05:04.218Z","level":"LOG","message":"GET PRODUCTS QUERY: {\"category\":\"coffee-grinders\",\"limit\":\"1\"}"}
{"timestamp":"2026-06-22T21:05:04.219Z","level":"LOG","message":"GET PRODUCTS QUERY: {\"category\":\"espresso-machines\",\"limit\":\"1\"}"}
{"timestamp":"2026-06-22T21:05:04.220Z","level":"LOG","message":"GET PRODUCTS QUERY: {\"category\":\"coffee-and-tea-brewers\",\"limit\":\"1\"}"}
{"timestamp":"2026-06-22T21:05:04.247Z","level":"LOG","message":"GET PRODUCTS QUERY: {\"category\":\"water-softner\",\"limit\":\"1\"}"}
{"timestamp":"2026-06-22T21:05:04.377Z","level":"LOG","message":"GET PRODUCTS QUERY: {\"category\":\"coffee-makers\",\"limit\":\"5\",\"sort\":\"price_desc\"}"}
{"timestamp":"2026-06-22T21:05:10.967Z","level":"LOG","message":"GET PRODUCTS QUERY: {\"page\":\"1\",\"limit\":\"24\",\"category\":\"espresso-machines\"}"}
{"timestamp":"2026-06-22T21:05:11.968Z","level":"LOG","message":"GET PRODUCTS QUERY: {\"is_featured\":\"1\",\"limit\":\"6\",\"status\":\"active\"}"}
{"timestamp":"2026-06-22T21:05:12.132Z","level":"LOG","message":"GET PRODUCTS QUERY: {\"page\":\"1\",\"limit\":\"24\",\"category\":\"espresso-machines\"}"}
{"timestamp":"2026-06-22T21:05:27.307Z","level":"LOG","message":"GET PRODUCTS QUERY: {\"is_featured\":\"1\",\"limit\":\"6\",\"status\":\"active\"}"}
{"timestamp":"2026-06-22T21:05:27.473Z","level":"LOG","message":"GET PRODUCTS QUERY: {\"page\":\"1\",\"limit\":\"24\",\"category\":\"espresso-machines\"}"}
{"timestamp":"2026-06-22T21:05:33.948Z","level":"LOG","message":"GET PRODUCTS QUERY: {\"page\":\"1\",\"limit\":\"24\",\"category\":\"espresso-machines\"}"}
{"timestamp":"2026-06-22T21:05:34.136Z","level":"LOG","message":"GET PRODUCTS QUERY: {\"is_featured\":\"1\",\"limit\":\"6\",\"status\":\"active\"}"}
{"timestamp":"2026-06-22T21:05:36.638Z","level":"LOG","message":"GET PRODUCTS QUERY: {\"is_featured\":\"1\",\"limit\":\"6\",\"status\":\"active\"}"}
{"timestamp":"2026-06-22T21:05:36.827Z","level":"LOG","message":"GET PRODUCTS QUERY: {\"page\":\"1\",\"limit\":\"24\",\"category\":\"espresso-machines\"}"}
{"timestamp":"2026-06-22T21:05:37.467Z","level":"LOG","message":"GET PRODUCTS QUERY: {\"is_featured\":\"1\",\"limit\":\"6\",\"status\":\"active\"}"}
{"timestamp":"2026-06-22T21:05:37.662Z","level":"LOG","message":"GET PRODUCTS QUERY: {\"page\":\"1\",\"limit\":\"24\",\"category\":\"espresso-machines\"}"}
{"timestamp":"2026-06-22T21:05:49.743Z","level":"LOG","message":"GET PRODUCTS QUERY: {\"is_limited_offer\":\"true\",\"limit\":\"8\"}"}
{"timestamp":"2026-06-22T21:05:49.744Z","level":"LOG","message":"GET PRODUCTS QUERY: {\"is_weekly_deal\":\"true\"}"}
{"timestamp":"2026-06-22T21:05:49.774Z","level":"LOG","message":"GET PRODUCTS QUERY: {\"category\":\"stainless-steel-fabrications\",\"limit\":\"12\"}"}
{"timestamp":"2026-06-22T21:05:50.044Z","level":"LOG","message":"GET PRODUCTS QUERY: {\"is_limited_offer\":\"true\",\"limit\":\"7\"}"}
{"timestamp":"2026-06-22T21:05:50.045Z","level":"LOG","message":"GET PRODUCTS QUERY: {\"is_weekly_deal\":\"true\"}"}
{"timestamp":"2026-06-22T21:06:08.379Z","level":"LOG","message":"GET PRODUCTS QUERY: {\"is_limited_offer\":\"true\",\"limit\":\"7\"}"}
{"timestamp":"2026-06-22T21:06:08.396Z","level":"LOG","message":"GET PRODUCTS QUERY: {\"is_weekly_deal\":\"true\"}"}
{"timestamp":"2026-06-22T21:06:10.687Z","level":"LOG","message":"GET PRODUCTS QUERY: {\"is_featured\":\"1\",\"limit\":\"6\",\"status\":\"active\"}"}
{"timestamp":"2026-06-22T21:06:18.273Z","level":"LOG","message":"GET PRODUCTS QUERY: {\"is_featured\":\"1\",\"limit\":\"6\",\"status\":\"active\"}"}
{"timestamp":"2026-06-22T21:06:28.366Z","level":"LOG","message":"GET PRODUCTS QUERY: {\"is_limited_offer\":\"true\",\"limit\":\"7\"}"}
{"timestamp":"2026-06-22T21:06:28.366Z","level":"LOG","message":"GET PRODUCTS QUERY: {\"is_weekly_deal\":\"true\"}"}
{"timestamp":"2026-06-22T21:06:34.122Z","level":"LOG","message":"GET PRODUCTS QUERY: {\"is_featured\":\"1\",\"limit\":\"6\",\"status\":\"active\"}"}
{"timestamp":"2026-06-22T21:06:34.123Z","level":"LOG","message":"GET PRODUCTS QUERY: {\"category\":\"espresso-machines\",\"limit\":\"1\"}"}
{"timestamp":"2026-06-22T21:06:34.146Z","level":"LOG","message":"GET PRODUCTS QUERY: {\"category\":\"coffee-grinders\",\"limit\":\"1\"}"}
{"timestamp":"2026-06-22T21:06:34.148Z","level":"LOG","message":"GET PRODUCTS QUERY: {\"category\":\"coffee-and-tea-brewers\",\"limit\":\"1\"}"}
{"timestamp":"2026-06-22T21:06:34.149Z","level":"LOG","message":"GET PRODUCTS QUERY: {\"category\":\"water-softner\",\"limit\":\"1\"}"}
{"timestamp":"2026-06-22T21:06:34.289Z","level":"LOG","message":"GET PRODUCTS QUERY: {\"category\":\"coffee-makers\",\"limit\":\"5\",\"sort\":\"price_desc\"}"}
{"timestamp":"2026-06-22T21:06:35.413Z","level":"LOG","message":"GET PRODUCTS QUERY: {\"page\":\"1\",\"limit\":\"24\",\"category\":\"espresso-machines\"}"}
{"timestamp":"2026-06-22T21:06:36.218Z","level":"LOG","message":"GET PRODUCTS QUERY: {\"page\":\"1\",\"limit\":\"24\",\"category\":\"espresso-machines\"}"}
{"timestamp":"2026-06-22T21:06:36.878Z","level":"LOG","message":"GET PRODUCTS QUERY: {\"is_featured\":\"1\",\"limit\":\"6\",\"status\":\"active\"}"}
{"timestamp":"2026-06-22T21:06:57.873Z","level":"LOG","message":"GET PRODUCTS QUERY: {\"is_featured\":\"1\",\"limit\":\"6\",\"status\":\"active\"}"}
{"timestamp":"2026-06-22T21:06:58.067Z","level":"LOG","message":"GET PRODUCTS QUERY: {\"page\":\"1\",\"limit\":\"24\",\"category\":\"espresso-machines\"}"}
{"timestamp":"2026-06-22T21:08:10.227Z","level":"LOG","message":"GET PRODUCTS QUERY: {\"page\":\"1\",\"limit\":\"24\",\"category\":\"espresso-machines\"}"}
{"timestamp":"2026-06-22T21:08:11.113Z","level":"LOG","message":"GET PRODUCTS QUERY: {\"is_featured\":\"1\",\"limit\":\"6\",\"status\":\"active\"}"}
{"timestamp":"2026-06-22T21:08:11.307Z","level":"LOG","message":"GET PRODUCTS QUERY: {\"page\":\"1\",\"limit\":\"24\",\"category\":\"espresso-machines\"}"}
{"timestamp":"2026-06-22T21:08:53.110Z","level":"LOG","message":"GET PRODUCTS QUERY: {\"is_limited_offer\":\"true\",\"limit\":\"8\"}"}
{"timestamp":"2026-06-22T21:08:53.116Z","level":"LOG","message":"GET PRODUCTS QUERY: {\"is_weekly_deal\":\"true\"}"}
{"timestamp":"2026-06-22T21:08:53.117Z","level":"LOG","message":"GET PRODUCTS QUERY: {\"category\":\"stainless-steel-fabrications\",\"limit\":\"12\"}"}
{"timestamp":"2026-06-22T21:08:54.403Z","level":"LOG","message":"GET PRODUCTS QUERY: {\"is_limited_offer\":\"true\",\"limit\":\"7\"}"}
{"timestamp":"2026-06-22T21:08:54.404Z","level":"LOG","message":"GET PRODUCTS QUERY: {\"is_weekly_deal\":\"true\"}"}
{"timestamp":"2026-06-22T21:08:55.536Z","level":"LOG","message":"GET PRODUCTS QUERY: {\"is_featured\":\"1\",\"limit\":\"6\",\"status\":\"active\"}"}
{"timestamp":"2026-06-22T21:08:57.786Z","level":"LOG","message":"GET PRODUCTS QUERY: {\"is_featured\":\"1\",\"limit\":\"6\",\"status\":\"active\"}"}
{"timestamp":"2026-06-22T21:09:40.692Z","level":"LOG","message":"GET PRODUCTS QUERY: {\"is_weekly_deal\":\"true\"}"}
{"timestamp":"2026-06-22T21:09:40.693Z","level":"LOG","message":"GET PRODUCTS QUERY: {\"is_limited_offer\":\"true\",\"limit\":\"7\"}"}
{"timestamp":"2026-06-22T21:09:40.857Z","level":"LOG","message":"GET PRODUCTS QUERY: {\"is_featured\":\"1\",\"limit\":\"6\",\"status\":\"active\"}"}
{"timestamp":"2026-06-22T21:09:48.448Z","level":"LOG","message":"GET PRODUCTS QUERY: {\"category\":\"espresso-machines\",\"limit\":\"1\"}"}
{"timestamp":"2026-06-22T21:09:48.467Z","level":"LOG","message":"GET PRODUCTS QUERY: {\"category\":\"coffee-and-tea-brewers\",\"limit\":\"1\"}"}
{"timestamp":"2026-06-22T21:09:48.468Z","level":"LOG","message":"GET PRODUCTS QUERY: {\"category\":\"water-softner\",\"limit\":\"1\"}"}
{"timestamp":"2026-06-22T21:09:48.470Z","level":"LOG","message":"GET PRODUCTS QUERY: {\"category\":\"coffee-grinders\",\"limit\":\"1\"}"}
{"timestamp":"2026-06-22T21:09:48.475Z","level":"LOG","message":"GET PRODUCTS QUERY: {\"is_featured\":\"1\",\"limit\":\"6\",\"status\":\"active\"}"}
{"timestamp":"2026-06-22T21:09:48.602Z","level":"LOG","message":"GET PRODUCTS QUERY: {\"category\":\"coffee-makers\",\"limit\":\"5\",\"sort\":\"price_desc\"}"}
{"timestamp":"2026-06-22T21:09:50.265Z","level":"LOG","message":"GET PRODUCTS QUERY: {\"page\":\"1\",\"limit\":\"24\",\"category\":\"espresso-machines\"}"}
{"timestamp":"2026-06-22T21:09:50.992Z","level":"LOG","message":"GET PRODUCTS QUERY: {\"is_featured\":\"1\",\"limit\":\"6\",\"status\":\"active\"}"}
{"timestamp":"2026-06-22T21:09:51.162Z","level":"LOG","message":"GET PRODUCTS QUERY: {\"page\":\"1\",\"limit\":\"24\",\"category\":\"espresso-machines\"}"}
{"timestamp":"2026-06-22T21:10:03.326Z","level":"LOG","message":"GET PRODUCTS QUERY: {\"is_featured\":\"1\",\"limit\":\"6\",\"status\":\"active\"}"}
{"timestamp":"2026-06-22T21:10:03.427Z","level":"LOG","message":"GET PRODUCTS QUERY: {\"page\":\"1\",\"limit\":\"24\",\"category\":\"espresso-machines\"}"}
{"timestamp":"2026-06-22T21:28:33.215Z","level":"LOG","message":"[ABANDONED CART] 🔍 Scanning for abandoned carts..."}
{"timestamp":"2026-06-22T21:28:33.217Z","level":"LOG","message":"[ABANDONED CART] ✅ Scan complete. Sent 0 reminder(s)."}
{"timestamp":"2026-06-22T21:58:33.214Z","level":"LOG","message":"[ABANDONED CART] 🔍 Scanning for abandoned carts..."}
{"timestamp":"2026-06-22T21:58:33.216Z","level":"LOG","message":"[ABANDONED CART] ✅ Scan complete. Sent 0 reminder(s)."}
{"timestamp":"2026-06-23T00:23:52.533Z","level":"LOG","message":"[dotenv@17.2.4] injecting env (1) from .env -- tip: ⚙️  override existing env vars with { override: true }"}
{"timestamp":"2026-06-23T00:23:52.534Z","level":"LOG","message":"[BOOT] cwd = /home/u650716787/domains/api.mariotstore.com/nodejs"}
{"timestamp":"2026-06-23T00:23:52.534Z","level":"LOG","message":"[BOOT] DB_USER = \"u650716787_mariot_user\""}
{"timestamp":"2026-06-23T00:23:52.534Z","level":"LOG","message":"[BOOT] DB_PASSWORD present = true"}
{"timestamp":"2026-06-23T00:23:52.534Z","level":"LOG","message":"[BOOT] DB_NAME = \"u650716787_mariot_db\""}
{"timestamp":"2026-06-23T00:23:52.712Z","level":"LOG","message":"[dotenv@17.2.4] injecting env (0) from .env -- tip: ⚙️  suppress all logs with { quiet: true }"}
{"timestamp":"2026-06-23T00:23:52.958Z","level":"LOG","message":"[DEBUG] DB_HOST = \"localhost\""}
{"timestamp":"2026-06-23T00:23:52.958Z","level":"LOG","message":"[DEBUG] DB_USER = \"u650716787_mariot_user\""}
{"timestamp":"2026-06-23T00:23:52.958Z","level":"LOG","message":"[DEBUG] DB_PASSWORD present? true"}
{"timestamp":"2026-06-23T00:23:52.958Z","level":"LOG","message":"[DEBUG] DB_PASS present? false"}
{"timestamp":"2026-06-23T00:23:52.958Z","level":"LOG","message":"[DEBUG] DB_NAME = \"u650716787_mariot_db\""}
{"timestamp":"2026-06-23T00:23:53.622Z","level":"LOG","message":"[DB] Running initialization and migrations..."}
{"timestamp":"2026-06-23T00:23:53.628Z","level":"LOG","message":"[EMAIL] Resolved smtp.hostinger.com → 172.65.255.143 (IPv4)"}
{"timestamp":"2026-06-23T00:23:53.641Z","level":"ERROR","message":"Database connection failed: Access denied for user 'u650716787_mariot_user'@'::1' (using password: YES)"}
{"timestamp":"2026-06-23T00:23:53.643Z","level":"LOG","message":"[DB] contact_submissions table verified"}
{"timestamp":"2026-06-23T00:23:53.644Z","level":"LOG","message":"[DB] category_brands table verified"}
{"timestamp":"2026-06-23T00:23:53.644Z","level":"LOG","message":"[DB] reward_points_history table verified"}
{"timestamp":"2026-06-23T00:23:53.649Z","level":"LOG","message":"[DB] reward_points_history.transaction_type ENUM verified (reversed, refunded)"}
{"timestamp":"2026-06-23T00:23:53.649Z","level":"LOG","message":"[DB] staff role verified"}
{"timestamp":"2026-06-23T00:23:53.662Z","level":"LOG","message":"[DB] product variant tables verified"}
{"timestamp":"2026-06-23T00:23:53.670Z","level":"LOG","message":"[DB] signup_otps table verified"}
{"timestamp":"2026-06-23T00:23:53.671Z","level":"LOG","message":"[DB] invoices table verified"}
{"timestamp":"2026-06-23T00:23:53.671Z","level":"LOG","message":"[DB] staff_permissions table verified"}
{"timestamp":"2026-06-23T00:23:53.671Z","level":"LOG","message":"[DB] stock_notifications table verified"}
{"timestamp":"2026-06-23T00:23:53.671Z","level":"LOG","message":"[DB] settings table verified"}
{"timestamp":"2026-06-23T00:23:53.674Z","level":"LOG","message":"[EMAIL] SMTP_EMAIL: admin@mariotstore.com"}
{"timestamp":"2026-06-23T00:23:53.674Z","level":"LOG","message":"[EMAIL] SMTP_PASSWORD length: 17 chars"}
{"timestamp":"2026-06-23T00:23:53.678Z","level":"LOG","message":"[ABANDONED CART] 🚀 Cron job started (runs every 30 minutes)"}
{"timestamp":"2026-06-23T00:23:53.679Z","level":"LOG","message":"[POINTS STATEMENT] 🚀 Job started (fires monthly: 1st 10:00 Asia/Dubai, with a 2nd–3rd grace window)"}
{"timestamp":"2026-06-23T00:23:53.679Z","level":"LOG","message":"Server running in production mode on port 5000"}
{"timestamp":"2026-06-23T00:23:53.699Z","level":"LOG","message":"404: METHOD GET URL /robots.txt"}
{"timestamp":"2026-06-23T00:23:54.542Z","level":"LOG","message":"[EMAIL] ✅ SMTP connection verified successfully"}
{"timestamp":"2026-06-23T00:24:23.683Z","level":"LOG","message":"[ABANDONED CART] 🔍 Scanning for abandoned carts..."}
{"timestamp":"2026-06-23T00:24:25.941Z","level":"LOG","message":"[EMAIL] ✅ Abandoned cart reminder #1 sent to Mohamadjadoue@gmail.com"}
{"timestamp":"2026-06-23T00:24:25.942Z","level":"LOG","message":"[ABANDONED CART] ✅ Scan complete. Sent 1 reminder(s)."}
{"timestamp":"2026-06-23T00:24:32.928Z","level":"LOG","message":"[dotenv@17.2.4] injecting env (1) from .env -- tip: 🗂️ backup and recover secrets: https://dotenvx.com/ops"}
{"timestamp":"2026-06-23T00:24:32.929Z","level":"LOG","message":"[BOOT] cwd = /home/u650716787/domains/api.mariotstore.com/nodejs"}
{"timestamp":"2026-06-23T00:24:32.929Z","level":"LOG","message":"[BOOT] DB_USER = \"u650716787_mariot_user\""}
{"timestamp":"2026-06-23T00:24:32.929Z","level":"LOG","message":"[BOOT] DB_PASSWORD present = true"}
{"timestamp":"2026-06-23T00:24:32.929Z","level":"LOG","message":"[BOOT] DB_NAME = \"u650716787_mariot_db\""}
{"timestamp":"2026-06-23T00:24:33.023Z","level":"LOG","message":"[dotenv@17.2.4] injecting env (0) from .env -- tip: 🔄 add secrets lifecycle management: https://dotenvx.com/ops"}
{"timestamp":"2026-06-23T00:24:33.167Z","level":"LOG","message":"[DEBUG] DB_HOST = \"localhost\""}
{"timestamp":"2026-06-23T00:24:33.167Z","level":"LOG","message":"[DEBUG] DB_USER = \"u650716787_mariot_user\""}
{"timestamp":"2026-06-23T00:24:33.167Z","level":"LOG","message":"[DEBUG] DB_PASSWORD present? true"}
{"timestamp":"2026-06-23T00:24:33.167Z","level":"LOG","message":"[DEBUG] DB_PASS present? false"}
{"timestamp":"2026-06-23T00:24:33.167Z","level":"LOG","message":"[DEBUG] DB_NAME = \"u650716787_mariot_db\""}
{"timestamp":"2026-06-23T00:24:33.569Z","level":"LOG","message":"[DB] Running initialization and migrations..."}
{"timestamp":"2026-06-23T00:24:33.574Z","level":"LOG","message":"[EMAIL] Resolved smtp.hostinger.com → 172.65.255.143 (IPv4)"}
{"timestamp":"2026-06-23T00:24:33.585Z","level":"ERROR","message":"Database connection failed: Access denied for user 'u650716787_mariot_user'@'::1' (using password: YES)"}
{"timestamp":"2026-06-23T00:24:33.587Z","level":"LOG","message":"[DB] contact_submissions table verified"}
{"timestamp":"2026-06-23T00:24:33.588Z","level":"LOG","message":"[DB] category_brands table verified"}
{"timestamp":"2026-06-23T00:24:33.588Z","level":"LOG","message":"[DB] reward_points_history table verified"}
{"timestamp":"2026-06-23T00:24:33.596Z","level":"LOG","message":"[DB] reward_points_history.transaction_type ENUM verified (reversed, refunded)"}
{"timestamp":"2026-06-23T00:24:33.596Z","level":"LOG","message":"[DB] staff role verified"}
{"timestamp":"2026-06-23T00:24:33.610Z","level":"LOG","message":"[DB] product variant tables verified"}
{"timestamp":"2026-06-23T00:24:33.618Z","level":"LOG","message":"[DB] signup_otps table verified"}
{"timestamp":"2026-06-23T00:24:33.618Z","level":"LOG","message":"[DB] invoices table verified"}
{"timestamp":"2026-06-23T00:24:33.619Z","level":"LOG","message":"[DB] staff_permissions table verified"}
{"timestamp":"2026-06-23T00:24:33.619Z","level":"LOG","message":"[DB] stock_notifications table verified"}
{"timestamp":"2026-06-23T00:24:33.619Z","level":"LOG","message":"[DB] settings table verified"}
{"timestamp":"2026-06-23T00:24:33.622Z","level":"LOG","message":"[EMAIL] SMTP_EMAIL: admin@mariotstore.com"}
{"timestamp":"2026-06-23T00:24:33.622Z","level":"LOG","message":"[EMAIL] SMTP_PASSWORD length: 17 chars"}
{"timestamp":"2026-06-23T00:24:33.625Z","level":"LOG","message":"[ABANDONED CART] 🚀 Cron job started (runs every 30 minutes)"}
{"timestamp":"2026-06-23T00:24:33.626Z","level":"LOG","message":"[POINTS STATEMENT] 🚀 Job started (fires monthly: 1st 10:00 Asia/Dubai, with a 2nd–3rd grace window)"}
{"timestamp":"2026-06-23T00:24:33.626Z","level":"LOG","message":"Server running in production mode on port 5000"}
{"timestamp":"2026-06-23T00:24:34.498Z","level":"LOG","message":"[EMAIL] ✅ SMTP connection verified successfully"}
{"timestamp":"2026-06-23T00:25:03.631Z","level":"LOG","message":"[ABANDONED CART] 🔍 Scanning for abandoned carts..."}
{"timestamp":"2026-06-23T00:25:03.635Z","level":"LOG","message":"[ABANDONED CART] ✅ Scan complete. Sent 0 reminder(s)."}
{"timestamp":"2026-06-23T00:53:53.682Z","level":"LOG","message":"[ABANDONED CART] 🔍 Scanning for abandoned carts..."}
{"timestamp":"2026-06-23T00:53:53.684Z","level":"LOG","message":"[ABANDONED CART] ✅ Scan complete. Sent 0 reminder(s)."}
{"timestamp":"2026-06-23T00:54:33.628Z","level":"LOG","message":"[ABANDONED CART] 🔍 Scanning for abandoned carts..."}
{"timestamp":"2026-06-23T00:54:33.630Z","level":"LOG","message":"[ABANDONED CART] ✅ Scan complete. Sent 0 reminder(s)."}
{"timestamp":"2026-06-23T01:23:53.683Z","level":"LOG","message":"[ABANDONED CART] 🔍 Scanning for abandoned carts..."}
{"timestamp":"2026-06-23T01:23:53.684Z","level":"LOG","message":"[ABANDONED CART] ✅ Scan complete. Sent 0 reminder(s)."}
{"timestamp":"2026-06-23T01:24:33.629Z","level":"LOG","message":"[ABANDONED CART] 🔍 Scanning for abandoned carts..."}
{"timestamp":"2026-06-23T01:24:33.630Z","level":"LOG","message":"[ABANDONED CART] ✅ Scan complete. Sent 0 reminder(s)."}
{"timestamp":"2026-06-23T04:42:34.541Z","level":"LOG","message":"[dotenv@17.2.4] injecting env (1) from .env -- tip: ⚙️  specify custom .env file path with { path: '/custom/path/.env' }"}
{"timestamp":"2026-06-23T04:42:34.542Z","level":"LOG","message":"[BOOT] cwd = /home/u650716787/domains/api.mariotstore.com/nodejs"}
{"timestamp":"2026-06-23T04:42:34.542Z","level":"LOG","message":"[BOOT] DB_USER = \"u650716787_mariot_user\""}
{"timestamp":"2026-06-23T04:42:34.542Z","level":"LOG","message":"[BOOT] DB_PASSWORD present = true"}
{"timestamp":"2026-06-23T04:42:34.542Z","level":"LOG","message":"[BOOT] DB_NAME = \"u650716787_mariot_db\""}
{"timestamp":"2026-06-23T04:42:34.758Z","level":"LOG","message":"[dotenv@17.2.4] injecting env (0) from .env -- tip: 👥 sync secrets across teammates & machines: https://dotenvx.com/ops"}
{"timestamp":"2026-06-23T04:42:35.042Z","level":"LOG","message":"[DEBUG] DB_HOST = \"localhost\""}
{"timestamp":"2026-06-23T04:42:35.042Z","level":"LOG","message":"[DEBUG] DB_USER = \"u650716787_mariot_user\""}
{"timestamp":"2026-06-23T04:42:35.042Z","level":"LOG","message":"[DEBUG] DB_PASSWORD present? true"}
{"timestamp":"2026-06-23T04:42:35.043Z","level":"LOG","message":"[DEBUG] DB_PASS present? false"}
{"timestamp":"2026-06-23T04:42:35.043Z","level":"LOG","message":"[DEBUG] DB_NAME = \"u650716787_mariot_db\""}
{"timestamp":"2026-06-23T04:42:35.775Z","level":"LOG","message":"[DB] Running initialization and migrations..."}
{"timestamp":"2026-06-23T04:42:35.792Z","level":"LOG","message":"[EMAIL] Resolved smtp.hostinger.com → 172.65.255.143 (IPv4)"}
{"timestamp":"2026-06-23T04:42:35.810Z","level":"ERROR","message":"Database connection failed: Access denied for user 'u650716787_mariot_user'@'::1' (using password: YES)"}
{"timestamp":"2026-06-23T04:42:35.814Z","level":"LOG","message":"[DB] contact_submissions table verified"}
{"timestamp":"2026-06-23T04:42:35.814Z","level":"LOG","message":"[DB] category_brands table verified"}
{"timestamp":"2026-06-23T04:42:35.815Z","level":"LOG","message":"[DB] reward_points_history table verified"}
{"timestamp":"2026-06-23T04:42:35.818Z","level":"LOG","message":"[DB] reward_points_history.transaction_type ENUM verified (reversed, refunded)"}
{"timestamp":"2026-06-23T04:42:35.819Z","level":"LOG","message":"[DB] staff role verified"}
{"timestamp":"2026-06-23T04:42:35.835Z","level":"LOG","message":"[DB] product variant tables verified"}
{"timestamp":"2026-06-23T04:42:35.848Z","level":"LOG","message":"[DB] signup_otps table verified"}
{"timestamp":"2026-06-23T04:42:35.848Z","level":"LOG","message":"[DB] invoices table verified"}
{"timestamp":"2026-06-23T04:42:35.848Z","level":"LOG","message":"[DB] staff_permissions table verified"}
{"timestamp":"2026-06-23T04:42:35.848Z","level":"LOG","message":"[DB] stock_notifications table verified"}
{"timestamp":"2026-06-23T04:42:35.849Z","level":"LOG","message":"[DB] settings table verified"}
{"timestamp":"2026-06-23T04:42:35.851Z","level":"LOG","message":"[EMAIL] SMTP_EMAIL: admin@mariotstore.com"}
{"timestamp":"2026-06-23T04:42:35.851Z","level":"LOG","message":"[EMAIL] SMTP_PASSWORD length: 17 chars"}
{"timestamp":"2026-06-23T04:42:35.854Z","level":"LOG","message":"[ABANDONED CART] 🚀 Cron job started (runs every 30 minutes)"}
{"timestamp":"2026-06-23T04:42:35.855Z","level":"LOG","message":"[POINTS STATEMENT] 🚀 Job started (fires monthly: 1st 10:00 Asia/Dubai, with a 2nd–3rd grace window)"}
{"timestamp":"2026-06-23T04:42:35.855Z","level":"LOG","message":"Server running in production mode on port 5000"}
{"timestamp":"2026-06-23T04:42:35.877Z","level":"LOG","message":"GET PRODUCTS QUERY: {\"page\":\"1\",\"limit\":\"24\",\"brand\":\"sab\"}"}
{"timestamp":"2026-06-23T04:42:36.729Z","level":"LOG","message":"[EMAIL] ✅ SMTP connection verified successfully"}
{"timestamp":"2026-06-23T04:42:39.774Z","level":"LOG","message":"GET PRODUCTS QUERY: {\"is_weekly_deal\":\"true\"}"}
{"timestamp":"2026-06-23T04:42:39.775Z","level":"LOG","message":"GET PRODUCTS QUERY: {\"category\":\"stainless-steel-fabrications\",\"limit\":\"12\"}"}
{"timestamp":"2026-06-23T04:42:39.959Z","level":"LOG","message":"GET PRODUCTS QUERY: {\"is_limited_offer\":\"true\",\"limit\":\"8\"}"}
{"timestamp":"2026-06-23T04:42:41.337Z","level":"LOG","message":"GET PRODUCTS QUERY: {\"is_weekly_deal\":\"true\"}"}
{"timestamp":"2026-06-23T04:42:41.339Z","level":"LOG","message":"GET PRODUCTS QUERY: {\"is_limited_offer\":\"true\",\"limit\":\"7\"}"}
{"timestamp":"2026-06-23T04:42:50.536Z","level":"LOG","message":"GET PRODUCTS QUERY: {\"is_weekly_deal\":\"true\"}"}
{"timestamp":"2026-06-23T04:42:54.776Z","level":"LOG","message":"GET PRODUCTS QUERY: {\"is_featured\":\"1\",\"limit\":\"6\",\"status\":\"active\"}"}
{"timestamp":"2026-06-23T04:43:05.129Z","level":"LOG","message":"GET PRODUCTS QUERY: {\"page\":\"1\",\"limit\":\"24\",\"brand\":\"sab\"}"}
{"timestamp":"2026-06-23T04:43:05.130Z","level":"LOG","message":"GET PRODUCTS QUERY: {\"is_limited_offer\":\"true\",\"limit\":\"8\"}"}
{"timestamp":"2026-06-23T04:43:05.208Z","level":"LOG","message":"GET PRODUCTS QUERY: {\"is_featured\":\"1\",\"limit\":\"6\",\"status\":\"active\"}"}
{"timestamp":"2026-06-23T04:43:05.210Z","level":"LOG","message":"GET PRODUCTS QUERY: {\"is_limited_offer\":\"true\",\"limit\":\"7\"}"}
{"timestamp":"2026-06-23T04:43:05.331Z","level":"LOG","message":"GET PRODUCTS QUERY: {\"is_featured\":\"1\",\"limit\":\"6\",\"status\":\"active\"}"}
{"timestamp":"2026-06-23T04:43:05.855Z","level":"LOG","message":"[ABANDONED CART] 🔍 Scanning for abandoned carts..."}
{"timestamp":"2026-06-23T04:43:05.857Z","level":"LOG","message":"[ABANDONED CART] ✅ Scan complete. Sent 0 reminder(s)."}
{"timestamp":"2026-06-23T05:12:35.856Z","level":"LOG","message":"[ABANDONED CART] 🔍 Scanning for abandoned carts..."}
{"timestamp":"2026-06-23T05:12:35.857Z","level":"LOG","message":"[ABANDONED CART] ✅ Scan complete. Sent 0 reminder(s)."}
{"timestamp":"2026-06-23T05:42:35.857Z","level":"LOG","message":"[ABANDONED CART] 🔍 Scanning for abandoned carts..."}
{"timestamp":"2026-06-23T05:42:35.859Z","level":"LOG","message":"[ABANDONED CART] ✅ Scan complete. Sent 0 reminder(s)."}
{"timestamp":"2026-06-23T06:17:15.075Z","level":"LOG","message":"[dotenv@17.2.4] injecting env (1) from .env -- tip: ⚙️  load multiple .env files with { path: ['.env.local', '.env'] }"}
{"timestamp":"2026-06-23T06:17:15.076Z","level":"LOG","message":"[BOOT] cwd = /home/u650716787/domains/api.mariotstore.com/nodejs"}
{"timestamp":"2026-06-23T06:17:15.076Z","level":"LOG","message":"[BOOT] DB_USER = \"u650716787_mariot_user\""}
{"timestamp":"2026-06-23T06:17:15.076Z","level":"LOG","message":"[BOOT] DB_PASSWORD present = true"}
{"timestamp":"2026-06-23T06:17:15.076Z","level":"LOG","message":"[BOOT] DB_NAME = \"u650716787_mariot_db\""}
{"timestamp":"2026-06-23T06:17:15.278Z","level":"LOG","message":"[dotenv@17.2.4] injecting env (0) from .env -- tip: 🔐 prevent building .env in docker: https://dotenvx.com/prebuild"}
{"timestamp":"2026-06-23T06:17:15.535Z","level":"LOG","message":"[DEBUG] DB_HOST = \"localhost\""}
{"timestamp":"2026-06-23T06:17:15.535Z","level":"LOG","message":"[DEBUG] DB_USER = \"u650716787_mariot_user\""}
{"timestamp":"2026-06-23T06:17:15.535Z","level":"LOG","message":"[DEBUG] DB_PASSWORD present? true"}
{"timestamp":"2026-06-23T06:17:15.536Z","level":"LOG","message":"[DEBUG] DB_PASS present? false"}
{"timestamp":"2026-06-23T06:17:15.536Z","level":"LOG","message":"[DEBUG] DB_NAME = \"u650716787_mariot_db\""}
{"timestamp":"2026-06-23T06:17:16.197Z","level":"LOG","message":"[DB] Running initialization and migrations..."}
{"timestamp":"2026-06-23T06:17:16.204Z","level":"LOG","message":"[EMAIL] Resolved smtp.hostinger.com → 172.65.255.143 (IPv4)"}
{"timestamp":"2026-06-23T06:17:16.219Z","level":"ERROR","message":"Database connection failed: Access denied for user 'u650716787_mariot_user'@'::1' (using password: YES)"}
{"timestamp":"2026-06-23T06:17:16.222Z","level":"LOG","message":"[DB] contact_submissions table verified"}
{"timestamp":"2026-06-23T06:17:16.223Z","level":"LOG","message":"[DB] category_brands table verified"}
{"timestamp":"2026-06-23T06:17:16.223Z","level":"LOG","message":"[DB] reward_points_history table verified"}
{"timestamp":"2026-06-23T06:17:16.228Z","level":"LOG","message":"[DB] reward_points_history.transaction_type ENUM verified (reversed, refunded)"}
{"timestamp":"2026-06-23T06:17:16.228Z","level":"LOG","message":"[DB] staff role verified"}
{"timestamp":"2026-06-23T06:17:16.244Z","level":"LOG","message":"[DB] product variant tables verified"}
{"timestamp":"2026-06-23T06:17:16.253Z","level":"LOG","message":"[DB] signup_otps table verified"}
{"timestamp":"2026-06-23T06:17:16.254Z","level":"LOG","message":"[DB] invoices table verified"}
{"timestamp":"2026-06-23T06:17:16.254Z","level":"LOG","message":"[DB] staff_permissions table verified"}
{"timestamp":"2026-06-23T06:17:16.254Z","level":"LOG","message":"[DB] stock_notifications table verified"}
{"timestamp":"2026-06-23T06:17:16.254Z","level":"LOG","message":"[DB] settings table verified"}
{"timestamp":"2026-06-23T06:17:16.257Z","level":"LOG","message":"[EMAIL] SMTP_EMAIL: admin@mariotstore.com"}
{"timestamp":"2026-06-23T06:17:16.257Z","level":"LOG","message":"[EMAIL] SMTP_PASSWORD length: 17 chars"}
{"timestamp":"2026-06-23T06:17:16.260Z","level":"LOG","message":"[ABANDONED CART] 🚀 Cron job started (runs every 30 minutes)"}
{"timestamp":"2026-06-23T06:17:16.261Z","level":"LOG","message":"[POINTS STATEMENT] 🚀 Job started (fires monthly: 1st 10:00 Asia/Dubai, with a 2nd–3rd grace window)"}
{"timestamp":"2026-06-23T06:17:16.261Z","level":"LOG","message":"Server running in production mode on port 5000"}
{"timestamp":"2026-06-23T06:17:16.421Z","level":"LOG","message":"GET PRODUCTS QUERY: {\"is_featured\":\"1\",\"limit\":\"6\",\"status\":\"active\"}"}
{"timestamp":"2026-06-23T06:17:17.119Z","level":"LOG","message":"[EMAIL] ✅ SMTP connection verified successfully"}
{"timestamp":"2026-06-23T06:17:46.270Z","level":"LOG","message":"[ABANDONED CART] 🔍 Scanning for abandoned carts..."}
{"timestamp":"2026-06-23T06:17:48.385Z","level":"LOG","message":"[EMAIL] ✅ Abandoned cart reminder #1 sent to mostafajadoue@gmail.com"}
{"timestamp":"2026-06-23T06:17:48.386Z","level":"LOG","message":"[ABANDONED CART] ✅ Scan complete. Sent 1 reminder(s)."}
{"timestamp":"2026-06-23T06:17:54.357Z","level":"LOG","message":"GET PRODUCTS QUERY: {\"page\":\"1\",\"limit\":\"10\",\"status\":\"all\",\"stockStatus\":\"all\",\"t\":\"1782195473641\"}"}
{"timestamp":"2026-06-23T06:21:01.992Z","level":"LOG","message":"GET PRODUCTS QUERY: {\"is_weekly_deal\":\"true\"}"}
{"timestamp":"2026-06-23T06:21:01.993Z","level":"LOG","message":"GET PRODUCTS QUERY: {\"is_limited_offer\":\"true\",\"limit\":\"8\"}"}
{"timestamp":"2026-06-23T06:21:02.006Z","level":"LOG","message":"GET PRODUCTS QUERY: {\"category\":\"stainless-steel-fabrications\",\"limit\":\"12\"}"}
{"timestamp":"2026-06-23T06:47:16.263Z","level":"LOG","message":"[ABANDONED CART] 🔍 Scanning for abandoned carts..."}
{"timestamp":"2026-06-23T06:47:18.508Z","level":"LOG","message":"[EMAIL] ✅ Abandoned cart reminder #1 sent to mariotkitchen@gmail.com"}
{"timestamp":"2026-06-23T06:47:18.508Z","level":"LOG","message":"[ABANDONED CART] ✅ Scan complete. Sent 1 reminder(s)."}
{"timestamp":"2026-06-23T06:54:56.934Z","level":"ERROR","message":"TokenExpiredError: jwt expired\n    at /home/u650716787/domains/api.mariotstore.com/nodejs/node_modules/jsonwebtoken/verify.js:190:21\n    at getSecret (/home/u650716787/domains/api.mariotstore.com/nodejs/node_modules/jsonwebtoken/verify.js:97:14)\n    at module.exports [as verify] (/home/u650716787/domains/api.mariotstore.com/nodejs/node_modules/jsonwebtoken/verify.js:101:10)\n    at protect (/home/u650716787/domains/api.mariotstore.com/nodejs/middlewares/auth.middleware.js:18:29)\n    at Layer.handleRequest (/home/u650716787/domains/api.mariotstore.com/nodejs/node_modules/router/lib/layer.js:152:17)\n    at trimPrefix (/home/u650716787/domains/api.mariotstore.com/nodejs/node_modules/router/index.js:342:13)\n    at /home/u650716787/domains/api.mariotstore.com/nodejs/node_modules/router/index.js:297:9\n    at processParams (/home/u650716787/domains/api.mariotstore.com/nodejs/node_modules/router/index.js:582:12)\n    at next (/home/u650716787/domains/api.mariotstore.com/nodejs/node_modules/router/index.js:291:5)\n    at Function.handle (/home/u650716787/domains/api.mariotstore.com/nodejs/node_modules/router/index.js:186:3)\n    at router (/home/u650716787/domains/api.mariotstore.com/nodejs/node_modules/router/index.js:60:12)\n    at Layer.handleRequest (/home/u650716787/domains/api.mariotstore.com/nodejs/node_modules/router/lib/layer.js:152:17)\n    at trimPrefix (/home/u650716787/domains/api.mariotstore.com/nodejs/node_modules/router/index.js:342:13)\n    at /home/u650716787/domains/api.mariotstore.com/nodejs/node_modules/router/index.js:297:9\n    at processParams (/home/u650716787/domains/api.mariotstore.com/nodejs/node_modules/router/index.js:582:12)\n    at next (/home/u650716787/domains/api.mariotstore.com/nodejs/node_modules/router/index.js:291:5)"}
{"timestamp":"2026-06-23T06:54:56.940Z","level":"ERROR","message":"TokenExpiredError: jwt expired\n    at /home/u650716787/domains/api.mariotstore.com/nodejs/node_modules/jsonwebtoken/verify.js:190:21\n    at getSecret (/home/u650716787/domains/api.mariotstore.com/nodejs/node_modules/jsonwebtoken/verify.js:97:14)\n    at module.exports [as verify] (/home/u650716787/domains/api.mariotstore.com/nodejs/node_modules/jsonwebtoken/verify.js:101:10)\n    at protect (/home/u650716787/domains/api.mariotstore.com/nodejs/middlewares/auth.middleware.js:18:29)\n    at Layer.handleRequest (/home/u650716787/domains/api.mariotstore.com/nodejs/node_modules/router/lib/layer.js:152:17)\n    at next (/home/u650716787/domains/api.mariotstore.com/nodejs/node_modules/router/lib/route.js:157:13)\n    at Route.dispatch (/home/u650716787/domains/api.mariotstore.com/nodejs/node_modules/router/lib/route.js:117:3)\n    at handle (/home/u650716787/domains/api.mariotstore.com/nodejs/node_modules/router/index.js:435:11)\n    at Layer.handleRequest (/home/u650716787/domains/api.mariotstore.com/nodejs/node_modules/router/lib/layer.js:152:17)\n    at /home/u650716787/domains/api.mariotstore.com/nodejs/node_modules/router/index.js:295:15\n    at processParams (/home/u650716787/domains/api.mariotstore.com/nodejs/node_modules/router/index.js:582:12)\n    at next (/home/u650716787/domains/api.mariotstore.com/nodejs/node_modules/router/index.js:291:5)\n    at Function.handle (/home/u650716787/domains/api.mariotstore.com/nodejs/node_modules/router/index.js:186:3)\n    at router (/home/u650716787/domains/api.mariotstore.com/nodejs/node_modules/router/index.js:60:12)\n    at Layer.handleRequest (/home/u650716787/domains/api.mariotstore.com/nodejs/node_modules/router/lib/layer.js:152:17)\n    at trimPrefix (/home/u650716787/domains/api.mariotstore.com/nodejs/node_modules/router/index.js:342:13)"}
{"timestamp":"2026-06-23T06:54:56.941Z","level":"ERROR","message":"TokenExpiredError: jwt expired\n    at /home/u650716787/domains/api.mariotstore.com/nodejs/node_modules/jsonwebtoken/verify.js:190:21\n    at getSecret (/home/u650716787/domains/api.mariotstore.com/nodejs/node_modules/jsonwebtoken/verify.js:97:14)\n    at module.exports [as verify] (/home/u650716787/domains/api.mariotstore.com/nodejs/node_modules/jsonwebtoken/verify.js:101:10)\n    at protect (/home/u650716787/domains/api.mariotstore.com/nodejs/middlewares/auth.middleware.js:18:29)\n    at Layer.handleRequest (/home/u650716787/domains/api.mariotstore.com/nodejs/node_modules/router/lib/layer.js:152:17)\n    at trimPrefix (/home/u650716787/domains/api.mariotstore.com/nodejs/node_modules/router/index.js:342:13)\n    at /home/u650716787/domains/api.mariotstore.com/nodejs/node_modules/router/index.js:297:9\n    at processParams (/home/u650716787/domains/api.mariotstore.com/nodejs/node_modules/router/index.js:582:12)\n    at next (/home/u650716787/domains/api.mariotstore.com/nodejs/node_modules/router/index.js:291:5)\n    at Function.handle (/home/u650716787/domains/api.mariotstore.com/nodejs/node_modules/router/index.js:186:3)\n    at router (/home/u650716787/domains/api.mariotstore.com/nodejs/node_modules/router/index.js:60:12)\n    at Layer.handleRequest (/home/u650716787/domains/api.mariotstore.com/nodejs/node_modules/router/lib/layer.js:152:17)\n    at trimPrefix (/home/u650716787/domains/api.mariotstore.com/nodejs/node_modules/router/index.js:342:13)\n    at /home/u650716787/domains/api.mariotstore.com/nodejs/node_modules/router/index.js:297:9\n    at processParams (/home/u650716787/domains/api.mariotstore.com/nodejs/node_modules/router/index.js:582:12)\n    at next (/home/u650716787/domains/api.mariotstore.com/nodejs/node_modules/router/index.js:291:5)"}
{"timestamp":"2026-06-23T06:54:57.278Z","level":"LOG","message":"GET PRODUCTS QUERY: {\"is_featured\":\"1\",\"limit\":\"6\",\"status\":\"active\"}"}
{"timestamp":"2026-06-23T06:54:57.371Z","level":"LOG","message":"GET PRODUCTS QUERY: {\"is_limited_offer\":\"true\",\"limit\":\"8\"}"}
{"timestamp":"2026-06-23T06:54:57.405Z","level":"LOG","message":"GET PRODUCTS QUERY: {\"is_weekly_deal\":\"true\"}"}
{"timestamp":"2026-06-23T06:54:57.409Z","level":"LOG","message":"GET PRODUCTS QUERY: {\"category\":\"stainless-steel-fabrications\",\"limit\":\"12\"}"}
{"timestamp":"2026-06-23T06:54:57.721Z","level":"LOG","message":"GET PRODUCTS QUERY: {\"is_weekly_deal\":\"true\"}"}
{"timestamp":"2026-06-23T06:54:57.722Z","level":"LOG","message":"GET PRODUCTS QUERY: {\"is_limited_offer\":\"true\",\"limit\":\"7\"}"}
{"timestamp":"2026-06-23T06:54:57.910Z","level":"LOG","message":"GET PRODUCTS QUERY: {\"is_featured\":\"1\",\"limit\":\"6\",\"status\":\"active\"}"}
{"timestamp":"2026-06-23T06:55:03.046Z","level":"ERROR","message":"TokenExpiredError: jwt expired\n    at /home/u650716787/domains/api.mariotstore.com/nodejs/node_modules/jsonwebtoken/verify.js:190:21\n    at getSecret (/home/u650716787/domains/api.mariotstore.com/nodejs/node_modules/jsonwebtoken/verify.js:97:14)\n    at module.exports [as verify] (/home/u650716787/domains/api.mariotstore.com/nodejs/node_modules/jsonwebtoken/verify.js:101:10)\n    at protect (/home/u650716787/domains/api.mariotstore.com/nodejs/middlewares/auth.middleware.js:18:29)\n    at Layer.handleRequest (/home/u650716787/domains/api.mariotstore.com/nodejs/node_modules/router/lib/layer.js:152:17)\n    at next (/home/u650716787/domains/api.mariotstore.com/nodejs/node_modules/router/lib/route.js:157:13)\n    at Route.dispatch (/home/u650716787/domains/api.mariotstore.com/nodejs/node_modules/router/lib/route.js:117:3)\n    at handle (/home/u650716787/domains/api.mariotstore.com/nodejs/node_modules/router/index.js:435:11)\n    at Layer.handleRequest (/home/u650716787/domains/api.mariotstore.com/nodejs/node_modules/router/lib/layer.js:152:17)\n    at /home/u650716787/domains/api.mariotstore.com/nodejs/node_modules/router/index.js:295:15\n    at processParams (/home/u650716787/domains/api.mariotstore.com/nodejs/node_modules/router/index.js:582:12)\n    at next (/home/u650716787/domains/api.mariotstore.com/nodejs/node_modules/router/index.js:291:5)\n    at Function.handle (/home/u650716787/domains/api.mariotstore.com/nodejs/node_modules/router/index.js:186:3)\n    at router (/home/u650716787/domains/api.mariotstore.com/nodejs/node_modules/router/index.js:60:12)\n    at Layer.handleRequest (/home/u650716787/domains/api.mariotstore.com/nodejs/node_modules/router/lib/layer.js:152:17)\n    at trimPrefix (/home/u650716787/domains/api.mariotstore.com/nodejs/node_modules/router/index.js:342:13)"}
{"timestamp":"2026-06-23T06:55:03.244Z","level":"LOG","message":"GET PRODUCTS QUERY: {\"is_limited_offer\":\"true\",\"limit\":\"7\"}"}
{"timestamp":"2026-06-23T06:55:03.245Z","level":"LOG","message":"GET PRODUCTS QUERY: {\"is_weekly_deal\":\"true\"}"}
{"timestamp":"2026-06-23T06:55:03.427Z","level":"LOG","message":"GET PRODUCTS QUERY: {\"is_featured\":\"1\",\"limit\":\"6\",\"status\":\"active\"}"}
{"timestamp":"2026-06-23T06:55:05.758Z","level":"LOG","message":"GET PRODUCTS QUERY: {\"is_featured\":\"1\",\"limit\":\"6\",\"status\":\"active\"}"}
{"timestamp":"2026-06-23T06:56:11.573Z","level":"ERROR","message":"TokenExpiredError: jwt expired\n    at /home/u650716787/domains/api.mariotstore.com/nodejs/node_modules/jsonwebtoken/verify.js:190:21\n    at getSecret (/home/u650716787/domains/api.mariotstore.com/nodejs/node_modules/jsonwebtoken/verify.js:97:14)\n    at module.exports [as verify] (/home/u650716787/domains/api.mariotstore.com/nodejs/node_modules/jsonwebtoken/verify.js:101:10)\n    at protect (/home/u650716787/domains/api.mariotstore.com/nodejs/middlewares/auth.middleware.js:18:29)\n    at Layer.handleRequest (/home/u650716787/domains/api.mariotstore.com/nodejs/node_modules/router/lib/layer.js:152:17)\n    at next (/home/u650716787/domains/api.mariotstore.com/nodejs/node_modules/router/lib/route.js:157:13)\n    at Route.dispatch (/home/u650716787/domains/api.mariotstore.com/nodejs/node_modules/router/lib/route.js:117:3)\n    at handle (/home/u650716787/domains/api.mariotstore.com/nodejs/node_modules/router/index.js:435:11)\n    at Layer.handleRequest (/home/u650716787/domains/api.mariotstore.com/nodejs/node_modules/router/lib/layer.js:152:17)\n    at /home/u650716787/domains/api.mariotstore.com/nodejs/node_modules/router/index.js:295:15\n    at processParams (/home/u650716787/domains/api.mariotstore.com/nodejs/node_modules/router/index.js:582:12)\n    at next (/home/u650716787/domains/api.mariotstore.com/nodejs/node_modules/router/index.js:291:5)\n    at Function.handle (/home/u650716787/domains/api.mariotstore.com/nodejs/node_modules/router/index.js:186:3)\n    at router (/home/u650716787/domains/api.mariotstore.com/nodejs/node_modules/router/index.js:60:12)\n    at Layer.handleRequest (/home/u650716787/domains/api.mariotstore.com/nodejs/node_modules/router/lib/layer.js:152:17)\n    at trimPrefix (/home/u650716787/domains/api.mariotstore.com/nodejs/node_modules/router/index.js:342:13)"}
{"timestamp":"2026-06-23T06:56:11.859Z","level":"LOG","message":"GET PRODUCTS QUERY: {\"is_limited_offer\":\"true\",\"limit\":\"8\"}"}
{"timestamp":"2026-06-23T06:56:11.861Z","level":"LOG","message":"GET PRODUCTS QUERY: {\"is_weekly_deal\":\"true\"}"}
{"timestamp":"2026-06-23T06:56:11.866Z","level":"LOG","message":"GET PRODUCTS QUERY: {\"category\":\"stainless-steel-fabrications\",\"limit\":\"12\"}"}
{"timestamp":"2026-06-23T06:56:12.333Z","level":"LOG","message":"GET PRODUCTS QUERY: {\"is_weekly_deal\":\"true\"}"}
{"timestamp":"2026-06-23T06:56:12.342Z","level":"LOG","message":"GET PRODUCTS QUERY: {\"is_limited_offer\":\"true\",\"limit\":\"7\"}"}
{"timestamp":"2026-06-23T06:56:12.472Z","level":"LOG","message":"GET PRODUCTS QUERY: {\"is_featured\":\"1\",\"limit\":\"6\",\"status\":\"active\"}"}
{"timestamp":"2026-06-23T06:56:16.423Z","level":"LOG","message":"GET PRODUCTS QUERY: {\"is_featured\":\"1\",\"limit\":\"6\",\"status\":\"active\"}"}
{"timestamp":"2026-06-23T06:56:19.263Z","level":"LOG","message":"GET PRODUCTS QUERY: {\"is_weekly_deal\":\"true\"}"}
{"timestamp":"2026-06-23T06:56:19.266Z","level":"LOG","message":"GET PRODUCTS QUERY: {\"is_limited_offer\":\"true\",\"limit\":\"7\"}"}
{"timestamp":"2026-06-23T06:56:19.442Z","level":"LOG","message":"GET PRODUCTS QUERY: {\"is_featured\":\"1\",\"limit\":\"6\",\"status\":\"active\"}"}
{"timestamp":"2026-06-23T06:57:24.762Z","level":"LOG","message":"GET PRODUCTS QUERY: {\"is_weekly_deal\":\"true\"}"}
{"timestamp":"2026-06-23T06:57:24.766Z","level":"LOG","message":"GET PRODUCTS QUERY: {\"is_limited_offer\":\"true\",\"limit\":\"7\"}"}
{"timestamp":"2026-06-23T06:57:25.028Z","level":"LOG","message":"GET PRODUCTS QUERY: {\"is_featured\":\"1\",\"limit\":\"6\",\"status\":\"active\"}"}
{"timestamp":"2026-06-23T06:57:34.793Z","level":"LOG","message":"GET PRODUCTS QUERY: {\"is_featured\":\"1\",\"limit\":\"6\",\"status\":\"active\"}"}
{"timestamp":"2026-06-23T06:57:38.648Z","level":"LOG","message":"GET PRODUCTS QUERY: {\"page\":\"1\",\"limit\":\"24\",\"brand\":\"sab\"}"}
{"timestamp":"2026-06-23T06:57:39.239Z","level":"LOG","message":"GET PRODUCTS QUERY: {\"is_featured\":\"1\",\"limit\":\"6\",\"status\":\"active\"}"}
{"timestamp":"2026-06-23T06:57:39.402Z","level":"LOG","message":"GET PRODUCTS QUERY: {\"page\":\"1\",\"limit\":\"24\",\"brand\":\"sab\"}"}
{"timestamp":"2026-06-23T06:57:50.413Z","level":"LOG","message":"GET PRODUCTS QUERY: {\"is_featured\":\"1\",\"limit\":\"6\",\"status\":\"active\"}"}
{"timestamp":"2026-06-23T06:57:50.642Z","level":"LOG","message":"GET PRODUCTS QUERY: {\"page\":\"1\",\"limit\":\"24\",\"brand\":\"sab\"}"}
{"timestamp":"2026-06-23T06:58:09.824Z","level":"LOG","message":"GET PRODUCTS QUERY: {\"is_featured\":\"1\",\"limit\":\"6\",\"status\":\"active\"}"}
{"timestamp":"2026-06-23T06:58:13.428Z","level":"LOG","message":"GET PRODUCTS QUERY: {\"is_limited_offer\":\"true\",\"limit\":\"8\"}"}
{"timestamp":"2026-06-23T06:58:13.431Z","level":"LOG","message":"GET PRODUCTS QUERY: {\"is_weekly_deal\":\"true\"}"}
{"timestamp":"2026-06-23T06:58:13.438Z","level":"LOG","message":"GET PRODUCTS QUERY: {\"category\":\"stainless-steel-fabrications\",\"limit\":\"12\"}"}
{"timestamp":"2026-06-23T06:58:13.867Z","level":"LOG","message":"GET PRODUCTS QUERY: {\"is_limited_offer\":\"true\",\"limit\":\"7\"}"}
{"timestamp":"2026-06-23T06:58:13.867Z","level":"LOG","message":"GET PRODUCTS QUERY: {\"is_weekly_deal\":\"true\"}"}
{"timestamp":"2026-06-23T06:58:14.015Z","level":"LOG","message":"GET PRODUCTS QUERY: {\"is_featured\":\"1\",\"limit\":\"6\",\"status\":\"active\"}"}
{"timestamp":"2026-06-23T06:58:18.954Z","level":"LOG","message":"GET PRODUCTS QUERY: {\"is_limited_offer\":\"true\",\"limit\":\"7\"}"}
{"timestamp":"2026-06-23T06:58:18.972Z","level":"LOG","message":"GET PRODUCTS QUERY: {\"is_weekly_deal\":\"true\"}"}
{"timestamp":"2026-06-23T06:58:19.133Z","level":"LOG","message":"GET PRODUCTS QUERY: {\"is_featured\":\"1\",\"limit\":\"6\",\"status\":\"active\"}"}
{"timestamp":"2026-06-23T06:58:20.037Z","level":"LOG","message":"GET PRODUCTS QUERY: {\"is_featured\":\"1\",\"limit\":\"6\",\"status\":\"active\"}"}
{"timestamp":"2026-06-23T06:58:23.677Z","level":"LOG","message":"GET PRODUCTS QUERY: {\"is_limited_offer\":\"true\",\"limit\":\"7\"}"}
{"timestamp":"2026-06-23T06:58:23.680Z","level":"LOG","message":"GET PRODUCTS QUERY: {\"is_weekly_deal\":\"true\"}"}
{"timestamp":"2026-06-23T06:58:23.914Z","level":"LOG","message":"GET PRODUCTS QUERY: {\"is_featured\":\"1\",\"limit\":\"6\",\"status\":\"active\"}"}
{"timestamp":"2026-06-23T06:58:40.034Z","level":"LOG","message":"GET PRODUCTS QUERY: {\"is_featured\":\"1\",\"limit\":\"6\",\"status\":\"active\"}"}
{"timestamp":"2026-06-23T06:58:42.157Z","level":"LOG","message":"GET PRODUCTS QUERY: {\"is_featured\":\"1\",\"limit\":\"6\",\"status\":\"active\"}"}
{"timestamp":"2026-06-23T06:58:45.803Z","level":"LOG","message":"GET PRODUCTS QUERY: {\"category\":\"166\",\"limit\":\"16\"}"}
{"timestamp":"2026-06-23T06:58:45.805Z","level":"LOG","message":"GET PRODUCTS QUERY: {\"category\":\"166\",\"limit\":\"40\"}"}
{"timestamp":"2026-06-23T06:58:45.903Z","level":"LOG","message":"GET PRODUCTS QUERY: {\"is_featured\":\"1\",\"limit\":\"6\",\"status\":\"active\"}"}
{"timestamp":"2026-06-23T06:58:45.910Z","level":"LOG","message":"GET PRODUCTS QUERY: {\"category\":\"1\",\"limit\":\"16\"}"}
{"timestamp":"2026-06-23T06:58:48.615Z","level":"LOG","message":"GET PRODUCTS QUERY: {\"is_featured\":\"1\",\"limit\":\"6\",\"status\":\"active\"}"}
{"timestamp":"2026-06-23T06:58:52.076Z","level":"LOG","message":"GET PRODUCTS QUERY: {\"page\":\"1\",\"limit\":\"24\",\"brand\":\"sab\"}"}
{"timestamp":"2026-06-23T06:58:52.707Z","level":"LOG","message":"GET PRODUCTS QUERY: {\"is_featured\":\"1\",\"limit\":\"6\",\"status\":\"active\"}"}
{"timestamp":"2026-06-23T06:58:52.847Z","level":"LOG","message":"GET PRODUCTS QUERY: {\"page\":\"1\",\"limit\":\"24\",\"brand\":\"sab\"}"}
{"timestamp":"2026-06-23T06:59:05.527Z","level":"LOG","message":"GET PRODUCTS QUERY: {\"is_featured\":\"1\",\"limit\":\"6\",\"status\":\"active\"}"}
{"timestamp":"2026-06-23T06:59:05.690Z","level":"LOG","message":"GET PRODUCTS QUERY: {\"page\":\"1\",\"limit\":\"24\",\"brand\":\"sab\"}"}
{"timestamp":"2026-06-23T06:59:10.489Z","level":"LOG","message":"GET PRODUCTS QUERY: {\"is_featured\":\"1\",\"limit\":\"6\",\"status\":\"active\"}"}
{"timestamp":"2026-06-23T06:59:10.619Z","level":"LOG","message":"GET PRODUCTS QUERY: {\"page\":\"1\",\"limit\":\"24\",\"brand\":\"sab\"}"}
{"timestamp":"2026-06-23T06:59:23.705Z","level":"LOG","message":"GET PRODUCTS QUERY: {\"is_featured\":\"1\",\"limit\":\"6\",\"status\":\"active\"}"}
{"timestamp":"2026-06-23T06:59:23.869Z","level":"LOG","message":"GET PRODUCTS QUERY: {\"page\":\"1\",\"limit\":\"24\",\"brand\":\"sab\"}"}
{"timestamp":"2026-06-23T06:59:32.996Z","level":"LOG","message":"GET PRODUCTS QUERY: {\"is_featured\":\"1\",\"limit\":\"6\",\"status\":\"active\"}"}
{"timestamp":"2026-06-23T06:59:33.169Z","level":"LOG","message":"GET PRODUCTS QUERY: {\"page\":\"1\",\"limit\":\"24\",\"brand\":\"sab\"}"}
{"timestamp":"2026-06-23T06:59:40.916Z","level":"LOG","message":"GET PRODUCTS QUERY: {\"is_featured\":\"1\",\"limit\":\"6\",\"status\":\"active\"}"}
{"timestamp":"2026-06-23T06:59:41.095Z","level":"LOG","message":"GET PRODUCTS QUERY: {\"page\":\"1\",\"limit\":\"24\",\"brand\":\"sab\"}"}
{"timestamp":"2026-06-23T07:07:31.309Z","level":"ERROR","message":"TokenExpiredError: jwt expired\n    at /home/u650716787/domains/api.mariotstore.com/nodejs/node_modules/jsonwebtoken/verify.js:190:21\n    at getSecret (/home/u650716787/domains/api.mariotstore.com/nodejs/node_modules/jsonwebtoken/verify.js:97:14)\n    at module.exports [as verify] (/home/u650716787/domains/api.mariotstore.com/nodejs/node_modules/jsonwebtoken/verify.js:101:10)\n    at protect (/home/u650716787/domains/api.mariotstore.com/nodejs/middlewares/auth.middleware.js:18:29)\n    at Layer.handleRequest (/home/u650716787/domains/api.mariotstore.com/nodejs/node_modules/router/lib/layer.js:152:17)\n    at trimPrefix (/home/u650716787/domains/api.mariotstore.com/nodejs/node_modules/router/index.js:342:13)\n    at /home/u650716787/domains/api.mariotstore.com/nodejs/node_modules/router/index.js:297:9\n    at processParams (/home/u650716787/domains/api.mariotstore.com/nodejs/node_modules/router/index.js:582:12)\n    at next (/home/u650716787/domains/api.mariotstore.com/nodejs/node_modules/router/index.js:291:5)\n    at Function.handle (/home/u650716787/domains/api.mariotstore.com/nodejs/node_modules/router/index.js:186:3)\n    at router (/home/u650716787/domains/api.mariotstore.com/nodejs/node_modules/router/index.js:60:12)\n    at Layer.handleRequest (/home/u650716787/domains/api.mariotstore.com/nodejs/node_modules/router/lib/layer.js:152:17)\n    at trimPrefix (/home/u650716787/domains/api.mariotstore.com/nodejs/node_modules/router/index.js:342:13)\n    at /home/u650716787/domains/api.mariotstore.com/nodejs/node_modules/router/index.js:297:9\n    at processParams (/home/u650716787/domains/api.mariotstore.com/nodejs/node_modules/router/index.js:582:12)\n    at next (/home/u650716787/domains/api.mariotstore.com/nodejs/node_modules/router/index.js:291:5)"}
{"timestamp":"2026-06-23T07:07:31.325Z","level":"ERROR","message":"TokenExpiredError: jwt expired\n    at /home/u650716787/domains/api.mariotstore.com/nodejs/node_modules/jsonwebtoken/verify.js:190:21\n    at getSecret (/home/u650716787/domains/api.mariotstore.com/nodejs/node_modules/jsonwebtoken/verify.js:97:14)\n    at module.exports [as verify] (/home/u650716787/domains/api.mariotstore.com/nodejs/node_modules/jsonwebtoken/verify.js:101:10)\n    at protect (/home/u650716787/domains/api.mariotstore.com/nodejs/middlewares/auth.middleware.js:18:29)\n    at Layer.handleRequest (/home/u650716787/domains/api.mariotstore.com/nodejs/node_modules/router/lib/layer.js:152:17)\n    at trimPrefix (/home/u650716787/domains/api.mariotstore.com/nodejs/node_modules/router/index.js:342:13)\n    at /home/u650716787/domains/api.mariotstore.com/nodejs/node_modules/router/index.js:297:9\n    at processParams (/home/u650716787/domains/api.mariotstore.com/nodejs/node_modules/router/index.js:582:12)\n    at next (/home/u650716787/domains/api.mariotstore.com/nodejs/node_modules/router/index.js:291:5)\n    at Function.handle (/home/u650716787/domains/api.mariotstore.com/nodejs/node_modules/router/index.js:186:3)\n    at router (/home/u650716787/domains/api.mariotstore.com/nodejs/node_modules/router/index.js:60:12)\n    at Layer.handleRequest (/home/u650716787/domains/api.mariotstore.com/nodejs/node_modules/router/lib/layer.js:152:17)\n    at trimPrefix (/home/u650716787/domains/api.mariotstore.com/nodejs/node_modules/router/index.js:342:13)\n    at /home/u650716787/domains/api.mariotstore.com/nodejs/node_modules/router/index.js:297:9\n    at processParams (/home/u650716787/domains/api.mariotstore.com/nodejs/node_modules/router/index.js:582:12)\n    at next (/home/u650716787/domains/api.mariotstore.com/nodejs/node_modules/router/index.js:291:5)"}
{"timestamp":"2026-06-23T07:07:31.327Z","level":"ERROR","message":"TokenExpiredError: jwt expired\n    at /home/u650716787/domains/api.mariotstore.com/nodejs/node_modules/jsonwebtoken/verify.js:190:21\n    at getSecret (/home/u650716787/domains/api.mariotstore.com/nodejs/node_modules/jsonwebtoken/verify.js:97:14)\n    at module.exports [as verify] (/home/u650716787/domains/api.mariotstore.com/nodejs/node_modules/jsonwebtoken/verify.js:101:10)\n    at protect (/home/u650716787/domains/api.mariotstore.com/nodejs/middlewares/auth.middleware.js:18:29)\n    at Layer.handleRequest (/home/u650716787/domains/api.mariotstore.com/nodejs/node_modules/router/lib/layer.js:152:17)\n    at next (/home/u650716787/domains/api.mariotstore.com/nodejs/node_modules/router/lib/route.js:157:13)\n    at Route.dispatch (/home/u650716787/domains/api.mariotstore.com/nodejs/node_modules/router/lib/route.js:117:3)\n    at handle (/home/u650716787/domains/api.mariotstore.com/nodejs/node_modules/router/index.js:435:11)\n    at Layer.handleRequest (/home/u650716787/domains/api.mariotstore.com/nodejs/node_modules/router/lib/layer.js:152:17)\n    at /home/u650716787/domains/api.mariotstore.com/nodejs/node_modules/router/index.js:295:15\n    at processParams (/home/u650716787/domains/api.mariotstore.com/nodejs/node_modules/router/index.js:582:12)\n    at next (/home/u650716787/domains/api.mariotstore.com/nodejs/node_modules/router/index.js:291:5)\n    at Function.handle (/home/u650716787/domains/api.mariotstore.com/nodejs/node_modules/router/index.js:186:3)\n    at router (/home/u650716787/domains/api.mariotstore.com/nodejs/node_modules/router/index.js:60:12)\n    at Layer.handleRequest (/home/u650716787/domains/api.mariotstore.com/nodejs/node_modules/router/lib/layer.js:152:17)\n    at trimPrefix (/home/u650716787/domains/api.mariotstore.com/nodejs/node_modules/router/index.js:342:13)"}
{"timestamp":"2026-06-23T07:07:31.887Z","level":"LOG","message":"GET PRODUCTS QUERY: {\"category\":\"stainless-steel-fabrications\",\"limit\":\"12\"}"}
{"timestamp":"2026-06-23T07:07:31.892Z","level":"LOG","message":"GET PRODUCTS QUERY: {\"is_limited_offer\":\"true\",\"limit\":\"8\"}"}
{"timestamp":"2026-06-23T07:07:31.893Z","level":"LOG","message":"GET PRODUCTS QUERY: {\"is_weekly_deal\":\"true\"}"}
{"timestamp":"2026-06-23T07:07:34.569Z","level":"LOG","message":"GET PRODUCTS QUERY: {\"is_limited_offer\":\"true\",\"limit\":\"7\"}"}
{"timestamp":"2026-06-23T07:07:34.570Z","level":"LOG","message":"GET PRODUCTS QUERY: {\"is_weekly_deal\":\"true\"}"}
{"timestamp":"2026-06-23T07:07:36.944Z","level":"LOG","message":"GET PRODUCTS QUERY: {\"is_featured\":\"1\",\"limit\":\"6\",\"status\":\"active\"}"}
{"timestamp":"2026-06-23T07:08:08.029Z","level":"LOG","message":"GET PRODUCTS QUERY: {\"is_limited_offer\":\"true\",\"limit\":\"7\"}"}
{"timestamp":"2026-06-23T07:08:08.037Z","level":"LOG","message":"GET PRODUCTS QUERY: {\"is_weekly_deal\":\"true\"}"}
{"timestamp":"2026-06-23T07:08:08.146Z","level":"LOG","message":"GET PRODUCTS QUERY: {\"is_featured\":\"1\",\"limit\":\"6\",\"status\":\"active\"}"}
{"timestamp":"2026-06-23T07:09:29.480Z","level":"LOG","message":"GET PRODUCTS QUERY: {\"page\":\"1\",\"limit\":\"10\",\"status\":\"all\",\"stockStatus\":\"all\",\"t\":\"1782198567821\"}"}
{"timestamp":"2026-06-23T07:09:40.389Z","level":"LOG","message":"GET PRODUCTS QUERY: {\"page\":\"2\",\"limit\":\"10\",\"status\":\"all\",\"stockStatus\":\"all\",\"t\":\"1782198579702\"}"}
{"timestamp":"2026-06-23T07:09:49.012Z","level":"LOG","message":"GET PRODUCTS QUERY: {\"page\":\"3\",\"limit\":\"10\",\"status\":\"all\",\"stockStatus\":\"all\",\"t\":\"1782198588308\"}"}
{"timestamp":"2026-06-23T07:17:16.264Z","level":"LOG","message":"[ABANDONED CART] 🔍 Scanning for abandoned carts..."}
{"timestamp":"2026-06-23T07:17:16.266Z","level":"LOG","message":"[ABANDONED CART] ✅ Scan complete. Sent 0 reminder(s)."}
{"timestamp":"2026-06-23T07:40:02.732Z","level":"LOG","message":"[dotenv@17.2.4] injecting env (1) from .env -- tip: ⚙️  override existing env vars with { override: true }"}
{"timestamp":"2026-06-23T07:40:02.733Z","level":"LOG","message":"[BOOT] cwd = /home/u650716787/domains/api.mariotstore.com/nodejs"}
{"timestamp":"2026-06-23T07:40:02.733Z","level":"LOG","message":"[BOOT] DB_USER = \"u650716787_mariot_user\""}
{"timestamp":"2026-06-23T07:40:02.733Z","level":"LOG","message":"[BOOT] DB_PASSWORD present = true"}
{"timestamp":"2026-06-23T07:40:02.733Z","level":"LOG","message":"[BOOT] DB_NAME = \"u650716787_mariot_db\""}
{"timestamp":"2026-06-23T07:40:02.958Z","level":"LOG","message":"[dotenv@17.2.4] injecting env (0) from .env -- tip: ✅ audit secrets and track compliance: https://dotenvx.com/ops"}
{"timestamp":"2026-06-23T07:40:03.225Z","level":"LOG","message":"[DEBUG] DB_HOST = \"localhost\""}
{"timestamp":"2026-06-23T07:40:03.225Z","level":"LOG","message":"[DEBUG] DB_USER = \"u650716787_mariot_user\""}
{"timestamp":"2026-06-23T07:40:03.225Z","level":"LOG","message":"[DEBUG] DB_PASSWORD present? true"}
{"timestamp":"2026-06-23T07:40:03.226Z","level":"LOG","message":"[DEBUG] DB_PASS present? false"}
{"timestamp":"2026-06-23T07:40:03.226Z","level":"LOG","message":"[DEBUG] DB_NAME = \"u650716787_mariot_db\""}
{"timestamp":"2026-06-23T07:40:04.055Z","level":"LOG","message":"[DB] Running initialization and migrations..."}
{"timestamp":"2026-06-23T07:40:04.063Z","level":"LOG","message":"[EMAIL] Resolved smtp.hostinger.com → 172.65.255.143 (IPv4)"}
{"timestamp":"2026-06-23T07:40:04.082Z","level":"ERROR","message":"Database connection failed: Access denied for user 'u650716787_mariot_user'@'::1' (using password: YES)"}
{"timestamp":"2026-06-23T07:40:04.086Z","level":"LOG","message":"[DB] contact_submissions table verified"}
{"timestamp":"2026-06-23T07:40:04.087Z","level":"LOG","message":"[DB] category_brands table verified"}
{"timestamp":"2026-06-23T07:40:04.088Z","level":"LOG","message":"[DB] reward_points_history table verified"}
{"timestamp":"2026-06-23T07:40:04.105Z","level":"LOG","message":"[DB] reward_points_history.transaction_type ENUM verified (reversed, refunded)"}
{"timestamp":"2026-06-23T07:40:04.106Z","level":"LOG","message":"[DB] staff role verified"}
{"timestamp":"2026-06-23T07:40:04.126Z","level":"LOG","message":"[DB] product variant tables verified"}
{"timestamp":"2026-06-23T07:40:04.137Z","level":"LOG","message":"[DB] signup_otps table verified"}
{"timestamp":"2026-06-23T07:40:04.137Z","level":"LOG","message":"[DB] invoices table verified"}
{"timestamp":"2026-06-23T07:40:04.138Z","level":"LOG","message":"[DB] staff_permissions table verified"}
{"timestamp":"2026-06-23T07:40:04.138Z","level":"LOG","message":"[DB] stock_notifications table verified"}
{"timestamp":"2026-06-23T07:40:04.138Z","level":"LOG","message":"[DB] settings table verified"}
{"timestamp":"2026-06-23T07:40:04.141Z","level":"LOG","message":"[EMAIL] SMTP_EMAIL: admin@mariotstore.com"}
{"timestamp":"2026-06-23T07:40:04.141Z","level":"LOG","message":"[EMAIL] SMTP_PASSWORD length: 17 chars"}
{"timestamp":"2026-06-23T07:40:04.145Z","level":"LOG","message":"[ABANDONED CART] 🚀 Cron job started (runs every 30 minutes)"}
{"timestamp":"2026-06-23T07:40:04.146Z","level":"LOG","message":"[POINTS STATEMENT] 🚀 Job started (fires monthly: 1st 10:00 Asia/Dubai, with a 2nd–3rd grace window)"}
{"timestamp":"2026-06-23T07:40:04.146Z","level":"LOG","message":"Server running in production mode on port 5000"}
{"timestamp":"2026-06-23T07:40:05.027Z","level":"LOG","message":"[EMAIL] ✅ SMTP connection verified successfully"}
{"timestamp":"2026-06-23T07:40:34.017Z","level":"LOG","message":"GET PRODUCTS QUERY: {\"page\":\"1\",\"limit\":\"24\",\"category\":\"work-tables\"}"}
{"timestamp":"2026-06-23T07:40:34.146Z","level":"LOG","message":"[ABANDONED CART] 🔍 Scanning for abandoned carts..."}
{"timestamp":"2026-06-23T07:40:34.148Z","level":"LOG","message":"[ABANDONED CART] ✅ Scan complete. Sent 0 reminder(s)."}
{"timestamp":"2026-06-23T07:40:57.050Z","level":"LOG","message":"GET PRODUCTS QUERY: {\"category\":\"3\",\"limit\":\"16\"}"}
{"timestamp":"2026-06-23T07:40:57.079Z","level":"LOG","message":"GET PRODUCTS QUERY: {\"category\":\"3\",\"limit\":\"40\"}"}
{"timestamp":"2026-06-23T07:40:58.978Z","level":"LOG","message":"GET PRODUCTS QUERY: {\"is_featured\":\"1\",\"limit\":\"6\",\"status\":\"active\"}"}
{"timestamp":"2026-06-23T07:41:02.801Z","level":"LOG","message":"GET PRODUCTS QUERY: {\"page\":\"1\",\"limit\":\"10\",\"status\":\"all\",\"stockStatus\":\"all\",\"t\":\"1782200464398\"}"}
{"timestamp":"2026-06-23T07:41:04.833Z","level":"LOG","message":"GET PRODUCTS QUERY: {\"category\":\"148\",\"limit\":\"16\"}"}
{"timestamp":"2026-06-23T07:41:04.838Z","level":"LOG","message":"GET PRODUCTS QUERY: {\"category\":\"148\",\"limit\":\"40\"}"}
{"timestamp":"2026-06-23T07:41:05.872Z","level":"LOG","message":"GET PRODUCTS QUERY: {\"is_featured\":\"1\",\"limit\":\"6\",\"status\":\"active\"}"}
{"timestamp":"2026-06-23T07:41:07.014Z","level":"LOG","message":"GET PRODUCTS QUERY: {\"page\":\"1\",\"limit\":\"10\",\"status\":\"all\",\"stockStatus\":\"all\",\"t\":\"1782200468631\"}"}
{"timestamp":"2026-06-23T08:10:04.154Z","level":"LOG","message":"[ABANDONED CART] 🔍 Scanning for abandoned carts..."}
{"timestamp":"2026-06-23T08:10:06.319Z","level":"LOG","message":"[EMAIL] ✅ Abandoned cart reminder #1 sent to mariotkitchen@gmail.com"}
{"timestamp":"2026-06-23T08:10:06.320Z","level":"LOG","message":"[ABANDONED CART] ✅ Scan complete. Sent 1 reminder(s)."}
{"timestamp":"2026-06-23T08:40:04.154Z","level":"LOG","message":"[ABANDONED CART] 🔍 Scanning for abandoned carts..."}
{"timestamp":"2026-06-23T08:40:04.156Z","level":"LOG","message":"[ABANDONED CART] ✅ Scan complete. Sent 0 reminder(s)."}
{"timestamp":"2026-06-23T09:19:33.578Z","level":"LOG","message":"[dotenv@17.2.4] injecting env (1) from .env -- tip: 🔄 add secrets lifecycle management: https://dotenvx.com/ops"}
{"timestamp":"2026-06-23T09:19:33.579Z","level":"LOG","message":"[BOOT] cwd = /home/u650716787/domains/api.mariotstore.com/nodejs"}
{"timestamp":"2026-06-23T09:19:33.579Z","level":"LOG","message":"[BOOT] DB_USER = \"u650716787_mariot_user\""}
{"timestamp":"2026-06-23T09:19:33.579Z","level":"LOG","message":"[BOOT] DB_PASSWORD present = true"}
{"timestamp":"2026-06-23T09:19:33.579Z","level":"LOG","message":"[BOOT] DB_NAME = \"u650716787_mariot_db\""}
{"timestamp":"2026-06-23T09:19:33.767Z","level":"LOG","message":"[dotenv@17.2.4] injecting env (0) from .env -- tip: 🔄 add secrets lifecycle management: https://dotenvx.com/ops"}
{"timestamp":"2026-06-23T09:19:33.997Z","level":"LOG","message":"[DEBUG] DB_HOST = \"localhost\""}
{"timestamp":"2026-06-23T09:19:33.997Z","level":"LOG","message":"[DEBUG] DB_USER = \"u650716787_mariot_user\""}
{"timestamp":"2026-06-23T09:19:33.997Z","level":"LOG","message":"[DEBUG] DB_PASSWORD present? true"}
{"timestamp":"2026-06-23T09:19:33.998Z","level":"LOG","message":"[DEBUG] DB_PASS present? false"}
{"timestamp":"2026-06-23T09:19:33.998Z","level":"LOG","message":"[DEBUG] DB_NAME = \"u650716787_mariot_db\""}
{"timestamp":"2026-06-23T09:19:34.630Z","level":"LOG","message":"[DB] Running initialization and migrations..."}
{"timestamp":"2026-06-23T09:19:34.636Z","level":"LOG","message":"[EMAIL] Resolved smtp.hostinger.com → 172.65.255.143 (IPv4)"}
{"timestamp":"2026-06-23T09:19:34.649Z","level":"ERROR","message":"Database connection failed: Access denied for user 'u650716787_mariot_user'@'::1' (using password: YES)"}
{"timestamp":"2026-06-23T09:19:34.651Z","level":"LOG","message":"[DB] contact_submissions table verified"}
{"timestamp":"2026-06-23T09:19:34.652Z","level":"LOG","message":"[DB] category_brands table verified"}
{"timestamp":"2026-06-23T09:19:34.652Z","level":"LOG","message":"[DB] reward_points_history table verified"}
{"timestamp":"2026-06-23T09:19:34.655Z","level":"LOG","message":"[DB] reward_points_history.transaction_type ENUM verified (reversed, refunded)"}
{"timestamp":"2026-06-23T09:19:34.655Z","level":"LOG","message":"[DB] staff role verified"}
{"timestamp":"2026-06-23T09:19:34.669Z","level":"LOG","message":"[DB] product variant tables verified"}
{"timestamp":"2026-06-23T09:19:34.678Z","level":"LOG","message":"[DB] signup_otps table verified"}
{"timestamp":"2026-06-23T09:19:34.679Z","level":"LOG","message":"[DB] invoices table verified"}
{"timestamp":"2026-06-23T09:19:34.679Z","level":"LOG","message":"[DB] staff_permissions table verified"}
{"timestamp":"2026-06-23T09:19:34.679Z","level":"LOG","message":"[DB] stock_notifications table verified"}
{"timestamp":"2026-06-23T09:19:34.679Z","level":"LOG","message":"[DB] settings table verified"}
{"timestamp":"2026-06-23T09:19:34.682Z","level":"LOG","message":"[EMAIL] SMTP_EMAIL: admin@mariotstore.com"}
{"timestamp":"2026-06-23T09:19:34.682Z","level":"LOG","message":"[EMAIL] SMTP_PASSWORD length: 17 chars"}
{"timestamp":"2026-06-23T09:19:34.685Z","level":"LOG","message":"[ABANDONED CART] 🚀 Cron job started (runs every 30 minutes)"}
{"timestamp":"2026-06-23T09:19:34.686Z","level":"LOG","message":"[POINTS STATEMENT] 🚀 Job started (fires monthly: 1st 10:00 Asia/Dubai, with a 2nd–3rd grace window)"}
{"timestamp":"2026-06-23T09:19:34.687Z","level":"LOG","message":"Server running in production mode on port 5000"}
{"timestamp":"2026-06-23T09:19:35.553Z","level":"LOG","message":"[EMAIL] ✅ SMTP connection verified successfully"}
{"timestamp":"2026-06-23T09:19:37.434Z","level":"LOG","message":"404: METHOD GET URL /favicon.ico"}
{"timestamp":"2026-06-23T09:19:41.589Z","level":"LOG","message":"404: METHOD GET URL /favicon.ico"}
{"timestamp":"2026-06-23T09:19:42.033Z","level":"LOG","message":"404: METHOD GET URL /ads.txt"}
{"timestamp":"2026-06-23T09:19:42.245Z","level":"LOG","message":"404: METHOD GET URL /app-ads.txt"}
{"timestamp":"2026-06-23T09:19:42.813Z","level":"LOG","message":"404: METHOD GET URL /sellers.json"}
{"timestamp":"2026-06-23T09:20:04.696Z","level":"LOG","message":"[ABANDONED CART] 🔍 Scanning for abandoned carts..."}
{"timestamp":"2026-06-23T09:20:04.698Z","level":"LOG","message":"[ABANDONED CART] ✅ Scan complete. Sent 0 reminder(s)."}
{"timestamp":"2026-06-23T09:22:43.377Z","level":"LOG","message":"GET PRODUCTS QUERY: {\"page\":\"3\",\"limit\":\"10\",\"status\":\"all\",\"stockStatus\":\"all\",\"t\":\"1782206562612\"}"}
{"timestamp":"2026-06-23T09:44:56.766Z","level":"LOG","message":"GET PRODUCTS QUERY: {\"category\":\"stainless-steel-fabrications\",\"limit\":\"12\"}"}
{"timestamp":"2026-06-23T09:44:56.776Z","level":"LOG","message":"GET PRODUCTS QUERY: {\"is_limited_offer\":\"true\",\"limit\":\"8\"}"}
{"timestamp":"2026-06-23T09:44:56.781Z","level":"LOG","message":"GET PRODUCTS QUERY: {\"is_weekly_deal\":\"true\"}"}
{"timestamp":"2026-06-23T09:44:57.209Z","level":"LOG","message":"GET PRODUCTS QUERY: {\"is_limited_offer\":\"true\",\"limit\":\"7\"}"}
{"timestamp":"2026-06-23T09:44:57.339Z","level":"LOG","message":"GET PRODUCTS QUERY: {\"is_weekly_deal\":\"true\"}"}
{"timestamp":"2026-06-23T09:44:57.556Z","level":"ERROR","message":"TokenExpiredError: jwt expired\n    at /home/u650716787/domains/api.mariotstore.com/nodejs/node_modules/jsonwebtoken/verify.js:190:21\n    at getSecret (/home/u650716787/domains/api.mariotstore.com/nodejs/node_modules/jsonwebtoken/verify.js:97:14)\n    at module.exports [as verify] (/home/u650716787/domains/api.mariotstore.com/nodejs/node_modules/jsonwebtoken/verify.js:101:10)\n    at protect (/home/u650716787/domains/api.mariotstore.com/nodejs/middlewares/auth.middleware.js:18:29)\n    at Layer.handleRequest (/home/u650716787/domains/api.mariotstore.com/nodejs/node_modules/router/lib/layer.js:152:17)\n    at next (/home/u650716787/domains/api.mariotstore.com/nodejs/node_modules/router/lib/route.js:157:13)\n    at Route.dispatch (/home/u650716787/domains/api.mariotstore.com/nodejs/node_modules/router/lib/route.js:117:3)\n    at handle (/home/u650716787/domains/api.mariotstore.com/nodejs/node_modules/router/index.js:435:11)\n    at Layer.handleRequest (/home/u650716787/domains/api.mariotstore.com/nodejs/node_modules/router/lib/layer.js:152:17)\n    at /home/u650716787/domains/api.mariotstore.com/nodejs/node_modules/router/index.js:295:15\n    at processParams (/home/u650716787/domains/api.mariotstore.com/nodejs/node_modules/router/index.js:582:12)\n    at next (/home/u650716787/domains/api.mariotstore.com/nodejs/node_modules/router/index.js:291:5)\n    at Function.handle (/home/u650716787/domains/api.mariotstore.com/nodejs/node_modules/router/index.js:186:3)\n    at router (/home/u650716787/domains/api.mariotstore.com/nodejs/node_modules/router/index.js:60:12)\n    at Layer.handleRequest (/home/u650716787/domains/api.mariotstore.com/nodejs/node_modules/router/lib/layer.js:152:17)\n    at trimPrefix (/home/u650716787/domains/api.mariotstore.com/nodejs/node_modules/router/index.js:342:13)"}
{"timestamp":"2026-06-23T09:44:57.557Z","level":"LOG","message":"GET PRODUCTS QUERY: {\"is_featured\":\"1\",\"limit\":\"6\",\"status\":\"active\"}"}
{"timestamp":"2026-06-23T09:44:57.577Z","level":"ERROR","message":"TokenExpiredError: jwt expired\n    at /home/u650716787/domains/api.mariotstore.com/nodejs/node_modules/jsonwebtoken/verify.js:190:21\n    at getSecret (/home/u650716787/domains/api.mariotstore.com/nodejs/node_modules/jsonwebtoken/verify.js:97:14)\n    at module.exports [as verify] (/home/u650716787/domains/api.mariotstore.com/nodejs/node_modules/jsonwebtoken/verify.js:101:10)\n    at protect (/home/u650716787/domains/api.mariotstore.com/nodejs/middlewares/auth.middleware.js:18:29)\n    at Layer.handleRequest (/home/u650716787/domains/api.mariotstore.com/nodejs/node_modules/router/lib/layer.js:152:17)\n    at trimPrefix (/home/u650716787/domains/api.mariotstore.com/nodejs/node_modules/router/index.js:342:13)\n    at /home/u650716787/domains/api.mariotstore.com/nodejs/node_modules/router/index.js:297:9\n    at processParams (/home/u650716787/domains/api.mariotstore.com/nodejs/node_modules/router/index.js:582:12)\n    at next (/home/u650716787/domains/api.mariotstore.com/nodejs/node_modules/router/index.js:291:5)\n    at Function.handle (/home/u650716787/domains/api.mariotstore.com/nodejs/node_modules/router/index.js:186:3)\n    at router (/home/u650716787/domains/api.mariotstore.com/nodejs/node_modules/router/index.js:60:12)\n    at Layer.handleRequest (/home/u650716787/domains/api.mariotstore.com/nodejs/node_modules/router/lib/layer.js:152:17)\n    at trimPrefix (/home/u650716787/domains/api.mariotstore.com/nodejs/node_modules/router/index.js:342:13)\n    at /home/u650716787/domains/api.mariotstore.com/nodejs/node_modules/router/index.js:297:9\n    at processParams (/home/u650716787/domains/api.mariotstore.com/nodejs/node_modules/router/index.js:582:12)\n    at next (/home/u650716787/domains/api.mariotstore.com/nodejs/node_modules/router/index.js:291:5)"}
{"timestamp":"2026-06-23T09:44:57.578Z","level":"ERROR","message":"TokenExpiredError: jwt expired\n    at /home/u650716787/domains/api.mariotstore.com/nodejs/node_modules/jsonwebtoken/verify.js:190:21\n    at getSecret (/home/u650716787/domains/api.mariotstore.com/nodejs/node_modules/jsonwebtoken/verify.js:97:14)\n    at module.exports [as verify] (/home/u650716787/domains/api.mariotstore.com/nodejs/node_modules/jsonwebtoken/verify.js:101:10)\n    at protect (/home/u650716787/domains/api.mariotstore.com/nodejs/middlewares/auth.middleware.js:18:29)\n    at Layer.handleRequest (/home/u650716787/domains/api.mariotstore.com/nodejs/node_modules/router/lib/layer.js:152:17)\n    at trimPrefix (/home/u650716787/domains/api.mariotstore.com/nodejs/node_modules/router/index.js:342:13)\n    at /home/u650716787/domains/api.mariotstore.com/nodejs/node_modules/router/index.js:297:9\n    at processParams (/home/u650716787/domains/api.mariotstore.com/nodejs/node_modules/router/index.js:582:12)\n    at next (/home/u650716787/domains/api.mariotstore.com/nodejs/node_modules/router/index.js:291:5)\n    at Function.handle (/home/u650716787/domains/api.mariotstore.com/nodejs/node_modules/router/index.js:186:3)\n    at router (/home/u650716787/domains/api.mariotstore.com/nodejs/node_modules/router/index.js:60:12)\n    at Layer.handleRequest (/home/u650716787/domains/api.mariotstore.com/nodejs/node_modules/router/lib/layer.js:152:17)\n    at trimPrefix (/home/u650716787/domains/api.mariotstore.com/nodejs/node_modules/router/index.js:342:13)\n    at /home/u650716787/domains/api.mariotstore.com/nodejs/node_modules/router/index.js:297:9\n    at processParams (/home/u650716787/domains/api.mariotstore.com/nodejs/node_modules/router/index.js:582:12)\n    at next (/home/u650716787/domains/api.mariotstore.com/nodejs/node_modules/router/index.js:291:5)"}
{"timestamp":"2026-06-23T09:45:00.047Z","level":"LOG","message":"GET PRODUCTS QUERY: {\"is_featured\":\"1\",\"limit\":\"6\",\"status\":\"active\"}"}
{"timestamp":"2026-06-23T09:45:00.048Z","level":"LOG","message":"GET PRODUCTS QUERY: {\"category\":\"shelves\",\"limit\":\"1\"}"}
{"timestamp":"2026-06-23T09:45:00.050Z","level":"LOG","message":"GET PRODUCTS QUERY: {\"category\":\"work-tables\",\"limit\":\"1\"}"}
{"timestamp":"2026-06-23T09:45:00.051Z","level":"LOG","message":"GET PRODUCTS QUERY: {\"category\":\"refrigeration-1\",\"limit\":\"1\"}"}
{"timestamp":"2026-06-23T09:45:00.052Z","level":"LOG","message":"GET PRODUCTS QUERY: {\"category\":\"accessories\",\"limit\":\"1\"}"}
{"timestamp":"2026-06-23T09:45:00.070Z","level":"LOG","message":"GET PRODUCTS QUERY: {\"category\":\"sink\",\"limit\":\"1\"}"}
{"timestamp":"2026-06-23T09:45:00.072Z","level":"LOG","message":"GET PRODUCTS QUERY: {\"category\":\"ovens\",\"limit\":\"1\"}"}
{"timestamp":"2026-06-23T09:45:00.073Z","level":"LOG","message":"GET PRODUCTS QUERY: {\"category\":\"kitchen-hood\",\"limit\":\"1\"}"}
{"timestamp":"2026-06-23T09:45:00.073Z","level":"LOG","message":"GET PRODUCTS QUERY: {\"category\":\"cabinet\",\"limit\":\"1\"}"}
{"timestamp":"2026-06-23T09:45:00.215Z","level":"LOG","message":"GET PRODUCTS QUERY: {\"category\":\"stainless-steel-fabrications\",\"limit\":\"5\",\"sort\":\"price_desc\"}"}
{"timestamp":"2026-06-23T09:45:03.480Z","level":"LOG","message":"GET PRODUCTS QUERY: {\"page\":\"1\",\"limit\":\"24\",\"category\":\"work-tables\"}"}
{"timestamp":"2026-06-23T09:45:04.242Z","level":"LOG","message":"GET PRODUCTS QUERY: {\"page\":\"1\",\"limit\":\"24\",\"category\":\"work-tables\"}"}
{"timestamp":"2026-06-23T09:45:04.248Z","level":"LOG","message":"GET PRODUCTS QUERY: {\"is_featured\":\"1\",\"limit\":\"6\",\"status\":\"active\"}"}
{"timestamp":"2026-06-23T09:46:05.653Z","level":"LOG","message":"GET PRODUCTS QUERY: {\"is_featured\":\"1\",\"limit\":\"6\",\"status\":\"active\"}"}
{"timestamp":"2026-06-23T09:46:05.655Z","level":"LOG","message":"GET PRODUCTS QUERY: {\"category\":\"cooking-equipment\",\"limit\":\"5\",\"sort\":\"price_desc\"}"}
{"timestamp":"2026-06-23T09:46:05.658Z","level":"LOG","message":"GET PRODUCTS QUERY: {\"category\":\"storage\",\"limit\":\"5\",\"sort\":\"price_desc\"}"}
{"timestamp":"2026-06-23T09:46:05.669Z","level":"LOG","message":"GET PRODUCTS QUERY: {\"category\":\"beverage-equipment\",\"limit\":\"5\",\"sort\":\"price_desc\"}"}
{"timestamp":"2026-06-23T09:46:05.669Z","level":"LOG","message":"GET PRODUCTS QUERY: {\"category\":\"commercial-ovens\",\"limit\":\"5\",\"sort\":\"price_desc\"}"}
{"timestamp":"2026-06-23T09:46:05.675Z","level":"LOG","message":"GET PRODUCTS QUERY: {\"category\":\"food-preparation\",\"limit\":\"5\",\"sort\":\"price_desc\"}"}
{"timestamp":"2026-06-23T09:46:05.676Z","level":"LOG","message":"GET PRODUCTS QUERY: {\"category\":\"refrigeration\",\"limit\":\"5\",\"sort\":\"price_desc\"}"}
{"timestamp":"2026-06-23T09:46:05.680Z","level":"LOG","message":"GET PRODUCTS QUERY: {\"category\":\"ice-equipment\",\"limit\":\"5\",\"sort\":\"price_desc\"}"}
{"timestamp":"2026-06-23T09:46:05.680Z","level":"LOG","message":"GET PRODUCTS QUERY: {\"category\":\"coffee-makers\",\"limit\":\"5\",\"sort\":\"price_desc\"}"}
{"timestamp":"2026-06-23T09:46:05.683Z","level":"LOG","message":"GET PRODUCTS QUERY: {\"category\":\"food-holding-and-warming-line\",\"limit\":\"5\",\"sort\":\"price_desc\"}"}
{"timestamp":"2026-06-23T09:46:08.288Z","level":"LOG","message":"GET PRODUCTS QUERY: {\"page\":\"1\",\"limit\":\"24\",\"category\":\"coffee-makers\"}"}
{"timestamp":"2026-06-23T09:46:08.906Z","level":"LOG","message":"GET PRODUCTS QUERY: {\"is_featured\":\"1\",\"limit\":\"6\",\"status\":\"active\"}"}
{"timestamp":"2026-06-23T09:46:09.091Z","level":"LOG","message":"GET PRODUCTS QUERY: {\"page\":\"1\",\"limit\":\"24\",\"category\":\"coffee-makers\"}"}
{"timestamp":"2026-06-23T09:46:26.852Z","level":"LOG","message":"GET PRODUCTS QUERY: {\"is_featured\":\"1\",\"limit\":\"6\",\"status\":\"active\"}"}
{"timestamp":"2026-06-23T09:46:26.866Z","level":"LOG","message":"GET PRODUCTS QUERY: {\"category\":\"ice-equipment\",\"limit\":\"5\",\"sort\":\"price_desc\"}"}
{"timestamp":"2026-06-23T09:46:26.882Z","level":"LOG","message":"GET PRODUCTS QUERY: {\"category\":\"coffee-makers\",\"limit\":\"5\",\"sort\":\"price_desc\"}"}
{"timestamp":"2026-06-23T09:46:26.882Z","level":"LOG","message":"GET PRODUCTS QUERY: {\"category\":\"commercial-ovens\",\"limit\":\"5\",\"sort\":\"price_desc\"}"}
{"timestamp":"2026-06-23T09:46:26.883Z","level":"LOG","message":"GET PRODUCTS QUERY: {\"category\":\"beverage-equipment\",\"limit\":\"5\",\"sort\":\"price_desc\"}"}
{"timestamp":"2026-06-23T09:46:26.884Z","level":"LOG","message":"GET PRODUCTS QUERY: {\"category\":\"cooking-equipment\",\"limit\":\"5\",\"sort\":\"price_desc\"}"}
{"timestamp":"2026-06-23T09:46:26.890Z","level":"LOG","message":"GET PRODUCTS QUERY: {\"category\":\"food-preparation\",\"limit\":\"5\",\"sort\":\"price_desc\"}"}
{"timestamp":"2026-06-23T09:46:26.891Z","level":"LOG","message":"GET PRODUCTS QUERY: {\"category\":\"food-holding-and-warming-line\",\"limit\":\"5\",\"sort\":\"price_desc\"}"}
{"timestamp":"2026-06-23T09:46:26.892Z","level":"LOG","message":"GET PRODUCTS QUERY: {\"category\":\"storage\",\"limit\":\"5\",\"sort\":\"price_desc\"}"}
{"timestamp":"2026-06-23T09:46:26.894Z","level":"LOG","message":"GET PRODUCTS QUERY: {\"category\":\"refrigeration\",\"limit\":\"5\",\"sort\":\"price_desc\"}"}
{"timestamp":"2026-06-23T09:46:27.657Z","level":"LOG","message":"GET PRODUCTS QUERY: {\"is_featured\":\"1\",\"limit\":\"6\",\"status\":\"active\"}"}
{"timestamp":"2026-06-23T09:46:27.824Z","level":"LOG","message":"GET PRODUCTS QUERY: {\"page\":\"1\",\"limit\":\"24\",\"category\":\"work-tables\"}"}
{"timestamp":"2026-06-23T09:46:45.779Z","level":"LOG","message":"GET PRODUCTS QUERY: {\"is_featured\":\"1\",\"limit\":\"6\",\"status\":\"active\"}"}
{"timestamp":"2026-06-23T09:46:45.781Z","level":"LOG","message":"GET PRODUCTS QUERY: {\"category\":\"cabinet\",\"limit\":\"1\"}"}
{"timestamp":"2026-06-23T09:46:45.797Z","level":"LOG","message":"GET PRODUCTS QUERY: {\"category\":\"work-tables\",\"limit\":\"1\"}"}
{"timestamp":"2026-06-23T09:46:45.798Z","level":"LOG","message":"GET PRODUCTS QUERY: {\"category\":\"kitchen-hood\",\"limit\":\"1\"}"}
{"timestamp":"2026-06-23T09:46:45.801Z","level":"LOG","message":"GET PRODUCTS QUERY: {\"category\":\"refrigeration-1\",\"limit\":\"1\"}"}
{"timestamp":"2026-06-23T09:46:45.802Z","level":"LOG","message":"GET PRODUCTS QUERY: {\"category\":\"shelves\",\"limit\":\"1\"}"}
{"timestamp":"2026-06-23T09:46:45.803Z","level":"LOG","message":"GET PRODUCTS QUERY: {\"category\":\"ovens\",\"limit\":\"1\"}"}
{"timestamp":"2026-06-23T09:46:45.806Z","level":"LOG","message":"GET PRODUCTS QUERY: {\"category\":\"accessories\",\"limit\":\"1\"}"}
{"timestamp":"2026-06-23T09:46:45.807Z","level":"LOG","message":"GET PRODUCTS QUERY: {\"category\":\"sink\",\"limit\":\"1\"}"}
{"timestamp":"2026-06-23T09:46:45.917Z","level":"LOG","message":"GET PRODUCTS QUERY: {\"category\":\"stainless-steel-fabrications\",\"limit\":\"5\",\"sort\":\"price_desc\"}"}
{"timestamp":"2026-06-23T09:46:54.832Z","level":"LOG","message":"GET PRODUCTS QUERY: {\"is_weekly_deal\":\"true\"}"}
{"timestamp":"2026-06-23T09:46:54.832Z","level":"LOG","message":"GET PRODUCTS QUERY: {\"category\":\"stainless-steel-fabrications\",\"limit\":\"12\"}"}
{"timestamp":"2026-06-23T09:46:54.834Z","level":"LOG","message":"GET PRODUCTS QUERY: {\"is_limited_offer\":\"true\",\"limit\":\"8\"}"}
{"timestamp":"2026-06-23T09:46:55.135Z","level":"LOG","message":"GET PRODUCTS QUERY: {\"is_weekly_deal\":\"true\"}"}
{"timestamp":"2026-06-23T09:46:55.152Z","level":"LOG","message":"GET PRODUCTS QUERY: {\"is_limited_offer\":\"true\",\"limit\":\"7\"}"}
{"timestamp":"2026-06-23T09:46:55.271Z","level":"LOG","message":"GET PRODUCTS QUERY: {\"is_featured\":\"1\",\"limit\":\"6\",\"status\":\"active\"}"}
{"timestamp":"2026-06-23T09:47:13.400Z","level":"LOG","message":"GET PRODUCTS QUERY: {\"is_featured\":\"1\",\"limit\":\"6\",\"status\":\"active\"}"}
{"timestamp":"2026-06-23T09:47:15.918Z","level":"LOG","message":"GET PRODUCTS QUERY: {\"page\":\"1\",\"limit\":\"24\",\"brand\":\"fimar\"}"}
{"timestamp":"2026-06-23T09:47:16.458Z","level":"LOG","message":"GET PRODUCTS QUERY: {\"is_featured\":\"1\",\"limit\":\"6\",\"status\":\"active\"}"}
{"timestamp":"2026-06-23T09:47:16.639Z","level":"LOG","message":"GET PRODUCTS QUERY: {\"page\":\"1\",\"limit\":\"24\",\"brand\":\"fimar\"}"}
{"timestamp":"2026-06-23T09:47:21.093Z","level":"LOG","message":"GET PRODUCTS QUERY: {\"is_featured\":\"1\",\"limit\":\"6\",\"status\":\"active\"}"}
{"timestamp":"2026-06-23T09:47:27.342Z","level":"LOG","message":"GET PRODUCTS QUERY: {\"page\":\"1\",\"limit\":\"24\",\"brand\":\"sab\"}"}
{"timestamp":"2026-06-23T09:47:27.889Z","level":"LOG","message":"GET PRODUCTS QUERY: {\"is_featured\":\"1\",\"limit\":\"6\",\"status\":\"active\"}"}
{"timestamp":"2026-06-23T09:47:28.082Z","level":"LOG","message":"GET PRODUCTS QUERY: {\"page\":\"1\",\"limit\":\"24\",\"brand\":\"sab\"}"}
{"timestamp":"2026-06-23T09:47:30.118Z","level":"ERROR","message":"TokenExpiredError: jwt expired\n    at /home/u650716787/domains/api.mariotstore.com/nodejs/node_modules/jsonwebtoken/verify.js:190:21\n    at getSecret (/home/u650716787/domains/api.mariotstore.com/nodejs/node_modules/jsonwebtoken/verify.js:97:14)\n    at module.exports [as verify] (/home/u650716787/domains/api.mariotstore.com/nodejs/node_modules/jsonwebtoken/verify.js:101:10)\n    at protect (/home/u650716787/domains/api.mariotstore.com/nodejs/middlewares/auth.middleware.js:18:29)\n    at Layer.handleRequest (/home/u650716787/domains/api.mariotstore.com/nodejs/node_modules/router/lib/layer.js:152:17)\n    at next (/home/u650716787/domains/api.mariotstore.com/nodejs/node_modules/router/lib/route.js:157:13)\n    at Route.dispatch (/home/u650716787/domains/api.mariotstore.com/nodejs/node_modules/router/lib/route.js:117:3)\n    at handle (/home/u650716787/domains/api.mariotstore.com/nodejs/node_modules/router/index.js:435:11)\n    at Layer.handleRequest (/home/u650716787/domains/api.mariotstore.com/nodejs/node_modules/router/lib/layer.js:152:17)\n    at /home/u650716787/domains/api.mariotstore.com/nodejs/node_modules/router/index.js:295:15\n    at processParams (/home/u650716787/domains/api.mariotstore.com/nodejs/node_modules/router/index.js:582:12)\n    at next (/home/u650716787/domains/api.mariotstore.com/nodejs/node_modules/router/index.js:291:5)\n    at Function.handle (/home/u650716787/domains/api.mariotstore.com/nodejs/node_modules/router/index.js:186:3)\n    at router (/home/u650716787/domains/api.mariotstore.com/nodejs/node_modules/router/index.js:60:12)\n    at Layer.handleRequest (/home/u650716787/domains/api.mariotstore.com/nodejs/node_modules/router/lib/layer.js:152:17)\n    at trimPrefix (/home/u650716787/domains/api.mariotstore.com/nodejs/node_modules/router/index.js:342:13)"}
{"timestamp":"2026-06-23T09:47:30.442Z","level":"LOG","message":"GET PRODUCTS QUERY: {\"is_featured\":\"1\",\"limit\":\"6\",\"status\":\"active\"}"}
{"timestamp":"2026-06-23T09:47:30.631Z","level":"LOG","message":"GET PRODUCTS QUERY: {\"page\":\"1\",\"limit\":\"24\",\"brand\":\"sab\"}"}
{"timestamp":"2026-06-23T09:47:32.355Z","level":"ERROR","message":"TokenExpiredError: jwt expired\n    at /home/u650716787/domains/api.mariotstore.com/nodejs/node_modules/jsonwebtoken/verify.js:190:21\n    at getSecret (/home/u650716787/domains/api.mariotstore.com/nodejs/node_modules/jsonwebtoken/verify.js:97:14)\n    at module.exports [as verify] (/home/u650716787/domains/api.mariotstore.com/nodejs/node_modules/jsonwebtoken/verify.js:101:10)\n    at protect (/home/u650716787/domains/api.mariotstore.com/nodejs/middlewares/auth.middleware.js:18:29)\n    at Layer.handleRequest (/home/u650716787/domains/api.mariotstore.com/nodejs/node_modules/router/lib/layer.js:152:17)\n    at next (/home/u650716787/domains/api.mariotstore.com/nodejs/node_modules/router/lib/route.js:157:13)\n    at Route.dispatch (/home/u650716787/domains/api.mariotstore.com/nodejs/node_modules/router/lib/route.js:117:3)\n    at handle (/home/u650716787/domains/api.mariotstore.com/nodejs/node_modules/router/index.js:435:11)\n    at Layer.handleRequest (/home/u650716787/domains/api.mariotstore.com/nodejs/node_modules/router/lib/layer.js:152:17)\n    at /home/u650716787/domains/api.mariotstore.com/nodejs/node_modules/router/index.js:295:15\n    at processParams (/home/u650716787/domains/api.mariotstore.com/nodejs/node_modules/router/index.js:582:12)\n    at next (/home/u650716787/domains/api.mariotstore.com/nodejs/node_modules/router/index.js:291:5)\n    at Function.handle (/home/u650716787/domains/api.mariotstore.com/nodejs/node_modules/router/index.js:186:3)\n    at router (/home/u650716787/domains/api.mariotstore.com/nodejs/node_modules/router/index.js:60:12)\n    at Layer.handleRequest (/home/u650716787/domains/api.mariotstore.com/nodejs/node_modules/router/lib/layer.js:152:17)\n    at trimPrefix (/home/u650716787/domains/api.mariotstore.com/nodejs/node_modules/router/index.js:342:13)"}
{"timestamp":"2026-06-23T09:47:32.806Z","level":"LOG","message":"GET PRODUCTS QUERY: {\"is_featured\":\"1\",\"limit\":\"6\",\"status\":\"active\"}"}
{"timestamp":"2026-06-23T09:47:32.982Z","level":"LOG","message":"GET PRODUCTS QUERY: {\"page\":\"1\",\"limit\":\"24\",\"brand\":\"sab\"}"}
{"timestamp":"2026-06-23T09:47:39.037Z","level":"LOG","message":"GET PRODUCTS QUERY: {\"is_limited_offer\":\"true\",\"limit\":\"7\"}"}
{"timestamp":"2026-06-23T09:47:39.039Z","level":"LOG","message":"GET PRODUCTS QUERY: {\"is_weekly_deal\":\"true\"}"}
{"timestamp":"2026-06-23T09:47:39.161Z","level":"LOG","message":"GET PRODUCTS QUERY: {\"is_featured\":\"1\",\"limit\":\"6\",\"status\":\"active\"}"}
{"timestamp":"2026-06-23T09:48:09.050Z","level":"LOG","message":"GET PRODUCTS QUERY: {\"is_limited_offer\":\"true\",\"limit\":\"7\"}"}
{"timestamp":"2026-06-23T09:48:09.051Z","level":"LOG","message":"GET PRODUCTS QUERY: {\"is_weekly_deal\":\"true\"}"}
{"timestamp":"2026-06-23T09:48:39.440Z","level":"LOG","message":"GET PRODUCTS QUERY: {\"is_limited_offer\":\"true\",\"limit\":\"7\"}"}
{"timestamp":"2026-06-23T09:48:39.445Z","level":"LOG","message":"GET PRODUCTS QUERY: {\"is_weekly_deal\":\"true\"}"}
{"timestamp":"2026-06-23T09:49:09.046Z","level":"LOG","message":"GET PRODUCTS QUERY: {\"is_limited_offer\":\"true\",\"limit\":\"7\"}"}
{"timestamp":"2026-06-23T09:49:09.047Z","level":"LOG","message":"GET PRODUCTS QUERY: {\"is_weekly_deal\":\"true\"}"}
{"timestamp":"2026-06-23T09:49:34.687Z","level":"LOG","message":"[ABANDONED CART] 🔍 Scanning for abandoned carts..."}
{"timestamp":"2026-06-23T09:49:34.688Z","level":"LOG","message":"[ABANDONED CART] ✅ Scan complete. Sent 0 reminder(s)."}
{"timestamp":"2026-06-23T09:49:39.234Z","level":"LOG","message":"GET PRODUCTS QUERY: {\"is_weekly_deal\":\"true\"}"}
{"timestamp":"2026-06-23T09:49:39.235Z","level":"LOG","message":"GET PRODUCTS QUERY: {\"is_limited_offer\":\"true\",\"limit\":\"7\"}"}
{"timestamp":"2026-06-23T09:50:09.152Z","level":"LOG","message":"GET PRODUCTS QUERY: {\"is_limited_offer\":\"true\",\"limit\":\"7\"}"}
{"timestamp":"2026-06-23T09:50:09.152Z","level":"LOG","message":"GET PRODUCTS QUERY: {\"is_weekly_deal\":\"true\"}"}
{"timestamp":"2026-06-23T09:50:39.286Z","level":"LOG","message":"GET PRODUCTS QUERY: {\"is_weekly_deal\":\"true\"}"}
{"timestamp":"2026-06-23T09:50:39.309Z","level":"LOG","message":"GET PRODUCTS QUERY: {\"is_limited_offer\":\"true\",\"limit\":\"7\"}"}
{"timestamp":"2026-06-23T09:51:09.046Z","level":"LOG","message":"GET PRODUCTS QUERY: {\"is_limited_offer\":\"true\",\"limit\":\"7\"}"}
{"timestamp":"2026-06-23T09:51:09.050Z","level":"LOG","message":"GET PRODUCTS QUERY: {\"is_weekly_deal\":\"true\"}"}
{"timestamp":"2026-06-23T09:51:39.226Z","level":"LOG","message":"GET PRODUCTS QUERY: {\"is_limited_offer\":\"true\",\"limit\":\"7\"}"}
{"timestamp":"2026-06-23T09:51:39.249Z","level":"LOG","message":"GET PRODUCTS QUERY: {\"is_weekly_deal\":\"true\"}"}
{"timestamp":"2026-06-23T09:52:09.048Z","level":"LOG","message":"GET PRODUCTS QUERY: {\"is_limited_offer\":\"true\",\"limit\":\"7\"}"}
{"timestamp":"2026-06-23T09:52:09.048Z","level":"LOG","message":"GET PRODUCTS QUERY: {\"is_weekly_deal\":\"true\"}"}
{"timestamp":"2026-06-23T09:52:19.700Z","level":"LOG","message":"GET PRODUCTS QUERY: {\"is_limited_offer\":\"true\",\"limit\":\"7\"}"}
{"timestamp":"2026-06-23T09:52:24.223Z","level":"LOG","message":"GET PRODUCTS QUERY: {\"is_limited_offer\":\"true\",\"limit\":\"7\"}"}
{"timestamp":"2026-06-23T09:52:39.468Z","level":"LOG","message":"GET PRODUCTS QUERY: {\"is_weekly_deal\":\"true\"}"}
{"timestamp":"2026-06-23T09:53:09.711Z","level":"LOG","message":"GET PRODUCTS QUERY: {\"is_weekly_deal\":\"true\"}"}
{"timestamp":"2026-06-23T09:53:59.628Z","level":"LOG","message":"GET PRODUCTS QUERY: {\"is_weekly_deal\":\"true\"}"}
{"timestamp":"2026-06-23T09:54:59.683Z","level":"LOG","message":"GET PRODUCTS QUERY: {\"is_weekly_deal\":\"true\"}"}
{"timestamp":"2026-06-23T09:55:59.633Z","level":"LOG","message":"GET PRODUCTS QUERY: {\"is_weekly_deal\":\"true\"}"}
{"timestamp":"2026-06-23T09:56:59.682Z","level":"LOG","message":"GET PRODUCTS QUERY: {\"is_weekly_deal\":\"true\"}"}
{"timestamp":"2026-06-23T09:57:59.676Z","level":"LOG","message":"GET PRODUCTS QUERY: {\"is_weekly_deal\":\"true\"}"}
{"timestamp":"2026-06-23T09:58:59.694Z","level":"LOG","message":"GET PRODUCTS QUERY: {\"is_weekly_deal\":\"true\"}"}
{"timestamp":"2026-06-23T09:59:59.655Z","level":"LOG","message":"GET PRODUCTS QUERY: {\"is_weekly_deal\":\"true\"}"}
{"timestamp":"2026-06-23T10:00:59.696Z","level":"LOG","message":"GET PRODUCTS QUERY: {\"is_weekly_deal\":\"true\"}"}
{"timestamp":"2026-06-23T10:01:59.679Z","level":"LOG","message":"GET PRODUCTS QUERY: {\"is_weekly_deal\":\"true\"}"}
{"timestamp":"2026-06-23T10:02:59.692Z","level":"LOG","message":"GET PRODUCTS QUERY: {\"is_weekly_deal\":\"true\"}"}
{"timestamp":"2026-06-23T10:03:59.645Z","level":"LOG","message":"GET PRODUCTS QUERY: {\"is_weekly_deal\":\"true\"}"}
{"timestamp":"2026-06-23T10:04:59.686Z","level":"LOG","message":"GET PRODUCTS QUERY: {\"is_weekly_deal\":\"true\"}"}
{"timestamp":"2026-06-23T10:05:59.644Z","level":"LOG","message":"GET PRODUCTS QUERY: {\"is_weekly_deal\":\"true\"}"}
{"timestamp":"2026-06-23T10:06:59.691Z","level":"LOG","message":"GET PRODUCTS QUERY: {\"is_weekly_deal\":\"true\"}"}
{"timestamp":"2026-06-23T10:07:59.652Z","level":"LOG","message":"GET PRODUCTS QUERY: {\"is_weekly_deal\":\"true\"}"}
{"timestamp":"2026-06-23T10:08:59.911Z","level":"LOG","message":"GET PRODUCTS QUERY: {\"is_weekly_deal\":\"true\"}"}
{"timestamp":"2026-06-23T10:09:59.672Z","level":"LOG","message":"GET PRODUCTS QUERY: {\"is_weekly_deal\":\"true\"}"}
{"timestamp":"2026-06-23T10:10:59.722Z","level":"LOG","message":"GET PRODUCTS QUERY: {\"is_weekly_deal\":\"true\"}"}
{"timestamp":"2026-06-23T10:11:59.696Z","level":"LOG","message":"GET PRODUCTS QUERY: {\"is_weekly_deal\":\"true\"}"}
{"timestamp":"2026-06-23T10:12:59.720Z","level":"LOG","message":"GET PRODUCTS QUERY: {\"is_weekly_deal\":\"true\"}"}
{"timestamp":"2026-06-23T10:13:59.669Z","level":"LOG","message":"GET PRODUCTS QUERY: {\"is_weekly_deal\":\"true\"}"}
{"timestamp":"2026-06-23T10:14:59.705Z","level":"LOG","message":"GET PRODUCTS QUERY: {\"is_weekly_deal\":\"true\"}"}
{"timestamp":"2026-06-23T10:15:59.691Z","level":"LOG","message":"GET PRODUCTS QUERY: {\"is_weekly_deal\":\"true\"}"}
{"timestamp":"2026-06-23T10:16:59.726Z","level":"LOG","message":"GET PRODUCTS QUERY: {\"is_weekly_deal\":\"true\"}"}
{"timestamp":"2026-06-23T10:17:59.675Z","level":"LOG","message":"GET PRODUCTS QUERY: {\"is_weekly_deal\":\"true\"}"}
{"timestamp":"2026-06-23T10:18:59.713Z","level":"LOG","message":"GET PRODUCTS QUERY: {\"is_weekly_deal\":\"true\"}"}
{"timestamp":"2026-06-23T10:19:34.689Z","level":"LOG","message":"[ABANDONED CART] 🔍 Scanning for abandoned carts..."}
{"timestamp":"2026-06-23T10:19:34.690Z","level":"LOG","message":"[ABANDONED CART] ✅ Scan complete. Sent 0 reminder(s)."}
{"timestamp":"2026-06-23T10:19:59.658Z","level":"LOG","message":"GET PRODUCTS QUERY: {\"is_weekly_deal\":\"true\"}"}
{"timestamp":"2026-06-23T10:20:59.847Z","level":"LOG","message":"[dotenv@17.2.4] injecting env (1) from .env -- tip: ⚙️  specify custom .env file path with { path: '/custom/path/.env' }"}
{"timestamp":"2026-06-23T10:20:59.849Z","level":"LOG","message":"[BOOT] cwd = /home/u650716787/domains/api.mariotstore.com/nodejs"}
{"timestamp":"2026-06-23T10:20:59.849Z","level":"LOG","message":"[BOOT] DB_USER = \"u650716787_mariot_user\""}
{"timestamp":"2026-06-23T10:20:59.849Z","level":"LOG","message":"[BOOT] DB_PASSWORD present = true"}
{"timestamp":"2026-06-23T10:20:59.849Z","level":"LOG","message":"[BOOT] DB_NAME = \"u650716787_mariot_db\""}
{"timestamp":"2026-06-23T10:21:00.057Z","level":"LOG","message":"[dotenv@17.2.4] injecting env (0) from .env -- tip: ⚙️  enable debug logging with { debug: true }"}
{"timestamp":"2026-06-23T10:21:00.303Z","level":"LOG","message":"[DEBUG] DB_HOST = \"localhost\""}
{"timestamp":"2026-06-23T10:21:00.303Z","level":"LOG","message":"[DEBUG] DB_USER = \"u650716787_mariot_user\""}
{"timestamp":"2026-06-23T10:21:00.303Z","level":"LOG","message":"[DEBUG] DB_PASSWORD present? true"}
{"timestamp":"2026-06-23T10:21:00.303Z","level":"LOG","message":"[DEBUG] DB_PASS present? false"}
{"timestamp":"2026-06-23T10:21:00.303Z","level":"LOG","message":"[DEBUG] DB_NAME = \"u650716787_mariot_db\""}
{"timestamp":"2026-06-23T10:21:00.940Z","level":"LOG","message":"[DB] Running initialization and migrations..."}
{"timestamp":"2026-06-23T10:21:00.946Z","level":"LOG","message":"[EMAIL] Resolved smtp.hostinger.com → 172.65.255.143 (IPv4)"}
{"timestamp":"2026-06-23T10:21:00.961Z","level":"ERROR","message":"Database connection failed: Access denied for user 'u650716787_mariot_user'@'::1' (using password: YES)"}
{"timestamp":"2026-06-23T10:21:00.964Z","level":"LOG","message":"[DB] contact_submissions table verified"}
{"timestamp":"2026-06-23T10:21:00.964Z","level":"LOG","message":"[DB] category_brands table verified"}
{"timestamp":"2026-06-23T10:21:00.964Z","level":"LOG","message":"[DB] reward_points_history table verified"}
{"timestamp":"2026-06-23T10:21:00.968Z","level":"LOG","message":"[DB] reward_points_history.transaction_type ENUM verified (reversed, refunded)"}
{"timestamp":"2026-06-23T10:21:00.968Z","level":"LOG","message":"[DB] staff role verified"}
{"timestamp":"2026-06-23T10:21:00.981Z","level":"LOG","message":"[DB] product variant tables verified"}
{"timestamp":"2026-06-23T10:21:00.988Z","level":"LOG","message":"[DB] signup_otps table verified"}
{"timestamp":"2026-06-23T10:21:00.988Z","level":"LOG","message":"[DB] invoices table verified"}
{"timestamp":"2026-06-23T10:21:00.989Z","level":"LOG","message":"[DB] staff_permissions table verified"}
{"timestamp":"2026-06-23T10:21:00.989Z","level":"LOG","message":"[DB] stock_notifications table verified"}
{"timestamp":"2026-06-23T10:21:00.989Z","level":"LOG","message":"[DB] settings table verified"}
{"timestamp":"2026-06-23T10:21:00.991Z","level":"LOG","message":"[EMAIL] SMTP_EMAIL: admin@mariotstore.com"}
{"timestamp":"2026-06-23T10:21:00.991Z","level":"LOG","message":"[EMAIL] SMTP_PASSWORD length: 17 chars"}
{"timestamp":"2026-06-23T10:21:00.994Z","level":"LOG","message":"[ABANDONED CART] 🚀 Cron job started (runs every 30 minutes)"}
{"timestamp":"2026-06-23T10:21:00.995Z","level":"LOG","message":"[POINTS STATEMENT] 🚀 Job started (fires monthly: 1st 10:00 Asia/Dubai, with a 2nd–3rd grace window)"}
{"timestamp":"2026-06-23T10:21:00.995Z","level":"LOG","message":"Server running in production mode on port 5000"}
{"timestamp":"2026-06-23T10:21:01.014Z","level":"LOG","message":"GET PRODUCTS QUERY: {\"is_weekly_deal\":\"true\"}"}
{"timestamp":"2026-06-23T10:21:01.863Z","level":"LOG","message":"[EMAIL] ✅ SMTP connection verified successfully"}
{"timestamp":"2026-06-23T10:21:31.003Z","level":"LOG","message":"[ABANDONED CART] 🔍 Scanning for abandoned carts..."}
{"timestamp":"2026-06-23T10:21:31.005Z","level":"LOG","message":"[ABANDONED CART] ✅ Scan complete. Sent 0 reminder(s)."}
{"timestamp":"2026-06-23T10:21:59.681Z","level":"LOG","message":"GET PRODUCTS QUERY: {\"is_weekly_deal\":\"true\"}"}
{"timestamp":"2026-06-23T10:23:00.111Z","level":"LOG","message":"GET PRODUCTS QUERY: {\"is_weekly_deal\":\"true\"}"}
{"timestamp":"2026-06-23T10:23:59.687Z","level":"LOG","message":"GET PRODUCTS QUERY: {\"is_weekly_deal\":\"true\"}"}
{"timestamp":"2026-06-23T10:24:59.716Z","level":"LOG","message":"GET PRODUCTS QUERY: {\"is_weekly_deal\":\"true\"}"}
{"timestamp":"2026-06-23T10:25:59.661Z","level":"LOG","message":"GET PRODUCTS QUERY: {\"is_weekly_deal\":\"true\"}"}
{"timestamp":"2026-06-23T10:26:59.708Z","level":"LOG","message":"GET PRODUCTS QUERY: {\"is_weekly_deal\":\"true\"}"}
{"timestamp":"2026-06-23T10:27:59.672Z","level":"LOG","message":"GET PRODUCTS QUERY: {\"is_weekly_deal\":\"true\"}"}
{"timestamp":"2026-06-23T10:28:59.740Z","level":"LOG","message":"GET PRODUCTS QUERY: {\"is_weekly_deal\":\"true\"}"}
{"timestamp":"2026-06-23T10:29:59.688Z","level":"LOG","message":"GET PRODUCTS QUERY: {\"is_weekly_deal\":\"true\"}"}
{"timestamp":"2026-06-23T10:30:59.715Z","level":"LOG","message":"GET PRODUCTS QUERY: {\"is_weekly_deal\":\"true\"}"}
{"timestamp":"2026-06-23T10:31:59.689Z","level":"LOG","message":"GET PRODUCTS QUERY: {\"is_weekly_deal\":\"true\"}"}
{"timestamp":"2026-06-23T10:32:59.705Z","level":"LOG","message":"GET PRODUCTS QUERY: {\"is_weekly_deal\":\"true\"}"}
{"timestamp":"2026-06-23T10:33:59.677Z","level":"LOG","message":"GET PRODUCTS QUERY: {\"is_weekly_deal\":\"true\"}"}
{"timestamp":"2026-06-23T10:34:59.711Z","level":"LOG","message":"GET PRODUCTS QUERY: {\"is_weekly_deal\":\"true\"}"}
{"timestamp":"2026-06-23T10:35:59.925Z","level":"LOG","message":"GET PRODUCTS QUERY: {\"is_weekly_deal\":\"true\"}"}
{"timestamp":"2026-06-23T10:36:59.706Z","level":"LOG","message":"GET PRODUCTS QUERY: {\"is_weekly_deal\":\"true\"}"}
{"timestamp":"2026-06-23T10:37:59.678Z","level":"LOG","message":"GET PRODUCTS QUERY: {\"is_weekly_deal\":\"true\"}"}
{"timestamp":"2026-06-23T10:38:59.720Z","level":"LOG","message":"GET PRODUCTS QUERY: {\"is_weekly_deal\":\"true\"}"}
{"timestamp":"2026-06-23T10:39:59.685Z","level":"LOG","message":"GET PRODUCTS QUERY: {\"is_weekly_deal\":\"true\"}"}
{"timestamp":"2026-06-23T10:40:59.716Z","level":"LOG","message":"GET PRODUCTS QUERY: {\"is_weekly_deal\":\"true\"}"}
{"timestamp":"2026-06-23T10:41:59.689Z","level":"LOG","message":"GET PRODUCTS QUERY: {\"is_weekly_deal\":\"true\"}"}
{"timestamp":"2026-06-23T10:42:59.725Z","level":"LOG","message":"GET PRODUCTS QUERY: {\"is_weekly_deal\":\"true\"}"}
{"timestamp":"2026-06-23T10:43:59.686Z","level":"LOG","message":"GET PRODUCTS QUERY: {\"is_weekly_deal\":\"true\"}"}
{"timestamp":"2026-06-23T10:44:05.107Z","level":"LOG","message":"404: METHOD GET URL /robots.txt"}
{"timestamp":"2026-06-23T10:44:59.718Z","level":"LOG","message":"GET PRODUCTS QUERY: {\"is_weekly_deal\":\"true\"}"}
{"timestamp":"2026-06-23T10:45:59.694Z","level":"LOG","message":"GET PRODUCTS QUERY: {\"is_weekly_deal\":\"true\"}"}
{"timestamp":"2026-06-23T10:46:59.769Z","level":"LOG","message":"GET PRODUCTS QUERY: {\"is_weekly_deal\":\"true\"}"}
{"timestamp":"2026-06-23T10:47:59.706Z","level":"LOG","message":"GET PRODUCTS QUERY: {\"is_weekly_deal\":\"true\"}"}
{"timestamp":"2026-06-23T10:48:59.734Z","level":"LOG","message":"GET PRODUCTS QUERY: {\"is_weekly_deal\":\"true\"}"}
{"timestamp":"2026-06-23T10:49:59.738Z","level":"LOG","message":"GET PRODUCTS QUERY: {\"is_weekly_deal\":\"true\"}"}
{"timestamp":"2026-06-23T10:50:59.756Z","level":"LOG","message":"GET PRODUCTS QUERY: {\"is_weekly_deal\":\"true\"}"}
{"timestamp":"2026-06-23T10:51:00.994Z","level":"LOG","message":"[ABANDONED CART] 🔍 Scanning for abandoned carts..."}
{"timestamp":"2026-06-23T10:51:00.996Z","level":"LOG","message":"[ABANDONED CART] ✅ Scan complete. Sent 0 reminder(s)."}
{"timestamp":"2026-06-23T10:51:59.695Z","level":"LOG","message":"GET PRODUCTS QUERY: {\"is_weekly_deal\":\"true\"}"}
{"timestamp":"2026-06-23T10:52:59.743Z","level":"LOG","message":"GET PRODUCTS QUERY: {\"is_weekly_deal\":\"true\"}"}
{"timestamp":"2026-06-23T10:53:59.695Z","level":"LOG","message":"GET PRODUCTS QUERY: {\"is_weekly_deal\":\"true\"}"}
{"timestamp":"2026-06-23T10:54:59.728Z","level":"LOG","message":"GET PRODUCTS QUERY: {\"is_weekly_deal\":\"true\"}"}
{"timestamp":"2026-06-23T10:55:59.740Z","level":"LOG","message":"GET PRODUCTS QUERY: {\"is_weekly_deal\":\"true\"}"}
{"timestamp":"2026-06-23T10:56:59.754Z","level":"LOG","message":"GET PRODUCTS QUERY: {\"is_weekly_deal\":\"true\"}"}
{"timestamp":"2026-06-23T10:57:59.723Z","level":"LOG","message":"GET PRODUCTS QUERY: {\"is_weekly_deal\":\"true\"}"}
{"timestamp":"2026-06-23T10:58:59.738Z","level":"LOG","message":"GET PRODUCTS QUERY: {\"is_weekly_deal\":\"true\"}"}
{"timestamp":"2026-06-23T10:59:59.738Z","level":"LOG","message":"GET PRODUCTS QUERY: {\"is_weekly_deal\":\"true\"}"}
{"timestamp":"2026-06-23T11:00:59.741Z","level":"LOG","message":"GET PRODUCTS QUERY: {\"is_weekly_deal\":\"true\"}"}
{"timestamp":"2026-06-23T11:01:59.723Z","level":"LOG","message":"GET PRODUCTS QUERY: {\"is_weekly_deal\":\"true\"}"}
{"timestamp":"2026-06-23T11:02:59.761Z","level":"LOG","message":"GET PRODUCTS QUERY: {\"is_weekly_deal\":\"true\"}"}
{"timestamp":"2026-06-23T11:03:59.693Z","level":"LOG","message":"GET PRODUCTS QUERY: {\"is_weekly_deal\":\"true\"}"}
{"timestamp":"2026-06-23T11:04:59.749Z","level":"LOG","message":"GET PRODUCTS QUERY: {\"is_weekly_deal\":\"true\"}"}
{"timestamp":"2026-06-23T11:05:59.721Z","level":"LOG","message":"GET PRODUCTS QUERY: {\"is_weekly_deal\":\"true\"}"}
{"timestamp":"2026-06-23T11:06:59.754Z","level":"LOG","message":"GET PRODUCTS QUERY: {\"is_weekly_deal\":\"true\"}"}
{"timestamp":"2026-06-23T11:08:00.018Z","level":"LOG","message":"GET PRODUCTS QUERY: {\"is_weekly_deal\":\"true\"}"}
{"timestamp":"2026-06-23T11:08:59.750Z","level":"LOG","message":"GET PRODUCTS QUERY: {\"is_weekly_deal\":\"true\"}"}
{"timestamp":"2026-06-23T11:09:59.721Z","level":"LOG","message":"GET PRODUCTS QUERY: {\"is_weekly_deal\":\"true\"}"}
{"timestamp":"2026-06-23T11:11:00.151Z","level":"LOG","message":"GET PRODUCTS QUERY: {\"is_weekly_deal\":\"true\"}"}
{"timestamp":"2026-06-23T11:11:59.721Z","level":"LOG","message":"GET PRODUCTS QUERY: {\"is_weekly_deal\":\"true\"}"}
{"timestamp":"2026-06-23T11:12:59.772Z","level":"LOG","message":"GET PRODUCTS QUERY: {\"is_weekly_deal\":\"true\"}"}
{"timestamp":"2026-06-23T11:13:59.728Z","level":"LOG","message":"GET PRODUCTS QUERY: {\"is_weekly_deal\":\"true\"}"}
{"timestamp":"2026-06-23T11:14:59.764Z","level":"LOG","message":"GET PRODUCTS QUERY: {\"is_weekly_deal\":\"true\"}"}
{"timestamp":"2026-06-23T11:15:59.744Z","level":"LOG","message":"GET PRODUCTS QUERY: {\"is_weekly_deal\":\"true\"}"}
{"timestamp":"2026-06-23T11:16:59.768Z","level":"LOG","message":"GET PRODUCTS QUERY: {\"is_weekly_deal\":\"true\"}"}
{"timestamp":"2026-06-23T11:17:59.721Z","level":"LOG","message":"GET PRODUCTS QUERY: {\"is_weekly_deal\":\"true\"}"}
{"timestamp":"2026-06-23T11:18:59.766Z","level":"LOG","message":"GET PRODUCTS QUERY: {\"is_weekly_deal\":\"true\"}"}
{"timestamp":"2026-06-23T11:19:59.733Z","level":"LOG","message":"GET PRODUCTS QUERY: {\"is_weekly_deal\":\"true\"}"}
{"timestamp":"2026-06-23T11:21:00.135Z","level":"LOG","message":"GET PRODUCTS QUERY: {\"is_weekly_deal\":\"true\"}"}
{"timestamp":"2026-06-23T11:21:00.995Z","level":"LOG","message":"[ABANDONED CART] 🔍 Scanning for abandoned carts..."}
{"timestamp":"2026-06-23T11:21:00.998Z","level":"LOG","message":"[ABANDONED CART] ✅ Scan complete. Sent 0 reminder(s)."}
{"timestamp":"2026-06-23T11:21:59.881Z","level":"LOG","message":"[dotenv@17.2.4] injecting env (1) from .env -- tip: 🔐 prevent building .env in docker: https://dotenvx.com/prebuild"}
{"timestamp":"2026-06-23T11:21:59.882Z","level":"LOG","message":"[BOOT] cwd = /home/u650716787/domains/api.mariotstore.com/nodejs"}
{"timestamp":"2026-06-23T11:21:59.882Z","level":"LOG","message":"[BOOT] DB_USER = \"u650716787_mariot_user\""}
{"timestamp":"2026-06-23T11:21:59.882Z","level":"LOG","message":"[BOOT] DB_PASSWORD present = true"}
{"timestamp":"2026-06-23T11:21:59.882Z","level":"LOG","message":"[BOOT] DB_NAME = \"u650716787_mariot_db\""}
{"timestamp":"2026-06-23T11:22:00.074Z","level":"LOG","message":"[dotenv@17.2.4] injecting env (0) from .env -- tip: ⚙️  load multiple .env files with { path: ['.env.local', '.env'] }"}
{"timestamp":"2026-06-23T11:22:00.329Z","level":"LOG","message":"[DEBUG] DB_HOST = \"localhost\""}
{"timestamp":"2026-06-23T11:22:00.329Z","level":"LOG","message":"[DEBUG] DB_USER = \"u650716787_mariot_user\""}
{"timestamp":"2026-06-23T11:22:00.329Z","level":"LOG","message":"[DEBUG] DB_PASSWORD present? true"}
{"timestamp":"2026-06-23T11:22:00.330Z","level":"LOG","message":"[DEBUG] DB_PASS present? false"}
{"timestamp":"2026-06-23T11:22:00.330Z","level":"LOG","message":"[DEBUG] DB_NAME = \"u650716787_mariot_db\""}
{"timestamp":"2026-06-23T11:22:01.006Z","level":"LOG","message":"[DB] Running initialization and migrations..."}
{"timestamp":"2026-06-23T11:22:01.011Z","level":"LOG","message":"[EMAIL] Resolved smtp.hostinger.com → 172.65.255.143 (IPv4)"}
{"timestamp":"2026-06-23T11:22:01.027Z","level":"ERROR","message":"Database connection failed: Access denied for user 'u650716787_mariot_user'@'::1' (using password: YES)"}
{"timestamp":"2026-06-23T11:22:01.029Z","level":"LOG","message":"[DB] contact_submissions table verified"}
{"timestamp":"2026-06-23T11:22:01.030Z","level":"LOG","message":"[DB] category_brands table verified"}
{"timestamp":"2026-06-23T11:22:01.031Z","level":"LOG","message":"[DB] reward_points_history table verified"}
{"timestamp":"2026-06-23T11:22:01.036Z","level":"LOG","message":"[DB] reward_points_history.transaction_type ENUM verified (reversed, refunded)"}
{"timestamp":"2026-06-23T11:22:01.037Z","level":"LOG","message":"[DB] staff role verified"}
{"timestamp":"2026-06-23T11:22:01.053Z","level":"LOG","message":"[DB] product variant tables verified"}
{"timestamp":"2026-06-23T11:22:01.062Z","level":"LOG","message":"[DB] signup_otps table verified"}
{"timestamp":"2026-06-23T11:22:01.062Z","level":"LOG","message":"[DB] invoices table verified"}
{"timestamp":"2026-06-23T11:22:01.063Z","level":"LOG","message":"[DB] staff_permissions table verified"}
{"timestamp":"2026-06-23T11:22:01.063Z","level":"LOG","message":"[DB] stock_notifications table verified"}
{"timestamp":"2026-06-23T11:22:01.063Z","level":"LOG","message":"[DB] settings table verified"}
{"timestamp":"2026-06-23T11:22:01.066Z","level":"LOG","message":"[EMAIL] SMTP_EMAIL: admin@mariotstore.com"}
{"timestamp":"2026-06-23T11:22:01.066Z","level":"LOG","message":"[EMAIL] SMTP_PASSWORD length: 17 chars"}
{"timestamp":"2026-06-23T11:22:01.070Z","level":"LOG","message":"[ABANDONED CART] 🚀 Cron job started (runs every 30 minutes)"}
{"timestamp":"2026-06-23T11:22:01.070Z","level":"LOG","message":"[POINTS STATEMENT] 🚀 Job started (fires monthly: 1st 10:00 Asia/Dubai, with a 2nd–3rd grace window)"}
{"timestamp":"2026-06-23T11:22:01.071Z","level":"LOG","message":"Server running in production mode on port 5000"}
{"timestamp":"2026-06-23T11:22:01.096Z","level":"LOG","message":"GET PRODUCTS QUERY: {\"is_weekly_deal\":\"true\"}"}
{"timestamp":"2026-06-23T11:22:01.978Z","level":"LOG","message":"[EMAIL] ✅ SMTP connection verified successfully"}
{"timestamp":"2026-06-23T11:22:31.079Z","level":"LOG","message":"[ABANDONED CART] 🔍 Scanning for abandoned carts..."}
{"timestamp":"2026-06-23T11:22:31.081Z","level":"LOG","message":"[ABANDONED CART] ✅ Scan complete. Sent 0 reminder(s)."}
{"timestamp":"2026-06-23T11:22:59.801Z","level":"LOG","message":"GET PRODUCTS QUERY: {\"is_weekly_deal\":\"true\"}"}
{"timestamp":"2026-06-23T11:23:59.744Z","level":"LOG","message":"GET PRODUCTS QUERY: {\"is_weekly_deal\":\"true\"}"}
{"timestamp":"2026-06-23T11:24:59.773Z","level":"LOG","message":"GET PRODUCTS QUERY: {\"is_weekly_deal\":\"true\"}"}
{"timestamp":"2026-06-23T11:25:59.738Z","level":"LOG","message":"GET PRODUCTS QUERY: {\"is_weekly_deal\":\"true\"}"}
{"timestamp":"2026-06-23T11:26:59.795Z","level":"LOG","message":"GET PRODUCTS QUERY: {\"is_weekly_deal\":\"true\"}"}
{"timestamp":"2026-06-23T11:27:59.739Z","level":"LOG","message":"GET PRODUCTS QUERY: {\"is_weekly_deal\":\"true\"}"}
{"timestamp":"2026-06-23T11:28:59.876Z","level":"LOG","message":"GET PRODUCTS QUERY: {\"is_weekly_deal\":\"true\"}"}
{"timestamp":"2026-06-23T11:29:59.735Z","level":"LOG","message":"GET PRODUCTS QUERY: {\"is_weekly_deal\":\"true\"}"}
{"timestamp":"2026-06-23T11:30:59.795Z","level":"LOG","message":"GET PRODUCTS QUERY: {\"is_weekly_deal\":\"true\"}"}
{"timestamp":"2026-06-23T11:31:59.789Z","level":"LOG","message":"GET PRODUCTS QUERY: {\"is_weekly_deal\":\"true\"}"}
{"timestamp":"2026-06-23T11:32:59.787Z","level":"LOG","message":"GET PRODUCTS QUERY: {\"is_weekly_deal\":\"true\"}"}
{"timestamp":"2026-06-23T11:33:59.755Z","level":"LOG","message":"GET PRODUCTS QUERY: {\"is_weekly_deal\":\"true\"}"}
{"timestamp":"2026-06-23T11:34:59.795Z","level":"LOG","message":"GET PRODUCTS QUERY: {\"is_weekly_deal\":\"true\"}"}
{"timestamp":"2026-06-23T11:35:59.754Z","level":"LOG","message":"GET PRODUCTS QUERY: {\"is_weekly_deal\":\"true\"}"}
{"timestamp":"2026-06-23T11:36:59.788Z","level":"LOG","message":"GET PRODUCTS QUERY: {\"is_weekly_deal\":\"true\"}"}
{"timestamp":"2026-06-23T11:37:59.745Z","level":"LOG","message":"GET PRODUCTS QUERY: {\"is_weekly_deal\":\"true\"}"}
{"timestamp":"2026-06-23T11:38:59.791Z","level":"LOG","message":"GET PRODUCTS QUERY: {\"is_weekly_deal\":\"true\"}"}
{"timestamp":"2026-06-23T11:39:59.757Z","level":"LOG","message":"GET PRODUCTS QUERY: {\"is_weekly_deal\":\"true\"}"}
{"timestamp":"2026-06-23T11:40:59.933Z","level":"LOG","message":"GET PRODUCTS QUERY: {\"is_weekly_deal\":\"true\"}"}
{"timestamp":"2026-06-23T11:41:59.754Z","level":"LOG","message":"GET PRODUCTS QUERY: {\"is_weekly_deal\":\"true\"}"}
{"timestamp":"2026-06-23T11:42:59.809Z","level":"LOG","message":"GET PRODUCTS QUERY: {\"is_weekly_deal\":\"true\"}"}
{"timestamp":"2026-06-23T11:43:59.747Z","level":"LOG","message":"GET PRODUCTS QUERY: {\"is_weekly_deal\":\"true\"}"}
{"timestamp":"2026-06-23T11:44:59.794Z","level":"LOG","message":"GET PRODUCTS QUERY: {\"is_weekly_deal\":\"true\"}"}
{"timestamp":"2026-06-23T11:45:59.753Z","level":"LOG","message":"GET PRODUCTS QUERY: {\"is_weekly_deal\":\"true\"}"}
{"timestamp":"2026-06-23T11:46:59.787Z","level":"LOG","message":"GET PRODUCTS QUERY: {\"is_weekly_deal\":\"true\"}"}
{"timestamp":"2026-06-23T11:47:27.592Z","level":"LOG","message":"GET PRODUCTS QUERY: {\"is_limited_offer\":\"true\",\"limit\":\"8\"}"}
{"timestamp":"2026-06-23T11:47:27.594Z","level":"LOG","message":"GET PRODUCTS QUERY: {\"is_weekly_deal\":\"true\"}"}
{"timestamp":"2026-06-23T11:47:27.621Z","level":"LOG","message":"GET PRODUCTS QUERY: {\"category\":\"stainless-steel-fabrications\",\"limit\":\"12\"}"}
{"timestamp":"2026-06-23T11:47:28.517Z","level":"LOG","message":"GET PRODUCTS QUERY: {\"is_weekly_deal\":\"true\"}"}
{"timestamp":"2026-06-23T11:47:28.520Z","level":"LOG","message":"GET PRODUCTS QUERY: {\"is_limited_offer\":\"true\",\"limit\":\"7\"}"}
{"timestamp":"2026-06-23T11:47:28.846Z","level":"ERROR","message":"TokenExpiredError: jwt expired\n    at /home/u650716787/domains/api.mariotstore.com/nodejs/node_modules/jsonwebtoken/verify.js:190:21\n    at getSecret (/home/u650716787/domains/api.mariotstore.com/nodejs/node_modules/jsonwebtoken/verify.js:97:14)\n    at module.exports [as verify] (/home/u650716787/domains/api.mariotstore.com/nodejs/node_modules/jsonwebtoken/verify.js:101:10)\n    at protect (/home/u650716787/domains/api.mariotstore.com/nodejs/middlewares/auth.middleware.js:18:29)\n    at Layer.handleRequest (/home/u650716787/domains/api.mariotstore.com/nodejs/node_modules/router/lib/layer.js:152:17)\n    at next (/home/u650716787/domains/api.mariotstore.com/nodejs/node_modules/router/lib/route.js:157:13)\n    at Route.dispatch (/home/u650716787/domains/api.mariotstore.com/nodejs/node_modules/router/lib/route.js:117:3)\n    at handle (/home/u650716787/domains/api.mariotstore.com/nodejs/node_modules/router/index.js:435:11)\n    at Layer.handleRequest (/home/u650716787/domains/api.mariotstore.com/nodejs/node_modules/router/lib/layer.js:152:17)\n    at /home/u650716787/domains/api.mariotstore.com/nodejs/node_modules/router/index.js:295:15\n    at processParams (/home/u650716787/domains/api.mariotstore.com/nodejs/node_modules/router/index.js:582:12)\n    at next (/home/u650716787/domains/api.mariotstore.com/nodejs/node_modules/router/index.js:291:5)\n    at Function.handle (/home/u650716787/domains/api.mariotstore.com/nodejs/node_modules/router/index.js:186:3)\n    at router (/home/u650716787/domains/api.mariotstore.com/nodejs/node_modules/router/index.js:60:12)\n    at Layer.handleRequest (/home/u650716787/domains/api.mariotstore.com/nodejs/node_modules/router/lib/layer.js:152:17)\n    at trimPrefix (/home/u650716787/domains/api.mariotstore.com/nodejs/node_modules/router/index.js:342:13)"}
{"timestamp":"2026-06-23T11:47:28.865Z","level":"LOG","message":"GET PRODUCTS QUERY: {\"is_featured\":\"1\",\"limit\":\"6\",\"status\":\"active\"}"}
{"timestamp":"2026-06-23T11:47:28.904Z","level":"ERROR","message":"TokenExpiredError: jwt expired\n    at /home/u650716787/domains/api.mariotstore.com/nodejs/node_modules/jsonwebtoken/verify.js:190:21\n    at getSecret (/home/u650716787/domains/api.mariotstore.com/nodejs/node_modules/jsonwebtoken/verify.js:97:14)\n    at module.exports [as verify] (/home/u650716787/domains/api.mariotstore.com/nodejs/node_modules/jsonwebtoken/verify.js:101:10)\n    at protect (/home/u650716787/domains/api.mariotstore.com/nodejs/middlewares/auth.middleware.js:18:29)\n    at Layer.handleRequest (/home/u650716787/domains/api.mariotstore.com/nodejs/node_modules/router/lib/layer.js:152:17)\n    at trimPrefix (/home/u650716787/domains/api.mariotstore.com/nodejs/node_modules/router/index.js:342:13)\n    at /home/u650716787/domains/api.mariotstore.com/nodejs/node_modules/router/index.js:297:9\n    at processParams (/home/u650716787/domains/api.mariotstore.com/nodejs/node_modules/router/index.js:582:12)\n    at next (/home/u650716787/domains/api.mariotstore.com/nodejs/node_modules/router/index.js:291:5)\n    at Function.handle (/home/u650716787/domains/api.mariotstore.com/nodejs/node_modules/router/index.js:186:3)\n    at router (/home/u650716787/domains/api.mariotstore.com/nodejs/node_modules/router/index.js:60:12)\n    at Layer.handleRequest (/home/u650716787/domains/api.mariotstore.com/nodejs/node_modules/router/lib/layer.js:152:17)\n    at trimPrefix (/home/u650716787/domains/api.mariotstore.com/nodejs/node_modules/router/index.js:342:13)\n    at /home/u650716787/domains/api.mariotstore.com/nodejs/node_modules/router/index.js:297:9\n    at processParams (/home/u650716787/domains/api.mariotstore.com/nodejs/node_modules/router/index.js:582:12)\n    at next (/home/u650716787/domains/api.mariotstore.com/nodejs/node_modules/router/index.js:291:5)"}
{"timestamp":"2026-06-23T11:47:28.905Z","level":"ERROR","message":"TokenExpiredError: jwt expired\n    at /home/u650716787/domains/api.mariotstore.com/nodejs/node_modules/jsonwebtoken/verify.js:190:21\n    at getSecret (/home/u650716787/domains/api.mariotstore.com/nodejs/node_modules/jsonwebtoken/verify.js:97:14)\n    at module.exports [as verify] (/home/u650716787/domains/api.mariotstore.com/nodejs/node_modules/jsonwebtoken/verify.js:101:10)\n    at protect (/home/u650716787/domains/api.mariotstore.com/nodejs/middlewares/auth.middleware.js:18:29)\n    at Layer.handleRequest (/home/u650716787/domains/api.mariotstore.com/nodejs/node_modules/router/lib/layer.js:152:17)\n    at trimPrefix (/home/u650716787/domains/api.mariotstore.com/nodejs/node_modules/router/index.js:342:13)\n    at /home/u650716787/domains/api.mariotstore.com/nodejs/node_modules/router/index.js:297:9\n    at processParams (/home/u650716787/domains/api.mariotstore.com/nodejs/node_modules/router/index.js:582:12)\n    at next (/home/u650716787/domains/api.mariotstore.com/nodejs/node_modules/router/index.js:291:5)\n    at Function.handle (/home/u650716787/domains/api.mariotstore.com/nodejs/node_modules/router/index.js:186:3)\n    at router (/home/u650716787/domains/api.mariotstore.com/nodejs/node_modules/router/index.js:60:12)\n    at Layer.handleRequest (/home/u650716787/domains/api.mariotstore.com/nodejs/node_modules/router/lib/layer.js:152:17)\n    at trimPrefix (/home/u650716787/domains/api.mariotstore.com/nodejs/node_modules/router/index.js:342:13)\n    at /home/u650716787/domains/api.mariotstore.com/nodejs/node_modules/router/index.js:297:9\n    at processParams (/home/u650716787/domains/api.mariotstore.com/nodejs/node_modules/router/index.js:582:12)\n    at next (/home/u650716787/domains/api.mariotstore.com/nodejs/node_modules/router/index.js:291:5)"}
{"timestamp":"2026-06-23T11:47:46.858Z","level":"LOG","message":"GET PRODUCTS QUERY: {\"is_featured\":\"1\",\"limit\":\"6\",\"status\":\"active\"}"}
{"timestamp":"2026-06-23T11:47:48.740Z","level":"LOG","message":"GET PRODUCTS QUERY: {\"is_weekly_deal\":\"true\"}"}
{"timestamp":"2026-06-23T11:47:48.762Z","level":"LOG","message":"GET PRODUCTS QUERY: {\"is_limited_offer\":\"true\",\"limit\":\"7\"}"}
{"timestamp":"2026-06-23T11:47:48.929Z","level":"LOG","message":"GET PRODUCTS QUERY: {\"is_featured\":\"1\",\"limit\":\"6\",\"status\":\"active\"}"}
{"timestamp":"2026-06-23T11:47:59.764Z","level":"LOG","message":"GET PRODUCTS QUERY: {\"is_weekly_deal\":\"true\"}"}
{"timestamp":"2026-06-23T11:48:19.115Z","level":"LOG","message":"GET PRODUCTS QUERY: {\"is_weekly_deal\":\"true\"}"}
{"timestamp":"2026-06-23T11:48:49.115Z","level":"LOG","message":"GET PRODUCTS QUERY: {\"is_weekly_deal\":\"true\"}"}
{"timestamp":"2026-06-23T11:48:59.838Z","level":"LOG","message":"GET PRODUCTS QUERY: {\"is_weekly_deal\":\"true\"}"}
{"timestamp":"2026-06-23T11:49:19.096Z","level":"LOG","message":"GET PRODUCTS QUERY: {\"is_weekly_deal\":\"true\"}"}
{"timestamp":"2026-06-23T11:49:49.114Z","level":"LOG","message":"GET PRODUCTS QUERY: {\"is_weekly_deal\":\"true\"}"}
{"timestamp":"2026-06-23T11:49:59.779Z","level":"LOG","message":"GET PRODUCTS QUERY: {\"is_weekly_deal\":\"true\"}"}
{"timestamp":"2026-06-23T11:50:19.097Z","level":"LOG","message":"GET PRODUCTS QUERY: {\"is_weekly_deal\":\"true\"}"}
{"timestamp":"2026-06-23T11:50:34.382Z","level":"LOG","message":"GET PRODUCTS QUERY: {\"is_limited_offer\":\"true\",\"limit\":\"7\"}"}
{"timestamp":"2026-06-23T11:50:39.473Z","level":"LOG","message":"GET PRODUCTS QUERY: {\"is_limited_offer\":\"true\",\"limit\":\"7\"}"}
{"timestamp":"2026-06-23T11:50:40.018Z","level":"LOG","message":"GET PRODUCTS QUERY: {\"is_featured\":\"1\",\"limit\":\"6\",\"status\":\"active\"}"}
{"timestamp":"2026-06-23T11:50:40.132Z","level":"LOG","message":"GET PRODUCTS QUERY: {\"category\":\"work-tables\",\"limit\":\"1\"}"}
{"timestamp":"2026-06-23T11:50:40.133Z","level":"LOG","message":"GET PRODUCTS QUERY: {\"category\":\"cabinet\",\"limit\":\"1\"}"}
{"timestamp":"2026-06-23T11:50:40.138Z","level":"LOG","message":"GET PRODUCTS QUERY: {\"category\":\"refrigeration-1\",\"limit\":\"1\"}"}
{"timestamp":"2026-06-23T11:50:40.138Z","level":"LOG","message":"GET PRODUCTS QUERY: {\"category\":\"shelves\",\"limit\":\"1\"}"}
{"timestamp":"2026-06-23T11:50:40.153Z","level":"LOG","message":"GET PRODUCTS QUERY: {\"category\":\"kitchen-hood\",\"limit\":\"1\"}"}
{"timestamp":"2026-06-23T11:50:40.155Z","level":"LOG","message":"GET PRODUCTS QUERY: {\"category\":\"ovens\",\"limit\":\"1\"}"}
{"timestamp":"2026-06-23T11:50:40.158Z","level":"LOG","message":"GET PRODUCTS QUERY: {\"category\":\"accessories\",\"limit\":\"1\"}"}
{"timestamp":"2026-06-23T11:50:40.159Z","level":"LOG","message":"GET PRODUCTS QUERY: {\"category\":\"sink\",\"limit\":\"1\"}"}
{"timestamp":"2026-06-23T11:50:40.289Z","level":"LOG","message":"GET PRODUCTS QUERY: {\"category\":\"stainless-steel-fabrications\",\"limit\":\"5\",\"sort\":\"price_desc\"}"}
{"timestamp":"2026-06-23T11:50:41.842Z","level":"LOG","message":"GET PRODUCTS QUERY: {\"is_featured\":\"1\",\"limit\":\"6\",\"status\":\"active\"}"}
{"timestamp":"2026-06-23T11:50:43.227Z","level":"LOG","message":"GET PRODUCTS QUERY: {\"is_limited_offer\":\"true\",\"limit\":\"7\"}"}
{"timestamp":"2026-06-23T11:50:43.229Z","level":"LOG","message":"GET PRODUCTS QUERY: {\"is_weekly_deal\":\"true\"}"}
{"timestamp":"2026-06-23T11:50:43.418Z","level":"LOG","message":"GET PRODUCTS QUERY: {\"is_featured\":\"1\",\"limit\":\"6\",\"status\":\"active\"}"}
{"timestamp":"2026-06-23T11:50:49.636Z","level":"LOG","message":"GET PRODUCTS QUERY: {\"page\":\"1\",\"limit\":\"10\",\"status\":\"all\",\"stockStatus\":\"all\",\"t\":\"1782215449315\"}"}
{"timestamp":"2026-06-23T11:50:59.826Z","level":"LOG","message":"GET PRODUCTS QUERY: {\"is_weekly_deal\":\"true\"}"}
{"timestamp":"2026-06-23T11:51:00.510Z","level":"LOG","message":"GET PRODUCTS QUERY: {\"page\":\"1\",\"limit\":\"10\",\"status\":\"all\",\"stockStatus\":\"all\",\"t\":\"1782215460191\"}"}
{"timestamp":"2026-06-23T11:51:06.240Z","level":"LOG","message":"GET PRODUCTS QUERY: {\"category\":\"cabinet\",\"limit\":\"1\"}"}
{"timestamp":"2026-06-23T11:51:06.248Z","level":"LOG","message":"GET PRODUCTS QUERY: {\"category\":\"refrigeration-1\",\"limit\":\"1\"}"}
{"timestamp":"2026-06-23T11:51:06.254Z","level":"LOG","message":"GET PRODUCTS QUERY: {\"category\":\"work-tables\",\"limit\":\"1\"}"}
{"timestamp":"2026-06-23T11:51:06.256Z","level":"LOG","message":"GET PRODUCTS QUERY: {\"is_featured\":\"1\",\"limit\":\"6\",\"status\":\"active\"}"}
{"timestamp":"2026-06-23T11:51:06.264Z","level":"LOG","message":"GET PRODUCTS QUERY: {\"category\":\"shelves\",\"limit\":\"1\"}"}
{"timestamp":"2026-06-23T11:51:06.265Z","level":"LOG","message":"GET PRODUCTS QUERY: {\"category\":\"kitchen-hood\",\"limit\":\"1\"}"}
{"timestamp":"2026-06-23T11:51:06.265Z","level":"LOG","message":"GET PRODUCTS QUERY: {\"category\":\"accessories\",\"limit\":\"1\"}"}
{"timestamp":"2026-06-23T11:51:06.267Z","level":"LOG","message":"GET PRODUCTS QUERY: {\"category\":\"ovens\",\"limit\":\"1\"}"}
{"timestamp":"2026-06-23T11:51:06.269Z","level":"LOG","message":"GET PRODUCTS QUERY: {\"category\":\"sink\",\"limit\":\"1\"}"}
{"timestamp":"2026-06-23T11:51:06.376Z","level":"LOG","message":"GET PRODUCTS QUERY: {\"category\":\"stainless-steel-fabrications\",\"limit\":\"5\",\"sort\":\"price_desc\"}"}
{"timestamp":"2026-06-23T11:51:09.199Z","level":"LOG","message":"GET PRODUCTS QUERY: {\"is_featured\":\"1\",\"limit\":\"6\",\"status\":\"active\"}"}
{"timestamp":"2026-06-23T11:51:09.232Z","level":"LOG","message":"GET PRODUCTS QUERY: {\"category\":\"work-tables\",\"limit\":\"1\"}"}
{"timestamp":"2026-06-23T11:51:09.238Z","level":"LOG","message":"GET PRODUCTS QUERY: {\"category\":\"sink\",\"limit\":\"1\"}"}
{"timestamp":"2026-06-23T11:51:09.247Z","level":"LOG","message":"GET PRODUCTS QUERY: {\"category\":\"cabinet\",\"limit\":\"1\"}"}
{"timestamp":"2026-06-23T11:51:09.250Z","level":"LOG","message":"GET PRODUCTS QUERY: {\"category\":\"refrigeration-1\",\"limit\":\"1\"}"}
{"timestamp":"2026-06-23T11:51:09.251Z","level":"LOG","message":"GET PRODUCTS QUERY: {\"category\":\"kitchen-hood\",\"limit\":\"1\"}"}
{"timestamp":"2026-06-23T11:51:09.251Z","level":"LOG","message":"GET PRODUCTS QUERY: {\"category\":\"ovens\",\"limit\":\"1\"}"}
{"timestamp":"2026-06-23T11:51:09.255Z","level":"LOG","message":"GET PRODUCTS QUERY: {\"category\":\"shelves\",\"limit\":\"1\"}"}
{"timestamp":"2026-06-23T11:51:09.257Z","level":"LOG","message":"GET PRODUCTS QUERY: {\"category\":\"accessories\",\"limit\":\"1\"}"}
{"timestamp":"2026-06-23T11:51:09.369Z","level":"LOG","message":"GET PRODUCTS QUERY: {\"category\":\"stainless-steel-fabrications\",\"limit\":\"5\",\"sort\":\"price_desc\"}"}
{"timestamp":"2026-06-23T11:51:59.781Z","level":"LOG","message":"GET PRODUCTS QUERY: {\"is_weekly_deal\":\"true\"}"}
{"timestamp":"2026-06-23T11:52:01.071Z","level":"LOG","message":"[ABANDONED CART] 🔍 Scanning for abandoned carts..."}
{"timestamp":"2026-06-23T11:52:01.073Z","level":"LOG","message":"[ABANDONED CART] ✅ Scan complete. Sent 0 reminder(s)."}
{"timestamp":"2026-06-23T11:52:32.834Z","level":"LOG","message":"GET PRODUCTS QUERY: {\"page\":\"1\",\"limit\":\"10\",\"status\":\"all\",\"stockStatus\":\"all\",\"t\":\"1782215552510\"}"}
{"timestamp":"2026-06-23T11:52:50.335Z","level":"LOG","message":"GET PRODUCTS QUERY: {\"page\":\"1\",\"limit\":\"10\",\"status\":\"all\",\"stockStatus\":\"all\",\"t\":\"1782215570012\"}"}
{"timestamp":"2026-06-23T11:52:59.798Z","level":"LOG","message":"GET PRODUCTS QUERY: {\"is_weekly_deal\":\"true\"}"}
{"timestamp":"2026-06-23T11:53:00.605Z","level":"LOG","message":"GET PRODUCTS QUERY: {\"page\":\"1\",\"limit\":\"10\",\"status\":\"all\",\"stockStatus\":\"all\",\"t\":\"1782215580291\"}"}
{"timestamp":"2026-06-23T11:53:12.042Z","level":"LOG","message":"GET PRODUCTS QUERY: {\"page\":\"1\",\"limit\":\"10\",\"status\":\"all\",\"stockStatus\":\"all\",\"t\":\"1782215591726\"}"}
{"timestamp":"2026-06-23T11:53:30.266Z","level":"LOG","message":"GET PRODUCTS QUERY: {\"page\":\"1\",\"limit\":\"10\",\"status\":\"all\",\"stockStatus\":\"all\",\"t\":\"1782215609945\"}"}
{"timestamp":"2026-06-23T11:53:37.767Z","level":"LOG","message":"GET PRODUCTS QUERY: {\"page\":\"1\",\"limit\":\"10\",\"status\":\"all\",\"stockStatus\":\"all\",\"t\":\"1782215617455\"}"}
{"timestamp":"2026-06-23T11:53:59.765Z","level":"LOG","message":"GET PRODUCTS QUERY: {\"is_weekly_deal\":\"true\"}"}
{"timestamp":"2026-06-23T11:54:59.846Z","level":"LOG","message":"GET PRODUCTS QUERY: {\"is_weekly_deal\":\"true\"}"}
{"timestamp":"2026-06-23T11:55:59.791Z","level":"LOG","message":"GET PRODUCTS QUERY: {\"is_weekly_deal\":\"true\"}"}
{"timestamp":"2026-06-23T11:56:59.913Z","level":"LOG","message":"GET PRODUCTS QUERY: {\"is_weekly_deal\":\"true\"}"}
{"timestamp":"2026-06-23T11:57:59.790Z","level":"LOG","message":"GET PRODUCTS QUERY: {\"is_weekly_deal\":\"true\"}"}
{"timestamp":"2026-06-23T11:58:59.840Z","level":"LOG","message":"GET PRODUCTS QUERY: {\"is_weekly_deal\":\"true\"}"}
{"timestamp":"2026-06-23T11:59:59.795Z","level":"LOG","message":"GET PRODUCTS QUERY: {\"is_weekly_deal\":\"true\"}"}
{"timestamp":"2026-06-23T12:00:52.876Z","level":"LOG","message":"GET PRODUCTS QUERY: {\"page\":\"1\",\"limit\":\"10\",\"status\":\"all\",\"stockStatus\":\"all\",\"t\":\"1782216052509\"}"}
{"timestamp":"2026-06-23T12:00:59.862Z","level":"LOG","message":"GET PRODUCTS QUERY: {\"is_weekly_deal\":\"true\"}"}
{"timestamp":"2026-06-23T12:01:17.920Z","level":"LOG","message":"GET PRODUCTS QUERY: {\"page\":\"1\",\"limit\":\"10\",\"status\":\"all\",\"stockStatus\":\"all\",\"t\":\"1782216077592\"}"}
{"timestamp":"2026-06-23T12:01:59.816Z","level":"LOG","message":"GET PRODUCTS QUERY: {\"is_weekly_deal\":\"true\"}"}
{"timestamp":"2026-06-23T12:03:04.862Z","level":"LOG","message":"GET PRODUCTS QUERY: {\"is_weekly_deal\":\"true\"}"}
{"timestamp":"2026-06-23T12:03:59.809Z","level":"LOG","message":"GET PRODUCTS QUERY: {\"is_weekly_deal\":\"true\"}"}
{"timestamp":"2026-06-23T12:04:59.851Z","level":"LOG","message":"GET PRODUCTS QUERY: {\"is_weekly_deal\":\"true\"}"}
{"timestamp":"2026-06-23T12:05:59.797Z","level":"LOG","message":"GET PRODUCTS QUERY: {\"is_weekly_deal\":\"true\"}"}
{"timestamp":"2026-06-23T12:06:13.249Z","level":"LOG","message":"GET PRODUCTS QUERY: {\"page\":\"1\",\"limit\":\"10\",\"status\":\"all\",\"stockStatus\":\"all\",\"t\":\"1782216372934\"}"}
{"timestamp":"2026-06-23T12:06:22.719Z","level":"LOG","message":"GET PRODUCTS QUERY: {\"page\":\"1\",\"limit\":\"10\",\"status\":\"all\",\"stockStatus\":\"all\",\"t\":\"1782216382370\"}"}
{"timestamp":"2026-06-23T12:06:59.847Z","level":"LOG","message":"GET PRODUCTS QUERY: {\"is_weekly_deal\":\"true\"}"}
{"timestamp":"2026-06-23T12:07:51.414Z","level":"LOG","message":"GET PRODUCTS QUERY: {\"page\":\"1\",\"limit\":\"10\",\"status\":\"all\",\"stockStatus\":\"all\",\"t\":\"1782216471103\"}"}
{"timestamp":"2026-06-23T12:07:59.792Z","level":"LOG","message":"GET PRODUCTS QUERY: {\"is_weekly_deal\":\"true\"}"}
{"timestamp":"2026-06-23T12:08:59.855Z","level":"LOG","message":"GET PRODUCTS QUERY: {\"is_weekly_deal\":\"true\"}"}
{"timestamp":"2026-06-23T12:09:18.601Z","level":"LOG","message":"GET PRODUCTS QUERY: {\"page\":\"1\",\"limit\":\"10\",\"status\":\"all\",\"stockStatus\":\"all\",\"t\":\"1782216558287\"}"}
{"timestamp":"2026-06-23T12:09:32.725Z","level":"LOG","message":"GET PRODUCTS QUERY: {\"page\":\"1\",\"limit\":\"10\",\"status\":\"all\",\"stockStatus\":\"all\",\"t\":\"1782216572410\"}"}
{"timestamp":"2026-06-23T12:10:04.813Z","level":"LOG","message":"GET PRODUCTS QUERY: {\"is_weekly_deal\":\"true\"}"}
{"timestamp":"2026-06-23T12:11:00.160Z","level":"LOG","message":"GET PRODUCTS QUERY: {\"is_weekly_deal\":\"true\"}"}
{"timestamp":"2026-06-23T12:11:15.727Z","level":"LOG","message":"GET PRODUCTS QUERY: {\"page\":\"1\",\"limit\":\"10\",\"status\":\"all\",\"stockStatus\":\"all\",\"t\":\"1782216675388\"}"}
{"timestamp":"2026-06-23T12:11:59.788Z","level":"LOG","message":"GET PRODUCTS QUERY: {\"is_weekly_deal\":\"true\"}"}
{"timestamp":"2026-06-23T12:12:59.841Z","level":"LOG","message":"GET PRODUCTS QUERY: {\"is_weekly_deal\":\"true\"}"}
{"timestamp":"2026-06-23T12:13:59.772Z","level":"LOG","message":"GET PRODUCTS QUERY: {\"is_weekly_deal\":\"true\"}"}
{"timestamp":"2026-06-23T12:14:59.841Z","level":"LOG","message":"GET PRODUCTS QUERY: {\"is_weekly_deal\":\"true\"}"}
{"timestamp":"2026-06-23T12:15:59.792Z","level":"LOG","message":"GET PRODUCTS QUERY: {\"is_weekly_deal\":\"true\"}"}
{"timestamp":"2026-06-23T12:16:59.916Z","level":"LOG","message":"GET PRODUCTS QUERY: {\"is_weekly_deal\":\"true\"}"}
{"timestamp":"2026-06-23T12:17:59.789Z","level":"LOG","message":"GET PRODUCTS QUERY: {\"is_weekly_deal\":\"true\"}"}
{"timestamp":"2026-06-23T12:18:59.828Z","level":"LOG","message":"GET PRODUCTS QUERY: {\"is_weekly_deal\":\"true\"}"}
{"timestamp":"2026-06-23T12:19:34.558Z","level":"LOG","message":"GET PRODUCTS QUERY: {\"page\":\"1\",\"limit\":\"10\",\"status\":\"all\",\"stockStatus\":\"all\",\"t\":\"1782217174230\"}"}
{"timestamp":"2026-06-23T12:19:37.282Z","level":"LOG","message":"GET PRODUCTS QUERY: {\"page\":\"1\",\"limit\":\"10\",\"status\":\"all\",\"stockStatus\":\"all\",\"t\":\"1782217176953\"}"}
{"timestamp":"2026-06-23T12:19:59.799Z","level":"LOG","message":"GET PRODUCTS QUERY: {\"is_weekly_deal\":\"true\"}"}
{"timestamp":"2026-06-23T12:20:59.840Z","level":"LOG","message":"GET PRODUCTS QUERY: {\"is_weekly_deal\":\"true\"}"}
{"timestamp":"2026-06-23T12:21:59.809Z","level":"LOG","message":"GET PRODUCTS QUERY: {\"is_weekly_deal\":\"true\"}"}
{"timestamp":"2026-06-23T12:22:01.072Z","level":"LOG","message":"[ABANDONED CART] 🔍 Scanning for abandoned carts..."}
{"timestamp":"2026-06-23T12:22:01.075Z","level":"LOG","message":"[ABANDONED CART] ✅ Scan complete. Sent 0 reminder(s)."}
{"timestamp":"2026-06-23T12:22:59.977Z","level":"LOG","message":"[dotenv@17.2.4] injecting env (1) from .env -- tip: ⚙️  suppress all logs with { quiet: true }"}
{"timestamp":"2026-06-23T12:22:59.977Z","level":"LOG","message":"[BOOT] cwd = /home/u650716787/domains/api.mariotstore.com/nodejs"}
{"timestamp":"2026-06-23T12:22:59.977Z","level":"LOG","message":"[BOOT] DB_USER = \"u650716787_mariot_user\""}
{"timestamp":"2026-06-23T12:22:59.978Z","level":"LOG","message":"[BOOT] DB_PASSWORD present = true"}
{"timestamp":"2026-06-23T12:22:59.978Z","level":"LOG","message":"[BOOT] DB_NAME = \"u650716787_mariot_db\""}
{"timestamp":"2026-06-23T12:23:00.139Z","level":"LOG","message":"[dotenv@17.2.4] injecting env (0) from .env -- tip: ⚙️  specify custom .env file path with { path: '/custom/path/.env' }"}
{"timestamp":"2026-06-23T12:23:00.350Z","level":"LOG","message":"[DEBUG] DB_HOST = \"localhost\""}
{"timestamp":"2026-06-23T12:23:00.350Z","level":"LOG","message":"[DEBUG] DB_USER = \"u650716787_mariot_user\""}
{"timestamp":"2026-06-23T12:23:00.350Z","level":"LOG","message":"[DEBUG] DB_PASSWORD present? true"}
{"timestamp":"2026-06-23T12:23:00.351Z","level":"LOG","message":"[DEBUG] DB_PASS present? false"}
{"timestamp":"2026-06-23T12:23:00.351Z","level":"LOG","message":"[DEBUG] DB_NAME = \"u650716787_mariot_db\""}
{"timestamp":"2026-06-23T12:23:00.911Z","level":"LOG","message":"[DB] Running initialization and migrations..."}
{"timestamp":"2026-06-23T12:23:00.916Z","level":"LOG","message":"[EMAIL] Resolved smtp.hostinger.com → 172.65.255.143 (IPv4)"}
{"timestamp":"2026-06-23T12:23:00.928Z","level":"ERROR","message":"Database connection failed: Access denied for user 'u650716787_mariot_user'@'::1' (using password: YES)"}
{"timestamp":"2026-06-23T12:23:00.930Z","level":"LOG","message":"[DB] contact_submissions table verified"}
{"timestamp":"2026-06-23T12:23:00.931Z","level":"LOG","message":"[DB] category_brands table verified"}
{"timestamp":"2026-06-23T12:23:00.932Z","level":"LOG","message":"[DB] reward_points_history table verified"}
{"timestamp":"2026-06-23T12:23:00.935Z","level":"LOG","message":"[DB] reward_points_history.transaction_type ENUM verified (reversed, refunded)"}
{"timestamp":"2026-06-23T12:23:00.935Z","level":"LOG","message":"[DB] staff role verified"}
{"timestamp":"2026-06-23T12:23:00.951Z","level":"LOG","message":"[DB] product variant tables verified"}
{"timestamp":"2026-06-23T12:23:00.960Z","level":"LOG","message":"[DB] signup_otps table verified"}
{"timestamp":"2026-06-23T12:23:00.960Z","level":"LOG","message":"[DB] invoices table verified"}
{"timestamp":"2026-06-23T12:23:00.960Z","level":"LOG","message":"[DB] staff_permissions table verified"}
{"timestamp":"2026-06-23T12:23:00.960Z","level":"LOG","message":"[DB] stock_notifications table verified"}
{"timestamp":"2026-06-23T12:23:00.960Z","level":"LOG","message":"[DB] settings table verified"}
{"timestamp":"2026-06-23T12:23:00.964Z","level":"LOG","message":"[EMAIL] SMTP_EMAIL: admin@mariotstore.com"}
{"timestamp":"2026-06-23T12:23:00.964Z","level":"LOG","message":"[EMAIL] SMTP_PASSWORD length: 17 chars"}
{"timestamp":"2026-06-23T12:23:00.967Z","level":"LOG","message":"[ABANDONED CART] 🚀 Cron job started (runs every 30 minutes)"}
{"timestamp":"2026-06-23T12:23:00.968Z","level":"LOG","message":"[POINTS STATEMENT] 🚀 Job started (fires monthly: 1st 10:00 Asia/Dubai, with a 2nd–3rd grace window)"}
{"timestamp":"2026-06-23T12:23:00.968Z","level":"LOG","message":"Server running in production mode on port 5000"}
{"timestamp":"2026-06-23T12:23:00.995Z","level":"LOG","message":"GET PRODUCTS QUERY: {\"is_weekly_deal\":\"true\"}"}
{"timestamp":"2026-06-23T12:23:01.874Z","level":"LOG","message":"[EMAIL] ✅ SMTP connection verified successfully"}
{"timestamp":"2026-06-23T12:23:30.973Z","level":"LOG","message":"[ABANDONED CART] 🔍 Scanning for abandoned carts..."}
{"timestamp":"2026-06-23T12:23:30.976Z","level":"LOG","message":"[ABANDONED CART] ✅ Scan complete. Sent 0 reminder(s)."}
{"timestamp":"2026-06-23T12:23:59.800Z","level":"LOG","message":"GET PRODUCTS QUERY: {\"is_weekly_deal\":\"true\"}"}
{"timestamp":"2026-06-23T12:24:59.909Z","level":"LOG","message":"GET PRODUCTS QUERY: {\"is_weekly_deal\":\"true\"}"}
{"timestamp":"2026-06-23T12:25:59.789Z","level":"LOG","message":"GET PRODUCTS QUERY: {\"is_weekly_deal\":\"true\"}"}
{"timestamp":"2026-06-23T12:26:59.841Z","level":"LOG","message":"GET PRODUCTS QUERY: {\"is_weekly_deal\":\"true\"}"}
{"timestamp":"2026-06-23T12:27:59.812Z","level":"LOG","message":"GET PRODUCTS QUERY: {\"is_weekly_deal\":\"true\"}"}
{"timestamp":"2026-06-23T12:28:59.873Z","level":"LOG","message":"GET PRODUCTS QUERY: {\"is_weekly_deal\":\"true\"}"}
{"timestamp":"2026-06-23T12:29:59.836Z","level":"LOG","message":"GET PRODUCTS QUERY: {\"is_weekly_deal\":\"true\"}"}
{"timestamp":"2026-06-23T12:31:01.445Z","level":"LOG","message":"GET PRODUCTS QUERY: {\"is_weekly_deal\":\"true\"}"}
{"timestamp":"2026-06-23T12:31:59.835Z","level":"LOG","message":"GET PRODUCTS QUERY: {\"is_weekly_deal\":\"true\"}"}
{"timestamp":"2026-06-23T12:32:59.860Z","level":"LOG","message":"GET PRODUCTS QUERY: {\"is_weekly_deal\":\"true\"}"}
{"timestamp":"2026-06-23T12:33:59.818Z","level":"LOG","message":"GET PRODUCTS QUERY: {\"is_weekly_deal\":\"true\"}"}
{"timestamp":"2026-06-23T12:34:59.884Z","level":"LOG","message":"GET PRODUCTS QUERY: {\"is_weekly_deal\":\"true\"}"}
{"timestamp":"2026-06-23T12:35:59.834Z","level":"LOG","message":"GET PRODUCTS QUERY: {\"is_weekly_deal\":\"true\"}"}
{"timestamp":"2026-06-23T12:37:00.126Z","level":"LOG","message":"GET PRODUCTS QUERY: {\"is_weekly_deal\":\"true\"}"}
{"timestamp":"2026-06-23T12:38:00.079Z","level":"LOG","message":"GET PRODUCTS QUERY: {\"is_weekly_deal\":\"true\"}"}
{"timestamp":"2026-06-23T12:38:59.821Z","level":"LOG","message":"GET PRODUCTS QUERY: {\"is_weekly_deal\":\"true\"}"}
{"timestamp":"2026-06-23T12:39:59.841Z","level":"LOG","message":"GET PRODUCTS QUERY: {\"is_weekly_deal\":\"true\"}"}
{"timestamp":"2026-06-23T12:40:59.820Z","level":"LOG","message":"GET PRODUCTS QUERY: {\"is_weekly_deal\":\"true\"}"}
{"timestamp":"2026-06-23T12:42:00.103Z","level":"LOG","message":"GET PRODUCTS QUERY: {\"is_weekly_deal\":\"true\"}"}
{"timestamp":"2026-06-23T12:42:59.818Z","level":"LOG","message":"GET PRODUCTS QUERY: {\"is_weekly_deal\":\"true\"}"}
{"timestamp":"2026-06-23T12:43:59.872Z","level":"LOG","message":"GET PRODUCTS QUERY: {\"is_weekly_deal\":\"true\"}"}
{"timestamp":"2026-06-23T12:44:59.820Z","level":"LOG","message":"GET PRODUCTS QUERY: {\"is_weekly_deal\":\"true\"}"}
{"timestamp":"2026-06-23T12:46:00.238Z","level":"LOG","message":"GET PRODUCTS QUERY: {\"is_weekly_deal\":\"true\"}"}
{"timestamp":"2026-06-23T12:46:59.828Z","level":"LOG","message":"GET PRODUCTS QUERY: {\"is_weekly_deal\":\"true\"}"}
{"timestamp":"2026-06-23T12:47:59.897Z","level":"LOG","message":"GET PRODUCTS QUERY: {\"is_weekly_deal\":\"true\"}"}
{"timestamp":"2026-06-23T12:48:59.834Z","level":"LOG","message":"GET PRODUCTS QUERY: {\"is_weekly_deal\":\"true\"}"}
{"timestamp":"2026-06-23T12:49:59.995Z","level":"LOG","message":"GET PRODUCTS QUERY: {\"is_weekly_deal\":\"true\"}"}
{"timestamp":"2026-06-23T12:50:59.832Z","level":"LOG","message":"GET PRODUCTS QUERY: {\"is_weekly_deal\":\"true\"}"}
{"timestamp":"2026-06-23T12:51:59.914Z","level":"LOG","message":"GET PRODUCTS QUERY: {\"is_weekly_deal\":\"true\"}"}
{"timestamp":"2026-06-23T12:52:59.834Z","level":"LOG","message":"GET PRODUCTS QUERY: {\"is_weekly_deal\":\"true\"}"}
{"timestamp":"2026-06-23T12:53:00.968Z","level":"LOG","message":"[ABANDONED CART] 🔍 Scanning for abandoned carts..."}
{"timestamp":"2026-06-23T12:53:00.969Z","level":"LOG","message":"[ABANDONED CART] ✅ Scan complete. Sent 0 reminder(s)."}
{"timestamp":"2026-06-23T12:53:59.880Z","level":"LOG","message":"GET PRODUCTS QUERY: {\"is_weekly_deal\":\"true\"}"}
{"timestamp":"2026-06-23T12:54:59.857Z","level":"LOG","message":"GET PRODUCTS QUERY: {\"is_weekly_deal\":\"true\"}"}
{"timestamp":"2026-06-23T12:55:59.899Z","level":"LOG","message":"GET PRODUCTS QUERY: {\"is_weekly_deal\":\"true\"}"}
{"timestamp":"2026-06-23T12:56:59.836Z","level":"LOG","message":"GET PRODUCTS QUERY: {\"is_weekly_deal\":\"true\"}"}
{"timestamp":"2026-06-23T12:57:59.907Z","level":"LOG","message":"GET PRODUCTS QUERY: {\"is_weekly_deal\":\"true\"}"}
{"timestamp":"2026-06-23T12:58:59.833Z","level":"LOG","message":"GET PRODUCTS QUERY: {\"is_weekly_deal\":\"true\"}"}
{"timestamp":"2026-06-23T12:59:59.913Z","level":"LOG","message":"GET PRODUCTS QUERY: {\"is_weekly_deal\":\"true\"}"}
{"timestamp":"2026-06-23T13:00:59.847Z","level":"LOG","message":"GET PRODUCTS QUERY: {\"is_weekly_deal\":\"true\"}"}
{"timestamp":"2026-06-23T13:01:59.884Z","level":"LOG","message":"GET PRODUCTS QUERY: {\"is_weekly_deal\":\"true\"}"}
{"timestamp":"2026-06-23T13:02:59.850Z","level":"LOG","message":"GET PRODUCTS QUERY: {\"is_weekly_deal\":\"true\"}"}
{"timestamp":"2026-06-23T13:03:59.901Z","level":"LOG","message":"GET PRODUCTS QUERY: {\"is_weekly_deal\":\"true\"}"}
{"timestamp":"2026-06-23T13:04:59.837Z","level":"LOG","message":"GET PRODUCTS QUERY: {\"is_weekly_deal\":\"true\"}"}
{"timestamp":"2026-06-23T13:05:59.846Z","level":"LOG","message":"GET PRODUCTS QUERY: {\"is_weekly_deal\":\"true\"}"}
{"timestamp":"2026-06-23T13:06:59.983Z","level":"LOG","message":"GET PRODUCTS QUERY: {\"is_weekly_deal\":\"true\"}"}
{"timestamp":"2026-06-23T13:07:59.856Z","level":"LOG","message":"GET PRODUCTS QUERY: {\"is_weekly_deal\":\"true\"}"}
{"timestamp":"2026-06-23T13:09:00.239Z","level":"LOG","message":"GET PRODUCTS QUERY: {\"is_weekly_deal\":\"true\"}"}
{"timestamp":"2026-06-23T13:09:59.848Z","level":"LOG","message":"GET PRODUCTS QUERY: {\"is_weekly_deal\":\"true\"}"}
{"timestamp":"2026-06-23T13:10:59.893Z","level":"LOG","message":"GET PRODUCTS QUERY: {\"is_weekly_deal\":\"true\"}"}
{"timestamp":"2026-06-23T13:11:59.861Z","level":"LOG","message":"GET PRODUCTS QUERY: {\"is_weekly_deal\":\"true\"}"}
{"timestamp":"2026-06-23T13:12:59.951Z","level":"LOG","message":"GET PRODUCTS QUERY: {\"is_weekly_deal\":\"true\"}"}
{"timestamp":"2026-06-23T13:13:59.858Z","level":"LOG","message":"GET PRODUCTS QUERY: {\"is_weekly_deal\":\"true\"}"}
{"timestamp":"2026-06-23T13:14:59.910Z","level":"LOG","message":"GET PRODUCTS QUERY: {\"is_weekly_deal\":\"true\"}"}
{"timestamp":"2026-06-23T13:15:59.867Z","level":"LOG","message":"GET PRODUCTS QUERY: {\"is_weekly_deal\":\"true\"}"}
{"timestamp":"2026-06-23T13:16:59.913Z","level":"LOG","message":"GET PRODUCTS QUERY: {\"is_weekly_deal\":\"true\"}"}
{"timestamp":"2026-06-23T13:17:59.849Z","level":"LOG","message":"GET PRODUCTS QUERY: {\"is_weekly_deal\":\"true\"}"}
{"timestamp":"2026-06-23T13:18:59.906Z","level":"LOG","message":"GET PRODUCTS QUERY: {\"is_weekly_deal\":\"true\"}"}
{"timestamp":"2026-06-23T13:19:59.875Z","level":"LOG","message":"GET PRODUCTS QUERY: {\"is_weekly_deal\":\"true\"}"}
{"timestamp":"2026-06-23T13:20:59.911Z","level":"LOG","message":"GET PRODUCTS QUERY: {\"is_weekly_deal\":\"true\"}"}
{"timestamp":"2026-06-23T13:21:59.886Z","level":"LOG","message":"GET PRODUCTS QUERY: {\"is_weekly_deal\":\"true\"}"}
{"timestamp":"2026-06-23T13:22:59.967Z","level":"LOG","message":"GET PRODUCTS QUERY: {\"is_weekly_deal\":\"true\"}"}
{"timestamp":"2026-06-23T13:23:00.970Z","level":"LOG","message":"[ABANDONED CART] 🔍 Scanning for abandoned carts..."}
{"timestamp":"2026-06-23T13:23:00.972Z","level":"LOG","message":"[ABANDONED CART] ✅ Scan complete. Sent 0 reminder(s)."}
{"timestamp":"2026-06-23T13:24:00.023Z","level":"LOG","message":"[dotenv@17.2.4] injecting env (1) from .env -- tip: ⚙️  specify custom .env file path with { path: '/custom/path/.env' }"}
{"timestamp":"2026-06-23T13:24:00.024Z","level":"LOG","message":"[BOOT] cwd = /home/u650716787/domains/api.mariotstore.com/nodejs"}
{"timestamp":"2026-06-23T13:24:00.024Z","level":"LOG","message":"[BOOT] DB_USER = \"u650716787_mariot_user\""}
{"timestamp":"2026-06-23T13:24:00.024Z","level":"LOG","message":"[BOOT] DB_PASSWORD present = true"}
{"timestamp":"2026-06-23T13:24:00.024Z","level":"LOG","message":"[BOOT] DB_NAME = \"u650716787_mariot_db\""}
{"timestamp":"2026-06-23T13:24:00.215Z","level":"LOG","message":"[dotenv@17.2.4] injecting env (0) from .env -- tip: 👥 sync secrets across teammates & machines: https://dotenvx.com/ops"}
{"timestamp":"2026-06-23T13:24:00.468Z","level":"LOG","message":"[DEBUG] DB_HOST = \"localhost\""}
{"timestamp":"2026-06-23T13:24:00.468Z","level":"LOG","message":"[DEBUG] DB_USER = \"u650716787_mariot_user\""}
{"timestamp":"2026-06-23T13:24:00.468Z","level":"LOG","message":"[DEBUG] DB_PASSWORD present? true"}
{"timestamp":"2026-06-23T13:24:00.468Z","level":"LOG","message":"[DEBUG] DB_PASS present? false"}
{"timestamp":"2026-06-23T13:24:00.468Z","level":"LOG","message":"[DEBUG] DB_NAME = \"u650716787_mariot_db\""}
{"timestamp":"2026-06-23T13:24:01.118Z","level":"LOG","message":"[DB] Running initialization and migrations..."}
{"timestamp":"2026-06-23T13:24:01.127Z","level":"LOG","message":"[EMAIL] Resolved smtp.hostinger.com → 172.65.255.143 (IPv4)"}
{"timestamp":"2026-06-23T13:24:01.147Z","level":"ERROR","message":"Database connection failed: Access denied for user 'u650716787_mariot_user'@'::1' (using password: YES)"}
{"timestamp":"2026-06-23T13:24:01.150Z","level":"LOG","message":"[DB] contact_submissions table verified"}
{"timestamp":"2026-06-23T13:24:01.152Z","level":"LOG","message":"[DB] category_brands table verified"}
{"timestamp":"2026-06-23T13:24:01.153Z","level":"LOG","message":"[DB] reward_points_history table verified"}
{"timestamp":"2026-06-23T13:24:01.158Z","level":"LOG","message":"[DB] reward_points_history.transaction_type ENUM verified (reversed, refunded)"}
{"timestamp":"2026-06-23T13:24:01.159Z","level":"LOG","message":"[DB] staff role verified"}
{"timestamp":"2026-06-23T13:24:01.173Z","level":"LOG","message":"[DB] product variant tables verified"}
{"timestamp":"2026-06-23T13:24:01.182Z","level":"LOG","message":"[DB] signup_otps table verified"}
{"timestamp":"2026-06-23T13:24:01.182Z","level":"LOG","message":"[DB] invoices table verified"}
{"timestamp":"2026-06-23T13:24:01.183Z","level":"LOG","message":"[DB] staff_permissions table verified"}
{"timestamp":"2026-06-23T13:24:01.183Z","level":"LOG","message":"[DB] stock_notifications table verified"}
{"timestamp":"2026-06-23T13:24:01.183Z","level":"LOG","message":"[DB] settings table verified"}
{"timestamp":"2026-06-23T13:24:01.186Z","level":"LOG","message":"[EMAIL] SMTP_EMAIL: admin@mariotstore.com"}
{"timestamp":"2026-06-23T13:24:01.186Z","level":"LOG","message":"[EMAIL] SMTP_PASSWORD length: 17 chars"}
{"timestamp":"2026-06-23T13:24:01.190Z","level":"LOG","message":"[ABANDONED CART] 🚀 Cron job started (runs every 30 minutes)"}
{"timestamp":"2026-06-23T13:24:01.191Z","level":"LOG","message":"[POINTS STATEMENT] 🚀 Job started (fires monthly: 1st 10:00 Asia/Dubai, with a 2nd–3rd grace window)"}
{"timestamp":"2026-06-23T13:24:01.191Z","level":"LOG","message":"Server running in production mode on port 5000"}
{"timestamp":"2026-06-23T13:24:01.212Z","level":"LOG","message":"GET PRODUCTS QUERY: {\"is_weekly_deal\":\"true\"}"}
{"timestamp":"2026-06-23T13:24:02.068Z","level":"LOG","message":"[EMAIL] ✅ SMTP connection verified successfully"}
{"timestamp":"2026-06-23T13:24:31.199Z","level":"LOG","message":"[ABANDONED CART] 🔍 Scanning for abandoned carts..."}
{"timestamp":"2026-06-23T13:24:31.201Z","level":"LOG","message":"[ABANDONED CART] ✅ Scan complete. Sent 0 reminder(s)."}
{"timestamp":"2026-06-23T13:24:59.954Z","level":"LOG","message":"GET PRODUCTS QUERY: {\"is_weekly_deal\":\"true\"}"}
{"timestamp":"2026-06-23T13:25:01.442Z","level":"LOG","message":"GET PRODUCTS QUERY: {\"page\":\"1\",\"limit\":\"10\",\"status\":\"all\",\"stockStatus\":\"all\",\"t\":\"1782221101085\"}"}
{"timestamp":"2026-06-23T13:25:07.189Z","level":"LOG","message":"GET PRODUCTS QUERY: {\"category\":\"stainless-steel-fabrications\",\"limit\":\"12\"}"}
{"timestamp":"2026-06-23T13:25:07.190Z","level":"LOG","message":"GET PRODUCTS QUERY: {\"is_weekly_deal\":\"true\"}"}
{"timestamp":"2026-06-23T13:25:07.198Z","level":"LOG","message":"GET PRODUCTS QUERY: {\"is_limited_offer\":\"true\",\"limit\":\"8\"}"}
{"timestamp":"2026-06-23T13:25:07.750Z","level":"LOG","message":"GET PRODUCTS QUERY: {\"is_limited_offer\":\"true\",\"limit\":\"7\"}"}
{"timestamp":"2026-06-23T13:25:07.751Z","level":"LOG","message":"GET PRODUCTS QUERY: {\"is_weekly_deal\":\"true\"}"}
{"timestamp":"2026-06-23T13:25:07.908Z","level":"LOG","message":"GET PRODUCTS QUERY: {\"is_featured\":\"1\",\"limit\":\"6\",\"status\":\"active\"}"}
{"timestamp":"2026-06-23T13:25:37.717Z","level":"LOG","message":"GET PRODUCTS QUERY: {\"is_limited_offer\":\"true\",\"limit\":\"7\"}"}
{"timestamp":"2026-06-23T13:25:37.721Z","level":"LOG","message":"GET PRODUCTS QUERY: {\"is_weekly_deal\":\"true\"}"}
{"timestamp":"2026-06-23T13:25:59.895Z","level":"LOG","message":"GET PRODUCTS QUERY: {\"is_weekly_deal\":\"true\"}"}
{"timestamp":"2026-06-23T13:26:08.770Z","level":"LOG","message":"GET PRODUCTS QUERY: {\"is_weekly_deal\":\"true\"}"}
{"timestamp":"2026-06-23T13:26:08.786Z","level":"LOG","message":"GET PRODUCTS QUERY: {\"is_limited_offer\":\"true\",\"limit\":\"7\"}"}
{"timestamp":"2026-06-23T13:26:38.341Z","level":"LOG","message":"GET PRODUCTS QUERY: {\"is_weekly_deal\":\"true\"}"}
{"timestamp":"2026-06-23T13:26:59.897Z","level":"LOG","message":"GET PRODUCTS QUERY: {\"is_weekly_deal\":\"true\"}"}
{"timestamp":"2026-06-23T13:27:08.321Z","level":"LOG","message":"GET PRODUCTS QUERY: {\"is_weekly_deal\":\"true\"}"}
{"timestamp":"2026-06-23T13:27:59.867Z","level":"LOG","message":"GET PRODUCTS QUERY: {\"is_weekly_deal\":\"true\"}"}
{"timestamp":"2026-06-23T13:28:08.352Z","level":"LOG","message":"GET PRODUCTS QUERY: {\"is_weekly_deal\":\"true\"}"}
{"timestamp":"2026-06-23T13:28:47.343Z","level":"LOG","message":"GET PRODUCTS QUERY: {\"is_weekly_deal\":\"true\"}"}
{"timestamp":"2026-06-23T13:28:59.898Z","level":"LOG","message":"GET PRODUCTS QUERY: {\"is_weekly_deal\":\"true\"}"}
{"timestamp":"2026-06-23T13:29:47.390Z","level":"LOG","message":"GET PRODUCTS QUERY: {\"is_weekly_deal\":\"true\"}"}
{"timestamp":"2026-06-23T13:29:59.872Z","level":"LOG","message":"GET PRODUCTS QUERY: {\"is_weekly_deal\":\"true\"}"}
{"timestamp":"2026-06-23T13:30:47.330Z","level":"LOG","message":"GET PRODUCTS QUERY: {\"is_weekly_deal\":\"true\"}"}
{"timestamp":"2026-06-23T13:30:59.919Z","level":"LOG","message":"GET PRODUCTS QUERY: {\"is_weekly_deal\":\"true\"}"}
{"timestamp":"2026-06-23T13:31:47.328Z","level":"LOG","message":"GET PRODUCTS QUERY: {\"is_weekly_deal\":\"true\"}"}
{"timestamp":"2026-06-23T13:32:00.031Z","level":"LOG","message":"GET PRODUCTS QUERY: {\"is_weekly_deal\":\"true\"}"}
{"timestamp":"2026-06-23T13:32:47.343Z","level":"LOG","message":"GET PRODUCTS QUERY: {\"is_weekly_deal\":\"true\"}"}
{"timestamp":"2026-06-23T13:32:59.866Z","level":"LOG","message":"GET PRODUCTS QUERY: {\"is_weekly_deal\":\"true\"}"}
{"timestamp":"2026-06-23T13:33:47.336Z","level":"LOG","message":"GET PRODUCTS QUERY: {\"is_weekly_deal\":\"true\"}"}
{"timestamp":"2026-06-23T13:33:59.978Z","level":"LOG","message":"GET PRODUCTS QUERY: {\"is_weekly_deal\":\"true\"}"}
{"timestamp":"2026-06-23T13:34:47.381Z","level":"LOG","message":"GET PRODUCTS QUERY: {\"is_weekly_deal\":\"true\"}"}
{"timestamp":"2026-06-23T13:34:59.905Z","level":"LOG","message":"GET PRODUCTS QUERY: {\"is_weekly_deal\":\"true\"}"}
{"timestamp":"2026-06-23T13:35:47.336Z","level":"LOG","message":"GET PRODUCTS QUERY: {\"is_weekly_deal\":\"true\"}"}
{"timestamp":"2026-06-23T13:35:59.907Z","level":"LOG","message":"GET PRODUCTS QUERY: {\"is_weekly_deal\":\"true\"}"}
{"timestamp":"2026-06-23T13:36:47.382Z","level":"LOG","message":"GET PRODUCTS QUERY: {\"is_weekly_deal\":\"true\"}"}
{"timestamp":"2026-06-23T13:36:59.908Z","level":"LOG","message":"GET PRODUCTS QUERY: {\"is_weekly_deal\":\"true\"}"}
{"timestamp":"2026-06-23T13:37:47.313Z","level":"LOG","message":"GET PRODUCTS QUERY: {\"is_weekly_deal\":\"true\"}"}
{"timestamp":"2026-06-23T13:37:59.897Z","level":"LOG","message":"GET PRODUCTS QUERY: {\"is_weekly_deal\":\"true\"}"}
{"timestamp":"2026-06-23T13:38:47.375Z","level":"LOG","message":"GET PRODUCTS QUERY: {\"is_weekly_deal\":\"true\"}"}
{"timestamp":"2026-06-23T13:39:00.704Z","level":"LOG","message":"GET PRODUCTS QUERY: {\"is_weekly_deal\":\"true\"}"}
{"timestamp":"2026-06-23T13:39:47.314Z","level":"LOG","message":"GET PRODUCTS QUERY: {\"is_weekly_deal\":\"true\"}"}
{"timestamp":"2026-06-23T13:39:59.894Z","level":"LOG","message":"GET PRODUCTS QUERY: {\"is_weekly_deal\":\"true\"}"}
{"timestamp":"2026-06-23T13:40:47.346Z","level":"LOG","message":"GET PRODUCTS QUERY: {\"is_weekly_deal\":\"true\"}"}
{"timestamp":"2026-06-23T13:40:59.918Z","level":"LOG","message":"GET PRODUCTS QUERY: {\"is_weekly_deal\":\"true\"}"}
{"timestamp":"2026-06-23T13:41:47.330Z","level":"LOG","message":"GET PRODUCTS QUERY: {\"is_weekly_deal\":\"true\"}"}
{"timestamp":"2026-06-23T13:41:59.886Z","level":"LOG","message":"GET PRODUCTS QUERY: {\"is_weekly_deal\":\"true\"}"}
{"timestamp":"2026-06-23T13:42:47.377Z","level":"LOG","message":"GET PRODUCTS QUERY: {\"is_weekly_deal\":\"true\"}"}
{"timestamp":"2026-06-23T13:42:59.904Z","level":"LOG","message":"GET PRODUCTS QUERY: {\"is_weekly_deal\":\"true\"}"}
{"timestamp":"2026-06-23T13:43:47.324Z","level":"LOG","message":"GET PRODUCTS QUERY: {\"is_weekly_deal\":\"true\"}"}
{"timestamp":"2026-06-23T13:43:59.882Z","level":"LOG","message":"GET PRODUCTS QUERY: {\"is_weekly_deal\":\"true\"}"}
{"timestamp":"2026-06-23T13:44:47.419Z","level":"LOG","message":"GET PRODUCTS QUERY: {\"is_weekly_deal\":\"true\"}"}
{"timestamp":"2026-06-23T13:44:59.920Z","level":"LOG","message":"GET PRODUCTS QUERY: {\"is_weekly_deal\":\"true\"}"}
{"timestamp":"2026-06-23T13:45:47.608Z","level":"LOG","message":"GET PRODUCTS QUERY: {\"is_weekly_deal\":\"true\"}"}
{"timestamp":"2026-06-23T13:45:59.903Z","level":"LOG","message":"GET PRODUCTS QUERY: {\"is_weekly_deal\":\"true\"}"}
{"timestamp":"2026-06-23T13:46:47.370Z","level":"LOG","message":"GET PRODUCTS QUERY: {\"is_weekly_deal\":\"true\"}"}
{"timestamp":"2026-06-23T13:46:59.940Z","level":"LOG","message":"GET PRODUCTS QUERY: {\"is_weekly_deal\":\"true\"}"}
{"timestamp":"2026-06-23T13:47:40.390Z","level":"LOG","message":"GET PRODUCTS QUERY: {\"is_limited_offer\":\"true\",\"limit\":\"7\"}"}
{"timestamp":"2026-06-23T13:47:40.416Z","level":"LOG","message":"GET PRODUCTS QUERY: {\"is_weekly_deal\":\"true\"}"}
{"timestamp":"2026-06-23T13:47:59.904Z","level":"LOG","message":"GET PRODUCTS QUERY: {\"is_weekly_deal\":\"true\"}"}
{"timestamp":"2026-06-23T13:48:08.148Z","level":"LOG","message":"GET PRODUCTS QUERY: {\"is_weekly_deal\":\"true\"}"}
{"timestamp":"2026-06-23T13:48:38.538Z","level":"LOG","message":"GET PRODUCTS QUERY: {\"is_weekly_deal\":\"true\"}"}
{"timestamp":"2026-06-23T13:48:59.945Z","level":"LOG","message":"GET PRODUCTS QUERY: {\"is_weekly_deal\":\"true\"}"}
{"timestamp":"2026-06-23T13:49:10.393Z","level":"LOG","message":"GET PRODUCTS QUERY: {\"is_weekly_deal\":\"true\"}"}
{"timestamp":"2026-06-23T13:49:10.396Z","level":"LOG","message":"GET PRODUCTS QUERY: {\"is_limited_offer\":\"true\",\"limit\":\"7\"}"}
{"timestamp":"2026-06-23T13:49:38.147Z","level":"LOG","message":"GET PRODUCTS QUERY: {\"is_weekly_deal\":\"true\"}"}
{"timestamp":"2026-06-23T13:49:59.964Z","level":"LOG","message":"GET PRODUCTS QUERY: {\"is_weekly_deal\":\"true\"}"}
{"timestamp":"2026-06-23T13:50:08.363Z","level":"LOG","message":"GET PRODUCTS QUERY: {\"is_weekly_deal\":\"true\"}"}
{"timestamp":"2026-06-23T13:50:47.328Z","level":"LOG","message":"GET PRODUCTS QUERY: {\"is_weekly_deal\":\"true\"}"}
{"timestamp":"2026-06-23T13:50:59.929Z","level":"LOG","message":"GET PRODUCTS QUERY: {\"is_weekly_deal\":\"true\"}"}
{"timestamp":"2026-06-23T13:51:47.387Z","level":"LOG","message":"GET PRODUCTS QUERY: {\"is_weekly_deal\":\"true\"}"}
{"timestamp":"2026-06-23T13:51:59.906Z","level":"LOG","message":"GET PRODUCTS QUERY: {\"is_weekly_deal\":\"true\"}"}
{"timestamp":"2026-06-23T13:52:47.353Z","level":"LOG","message":"GET PRODUCTS QUERY: {\"is_weekly_deal\":\"true\"}"}
{"timestamp":"2026-06-23T13:52:59.935Z","level":"LOG","message":"GET PRODUCTS QUERY: {\"is_weekly_deal\":\"true\"}"}
{"timestamp":"2026-06-23T13:53:47.321Z","level":"LOG","message":"GET PRODUCTS QUERY: {\"is_weekly_deal\":\"true\"}"}
{"timestamp":"2026-06-23T13:53:59.884Z","level":"LOG","message":"GET PRODUCTS QUERY: {\"is_weekly_deal\":\"true\"}"}
{"timestamp":"2026-06-23T13:54:01.190Z","level":"LOG","message":"[ABANDONED CART] 🔍 Scanning for abandoned carts..."}
{"timestamp":"2026-06-23T13:54:01.191Z","level":"LOG","message":"[ABANDONED CART] ✅ Scan complete. Sent 0 reminder(s)."}
{"timestamp":"2026-06-23T13:54:47.404Z","level":"LOG","message":"GET PRODUCTS QUERY: {\"is_weekly_deal\":\"true\"}"}
{"timestamp":"2026-06-23T13:54:59.902Z","level":"LOG","message":"GET PRODUCTS QUERY: {\"is_weekly_deal\":\"true\"}"}
{"timestamp":"2026-06-23T13:55:47.354Z","level":"LOG","message":"GET PRODUCTS QUERY: {\"is_weekly_deal\":\"true\"}"}
{"timestamp":"2026-06-23T13:55:59.984Z","level":"LOG","message":"GET PRODUCTS QUERY: {\"is_weekly_deal\":\"true\"}"}
{"timestamp":"2026-06-23T13:56:47.400Z","level":"LOG","message":"GET PRODUCTS QUERY: {\"is_weekly_deal\":\"true\"}"}
{"timestamp":"2026-06-23T13:56:59.975Z","level":"LOG","message":"GET PRODUCTS QUERY: {\"is_weekly_deal\":\"true\"}"}
{"timestamp":"2026-06-23T13:57:47.346Z","level":"LOG","message":"GET PRODUCTS QUERY: {\"is_weekly_deal\":\"true\"}"}
{"timestamp":"2026-06-23T13:57:59.905Z","level":"LOG","message":"GET PRODUCTS QUERY: {\"is_weekly_deal\":\"true\"}"}
{"timestamp":"2026-06-23T13:58:47.403Z","level":"LOG","message":"GET PRODUCTS QUERY: {\"is_weekly_deal\":\"true\"}"}
{"timestamp":"2026-06-23T13:58:59.952Z","level":"LOG","message":"GET PRODUCTS QUERY: {\"is_weekly_deal\":\"true\"}"}
{"timestamp":"2026-06-23T13:59:47.530Z","level":"LOG","message":"GET PRODUCTS QUERY: {\"is_weekly_deal\":\"true\"}"}
{"timestamp":"2026-06-23T13:59:59.899Z","level":"LOG","message":"GET PRODUCTS QUERY: {\"is_weekly_deal\":\"true\"}"}
{"timestamp":"2026-06-23T14:00:47.342Z","level":"LOG","message":"GET PRODUCTS QUERY: {\"is_weekly_deal\":\"true\"}"}
{"timestamp":"2026-06-23T14:00:59.978Z","level":"LOG","message":"GET PRODUCTS QUERY: {\"is_weekly_deal\":\"true\"}"}
{"timestamp":"2026-06-23T14:01:47.418Z","level":"LOG","message":"GET PRODUCTS QUERY: {\"is_weekly_deal\":\"true\"}"}
{"timestamp":"2026-06-23T14:01:59.949Z","level":"LOG","message":"GET PRODUCTS QUERY: {\"is_weekly_deal\":\"true\"}"}
{"timestamp":"2026-06-23T14:02:47.359Z","level":"LOG","message":"GET PRODUCTS QUERY: {\"is_weekly_deal\":\"true\"}"}
{"timestamp":"2026-06-23T14:02:59.955Z","level":"LOG","message":"GET PRODUCTS QUERY: {\"is_weekly_deal\":\"true\"}"}
{"timestamp":"2026-06-23T14:03:47.405Z","level":"LOG","message":"GET PRODUCTS QUERY: {\"is_weekly_deal\":\"true\"}"}
{"timestamp":"2026-06-23T14:03:59.918Z","level":"LOG","message":"GET PRODUCTS QUERY: {\"is_weekly_deal\":\"true\"}"}
{"timestamp":"2026-06-23T14:04:47.352Z","level":"LOG","message":"GET PRODUCTS QUERY: {\"is_weekly_deal\":\"true\"}"}
{"timestamp":"2026-06-23T14:04:59.977Z","level":"LOG","message":"GET PRODUCTS QUERY: {\"is_weekly_deal\":\"true\"}"}
{"timestamp":"2026-06-23T14:05:47.427Z","level":"LOG","message":"GET PRODUCTS QUERY: {\"is_weekly_deal\":\"true\"}"}
{"timestamp":"2026-06-23T14:05:59.938Z","level":"LOG","message":"GET PRODUCTS QUERY: {\"is_weekly_deal\":\"true\"}"}
{"timestamp":"2026-06-23T14:06:47.339Z","level":"LOG","message":"GET PRODUCTS QUERY: {\"is_weekly_deal\":\"true\"}"}
{"timestamp":"2026-06-23T14:06:59.991Z","level":"LOG","message":"GET PRODUCTS QUERY: {\"is_weekly_deal\":\"true\"}"}
{"timestamp":"2026-06-23T14:07:48.996Z","level":"LOG","message":"GET PRODUCTS QUERY: {\"is_weekly_deal\":\"true\"}"}
{"timestamp":"2026-06-23T14:07:59.914Z","level":"LOG","message":"GET PRODUCTS QUERY: {\"is_weekly_deal\":\"true\"}"}
{"timestamp":"2026-06-23T14:08:47.377Z","level":"LOG","message":"GET PRODUCTS QUERY: {\"is_weekly_deal\":\"true\"}"}
{"timestamp":"2026-06-23T14:09:00.017Z","level":"LOG","message":"GET PRODUCTS QUERY: {\"is_weekly_deal\":\"true\"}"}
{"timestamp":"2026-06-23T14:09:47.384Z","level":"LOG","message":"GET PRODUCTS QUERY: {\"is_weekly_deal\":\"true\"}"}
{"timestamp":"2026-06-23T14:09:59.944Z","level":"LOG","message":"GET PRODUCTS QUERY: {\"is_weekly_deal\":\"true\"}"}
{"timestamp":"2026-06-23T14:10:47.428Z","level":"LOG","message":"GET PRODUCTS QUERY: {\"is_weekly_deal\":\"true\"}"}
{"timestamp":"2026-06-23T14:10:59.978Z","level":"LOG","message":"GET PRODUCTS QUERY: {\"is_weekly_deal\":\"true\"}"}
{"timestamp":"2026-06-23T14:11:47.401Z","level":"LOG","message":"GET PRODUCTS QUERY: {\"is_weekly_deal\":\"true\"}"}
{"timestamp":"2026-06-23T14:11:59.937Z","level":"LOG","message":"GET PRODUCTS QUERY: {\"is_weekly_deal\":\"true\"}"}
{"timestamp":"2026-06-23T14:12:47.346Z","level":"LOG","message":"GET PRODUCTS QUERY: {\"is_weekly_deal\":\"true\"}"}
{"timestamp":"2026-06-23T14:12:59.991Z","level":"LOG","message":"GET PRODUCTS QUERY: {\"is_weekly_deal\":\"true\"}"}
{"timestamp":"2026-06-23T14:13:47.440Z","level":"LOG","message":"GET PRODUCTS QUERY: {\"is_weekly_deal\":\"true\"}"}
{"timestamp":"2026-06-23T14:13:59.924Z","level":"LOG","message":"GET PRODUCTS QUERY: {\"is_weekly_deal\":\"true\"}"}
{"timestamp":"2026-06-23T14:14:47.358Z","level":"LOG","message":"GET PRODUCTS QUERY: {\"is_weekly_deal\":\"true\"}"}
{"timestamp":"2026-06-23T14:14:59.967Z","level":"LOG","message":"GET PRODUCTS QUERY: {\"is_weekly_deal\":\"true\"}"}
{"timestamp":"2026-06-23T14:15:47.399Z","level":"LOG","message":"GET PRODUCTS QUERY: {\"is_weekly_deal\":\"true\"}"}
{"timestamp":"2026-06-23T14:15:59.926Z","level":"LOG","message":"GET PRODUCTS QUERY: {\"is_weekly_deal\":\"true\"}"}
{"timestamp":"2026-06-23T14:16:47.348Z","level":"LOG","message":"GET PRODUCTS QUERY: {\"is_weekly_deal\":\"true\"}"}
{"timestamp":"2026-06-23T14:16:59.983Z","level":"LOG","message":"GET PRODUCTS QUERY: {\"is_weekly_deal\":\"true\"}"}
{"timestamp":"2026-06-23T14:17:47.408Z","level":"LOG","message":"GET PRODUCTS QUERY: {\"is_weekly_deal\":\"true\"}"}
{"timestamp":"2026-06-23T14:17:59.928Z","level":"LOG","message":"GET PRODUCTS QUERY: {\"is_weekly_deal\":\"true\"}"}
{"timestamp":"2026-06-23T14:18:47.359Z","level":"LOG","message":"GET PRODUCTS QUERY: {\"is_weekly_deal\":\"true\"}"}
{"timestamp":"2026-06-23T14:18:59.972Z","level":"LOG","message":"GET PRODUCTS QUERY: {\"is_weekly_deal\":\"true\"}"}
{"timestamp":"2026-06-23T14:19:47.523Z","level":"LOG","message":"GET PRODUCTS QUERY: {\"is_weekly_deal\":\"true\"}"}
{"timestamp":"2026-06-23T14:19:59.927Z","level":"LOG","message":"GET PRODUCTS QUERY: {\"is_weekly_deal\":\"true\"}"}
{"timestamp":"2026-06-23T14:20:47.364Z","level":"LOG","message":"GET PRODUCTS QUERY: {\"is_weekly_deal\":\"true\"}"}
{"timestamp":"2026-06-23T14:20:59.974Z","level":"LOG","message":"GET PRODUCTS QUERY: {\"is_weekly_deal\":\"true\"}"}
{"timestamp":"2026-06-23T14:21:48.598Z","level":"LOG","message":"GET PRODUCTS QUERY: {\"is_weekly_deal\":\"true\"}"}
{"timestamp":"2026-06-23T14:21:59.919Z","level":"LOG","message":"GET PRODUCTS QUERY: {\"is_weekly_deal\":\"true\"}"}
{"timestamp":"2026-06-23T14:22:47.347Z","level":"LOG","message":"GET PRODUCTS QUERY: {\"is_weekly_deal\":\"true\"}"}
{"timestamp":"2026-06-23T14:22:59.973Z","level":"LOG","message":"GET PRODUCTS QUERY: {\"is_weekly_deal\":\"true\"}"}
{"timestamp":"2026-06-23T14:23:47.372Z","level":"LOG","message":"GET PRODUCTS QUERY: {\"is_weekly_deal\":\"true\"}"}
{"timestamp":"2026-06-23T14:23:59.953Z","level":"LOG","message":"GET PRODUCTS QUERY: {\"is_weekly_deal\":\"true\"}"}
{"timestamp":"2026-06-23T14:24:01.192Z","level":"LOG","message":"[ABANDONED CART] 🔍 Scanning for abandoned carts..."}
{"timestamp":"2026-06-23T14:24:01.193Z","level":"LOG","message":"[ABANDONED CART] ✅ Scan complete. Sent 0 reminder(s)."}
{"timestamp":"2026-06-23T14:24:48.132Z","level":"LOG","message":"[dotenv@17.2.4] injecting env (1) from .env -- tip: ⚙️  specify custom .env file path with { path: '/custom/path/.env' }"}
{"timestamp":"2026-06-23T14:24:48.133Z","level":"LOG","message":"[BOOT] cwd = /home/u650716787/domains/api.mariotstore.com/nodejs"}
{"timestamp":"2026-06-23T14:24:48.133Z","level":"LOG","message":"[BOOT] DB_USER = \"u650716787_mariot_user\""}
{"timestamp":"2026-06-23T14:24:48.134Z","level":"LOG","message":"[BOOT] DB_PASSWORD present = true"}
{"timestamp":"2026-06-23T14:24:48.134Z","level":"LOG","message":"[BOOT] DB_NAME = \"u650716787_mariot_db\""}
{"timestamp":"2026-06-23T14:24:48.338Z","level":"LOG","message":"[dotenv@17.2.4] injecting env (0) from .env -- tip: ✅ audit secrets and track compliance: https://dotenvx.com/ops"}
{"timestamp":"2026-06-23T14:24:48.598Z","level":"LOG","message":"[DEBUG] DB_HOST = \"localhost\""}
{"timestamp":"2026-06-23T14:24:48.598Z","level":"LOG","message":"[DEBUG] DB_USER = \"u650716787_mariot_user\""}
{"timestamp":"2026-06-23T14:24:48.598Z","level":"LOG","message":"[DEBUG] DB_PASSWORD present? true"}
{"timestamp":"2026-06-23T14:24:48.598Z","level":"LOG","message":"[DEBUG] DB_PASS present? false"}
{"timestamp":"2026-06-23T14:24:48.598Z","level":"LOG","message":"[DEBUG] DB_NAME = \"u650716787_mariot_db\""}
{"timestamp":"2026-06-23T14:24:49.241Z","level":"LOG","message":"[DB] Running initialization and migrations..."}
{"timestamp":"2026-06-23T14:24:49.247Z","level":"LOG","message":"[EMAIL] Resolved smtp.hostinger.com → 172.65.255.143 (IPv4)"}
{"timestamp":"2026-06-23T14:24:49.263Z","level":"ERROR","message":"Database connection failed: Access denied for user 'u650716787_mariot_user'@'::1' (using password: YES)"}
{"timestamp":"2026-06-23T14:24:49.267Z","level":"LOG","message":"[DB] contact_submissions table verified"}
{"timestamp":"2026-06-23T14:24:49.267Z","level":"LOG","message":"[DB] category_brands table verified"}
{"timestamp":"2026-06-23T14:24:49.268Z","level":"LOG","message":"[DB] reward_points_history table verified"}
{"timestamp":"2026-06-23T14:24:49.272Z","level":"LOG","message":"[DB] reward_points_history.transaction_type ENUM verified (reversed, refunded)"}
{"timestamp":"2026-06-23T14:24:49.272Z","level":"LOG","message":"[DB] staff role verified"}
{"timestamp":"2026-06-23T14:24:49.291Z","level":"LOG","message":"[DB] product variant tables verified"}
{"timestamp":"2026-06-23T14:24:49.300Z","level":"LOG","message":"[DB] signup_otps table verified"}
{"timestamp":"2026-06-23T14:24:49.300Z","level":"LOG","message":"[DB] invoices table verified"}
{"timestamp":"2026-06-23T14:24:49.300Z","level":"LOG","message":"[DB] staff_permissions table verified"}
{"timestamp":"2026-06-23T14:24:49.301Z","level":"LOG","message":"[DB] stock_notifications table verified"}
{"timestamp":"2026-06-23T14:24:49.301Z","level":"LOG","message":"[DB] settings table verified"}
{"timestamp":"2026-06-23T14:24:49.304Z","level":"LOG","message":"[EMAIL] SMTP_EMAIL: admin@mariotstore.com"}
{"timestamp":"2026-06-23T14:24:49.304Z","level":"LOG","message":"[EMAIL] SMTP_PASSWORD length: 17 chars"}
{"timestamp":"2026-06-23T14:24:49.307Z","level":"LOG","message":"[ABANDONED CART] 🚀 Cron job started (runs every 30 minutes)"}
{"timestamp":"2026-06-23T14:24:49.308Z","level":"LOG","message":"[POINTS STATEMENT] 🚀 Job started (fires monthly: 1st 10:00 Asia/Dubai, with a 2nd–3rd grace window)"}
{"timestamp":"2026-06-23T14:24:49.308Z","level":"LOG","message":"Server running in production mode on port 5000"}
{"timestamp":"2026-06-23T14:24:49.329Z","level":"LOG","message":"GET PRODUCTS QUERY: {\"is_weekly_deal\":\"true\"}"}
{"timestamp":"2026-06-23T14:24:50.193Z","level":"LOG","message":"[EMAIL] ✅ SMTP connection verified successfully"}
{"timestamp":"2026-06-23T14:24:59.948Z","level":"LOG","message":"GET PRODUCTS QUERY: {\"is_weekly_deal\":\"true\"}"}
{"timestamp":"2026-06-23T14:25:19.317Z","level":"LOG","message":"[ABANDONED CART] 🔍 Scanning for abandoned carts..."}
{"timestamp":"2026-06-23T14:25:19.319Z","level":"LOG","message":"[ABANDONED CART] ✅ Scan complete. Sent 0 reminder(s)."}
{"timestamp":"2026-06-23T14:25:47.356Z","level":"LOG","message":"GET PRODUCTS QUERY: {\"is_weekly_deal\":\"true\"}"}
{"timestamp":"2026-06-23T14:25:58.292Z","level":"LOG","message":"GET PRODUCTS QUERY: {\"is_limited_offer\":\"true\",\"limit\":\"7\"}"}
{"timestamp":"2026-06-23T14:25:59.915Z","level":"LOG","message":"GET PRODUCTS QUERY: {\"is_weekly_deal\":\"true\"}"}
{"timestamp":"2026-06-23T14:26:04.804Z","level":"LOG","message":"GET PRODUCTS QUERY: {\"page\":\"1\",\"limit\":\"24\",\"category\":\"cabinet\"}"}
{"timestamp":"2026-06-23T14:26:05.529Z","level":"LOG","message":"GET PRODUCTS QUERY: {\"is_featured\":\"1\",\"limit\":\"6\",\"status\":\"active\"}"}
{"timestamp":"2026-06-23T14:26:05.650Z","level":"LOG","message":"GET PRODUCTS QUERY: {\"page\":\"1\",\"limit\":\"24\",\"category\":\"cabinet\"}"}
{"timestamp":"2026-06-23T14:26:08.173Z","level":"LOG","message":"GET PRODUCTS QUERY: {\"is_weekly_deal\":\"true\"}"}
{"timestamp":"2026-06-23T14:26:38.354Z","level":"LOG","message":"GET PRODUCTS QUERY: {\"is_weekly_deal\":\"true\"}"}
{"timestamp":"2026-06-23T14:26:59.958Z","level":"LOG","message":"GET PRODUCTS QUERY: {\"is_weekly_deal\":\"true\"}"}
{"timestamp":"2026-06-23T14:27:47.480Z","level":"LOG","message":"GET PRODUCTS QUERY: {\"is_weekly_deal\":\"true\"}"}
{"timestamp":"2026-06-23T14:27:59.929Z","level":"LOG","message":"GET PRODUCTS QUERY: {\"is_weekly_deal\":\"true\"}"}
{"timestamp":"2026-06-23T14:28:47.364Z","level":"LOG","message":"GET PRODUCTS QUERY: {\"is_weekly_deal\":\"true\"}"}
{"timestamp":"2026-06-23T14:28:59.983Z","level":"LOG","message":"GET PRODUCTS QUERY: {\"is_weekly_deal\":\"true\"}"}
{"timestamp":"2026-06-23T14:29:48.198Z","level":"LOG","message":"GET PRODUCTS QUERY: {\"is_weekly_deal\":\"true\"}"}
{"timestamp":"2026-06-23T14:29:59.936Z","level":"LOG","message":"GET PRODUCTS QUERY: {\"is_weekly_deal\":\"true\"}"}
{"timestamp":"2026-06-23T14:30:47.329Z","level":"LOG","message":"GET PRODUCTS QUERY: {\"is_weekly_deal\":\"true\"}"}
{"timestamp":"2026-06-23T14:30:59.997Z","level":"LOG","message":"GET PRODUCTS QUERY: {\"is_weekly_deal\":\"true\"}"}
{"timestamp":"2026-06-23T14:31:49.065Z","level":"LOG","message":"GET PRODUCTS QUERY: {\"is_weekly_deal\":\"true\"}"}
{"timestamp":"2026-06-23T14:31:59.954Z","level":"LOG","message":"GET PRODUCTS QUERY: {\"is_weekly_deal\":\"true\"}"}
{"timestamp":"2026-06-23T14:32:47.819Z","level":"LOG","message":"GET PRODUCTS QUERY: {\"is_weekly_deal\":\"true\"}"}
{"timestamp":"2026-06-23T14:33:00.183Z","level":"LOG","message":"GET PRODUCTS QUERY: {\"is_weekly_deal\":\"true\"}"}
{"timestamp":"2026-06-23T14:33:15.447Z","level":"LOG","message":"GET PRODUCTS QUERY: {\"is_weekly_deal\":\"true\"}"}
{"timestamp":"2026-06-23T14:33:15.457Z","level":"LOG","message":"GET PRODUCTS QUERY: {\"is_limited_offer\":\"true\",\"limit\":\"8\"}"}
{"timestamp":"2026-06-23T14:33:15.458Z","level":"LOG","message":"GET PRODUCTS QUERY: {\"category\":\"stainless-steel-fabrications\",\"limit\":\"12\"}"}
{"timestamp":"2026-06-23T14:33:47.355Z","level":"LOG","message":"GET PRODUCTS QUERY: {\"is_weekly_deal\":\"true\"}"}
{"timestamp":"2026-06-23T14:33:59.932Z","level":"LOG","message":"GET PRODUCTS QUERY: {\"is_weekly_deal\":\"true\"}"}
{"timestamp":"2026-06-23T14:34:47.167Z","level":"LOG","message":"GET PRODUCTS QUERY: {\"is_weekly_deal\":\"true\"}"}
{"timestamp":"2026-06-23T14:34:59.983Z","level":"LOG","message":"GET PRODUCTS QUERY: {\"is_weekly_deal\":\"true\"}"}
{"timestamp":"2026-06-23T14:35:47.399Z","level":"LOG","message":"GET PRODUCTS QUERY: {\"is_weekly_deal\":\"true\"}"}
{"timestamp":"2026-06-23T14:35:59.955Z","level":"LOG","message":"GET PRODUCTS QUERY: {\"is_weekly_deal\":\"true\"}"}
{"timestamp":"2026-06-23T14:36:47.354Z","level":"LOG","message":"GET PRODUCTS QUERY: {\"is_weekly_deal\":\"true\"}"}
{"timestamp":"2026-06-23T14:37:00.076Z","level":"LOG","message":"GET PRODUCTS QUERY: {\"is_weekly_deal\":\"true\"}"}
{"timestamp":"2026-06-23T14:37:48.502Z","level":"LOG","message":"GET PRODUCTS QUERY: {\"is_weekly_deal\":\"true\"}"}
{"timestamp":"2026-06-23T14:37:59.966Z","level":"LOG","message":"GET PRODUCTS QUERY: {\"is_weekly_deal\":\"true\"}"}
{"timestamp":"2026-06-23T14:38:47.355Z","level":"LOG","message":"GET PRODUCTS QUERY: {\"is_weekly_deal\":\"true\"}"}
{"timestamp":"2026-06-23T14:39:00.049Z","level":"LOG","message":"GET PRODUCTS QUERY: {\"is_weekly_deal\":\"true\"}"}
{"timestamp":"2026-06-23T14:39:49.124Z","level":"LOG","message":"GET PRODUCTS QUERY: {\"is_weekly_deal\":\"true\"}"}
{"timestamp":"2026-06-23T14:39:59.961Z","level":"LOG","message":"GET PRODUCTS QUERY: {\"is_weekly_deal\":\"true\"}"}
{"timestamp":"2026-06-23T14:40:47.344Z","level":"LOG","message":"GET PRODUCTS QUERY: {\"is_weekly_deal\":\"true\"}"}
{"timestamp":"2026-06-23T14:41:00.131Z","level":"LOG","message":"GET PRODUCTS QUERY: {\"is_weekly_deal\":\"true\"}"}
{"timestamp":"2026-06-23T14:41:47.414Z","level":"LOG","message":"GET PRODUCTS QUERY: {\"is_weekly_deal\":\"true\"}"}
{"timestamp":"2026-06-23T14:41:59.969Z","level":"LOG","message":"GET PRODUCTS QUERY: {\"is_weekly_deal\":\"true\"}"}
{"timestamp":"2026-06-23T14:42:47.355Z","level":"LOG","message":"GET PRODUCTS QUERY: {\"is_weekly_deal\":\"true\"}"}
{"timestamp":"2026-06-23T14:43:00.059Z","level":"LOG","message":"GET PRODUCTS QUERY: {\"is_weekly_deal\":\"true\"}"}
{"timestamp":"2026-06-23T14:43:47.408Z","level":"LOG","message":"GET PRODUCTS QUERY: {\"is_weekly_deal\":\"true\"}"}
{"timestamp":"2026-06-23T14:43:59.945Z","level":"LOG","message":"GET PRODUCTS QUERY: {\"is_weekly_deal\":\"true\"}"}
{"timestamp":"2026-06-23T14:44:47.361Z","level":"LOG","message":"GET PRODUCTS QUERY: {\"is_weekly_deal\":\"true\"}"}
{"timestamp":"2026-06-23T14:45:00.021Z","level":"LOG","message":"GET PRODUCTS QUERY: {\"is_weekly_deal\":\"true\"}"}
{"timestamp":"2026-06-23T14:45:47.417Z","level":"LOG","message":"GET PRODUCTS QUERY: {\"is_weekly_deal\":\"true\"}"}
{"timestamp":"2026-06-23T14:45:59.947Z","level":"LOG","message":"GET PRODUCTS QUERY: {\"is_weekly_deal\":\"true\"}"}
{"timestamp":"2026-06-23T14:46:47.401Z","level":"LOG","message":"GET PRODUCTS QUERY: {\"is_weekly_deal\":\"true\"}"}
{"timestamp":"2026-06-23T14:47:00.029Z","level":"LOG","message":"GET PRODUCTS QUERY: {\"is_weekly_deal\":\"true\"}"}
{"timestamp":"2026-06-23T14:47:47.410Z","level":"LOG","message":"GET PRODUCTS QUERY: {\"is_weekly_deal\":\"true\"}"}
{"timestamp":"2026-06-23T14:47:59.946Z","level":"LOG","message":"GET PRODUCTS QUERY: {\"is_weekly_deal\":\"true\"}"}
{"timestamp":"2026-06-23T14:48:36.830Z","level":"LOG","message":"GET PRODUCTS QUERY: {\"is_limited_offer\":\"true\",\"limit\":\"7\"}"}
{"timestamp":"2026-06-23T14:48:36.832Z","level":"LOG","message":"GET PRODUCTS QUERY: {\"is_weekly_deal\":\"true\"}"}
{"timestamp":"2026-06-23T14:48:38.092Z","level":"LOG","message":"GET PRODUCTS QUERY: {\"is_limited_offer\":\"true\",\"limit\":\"7\"}"}
{"timestamp":"2026-06-23T14:48:59.987Z","level":"LOG","message":"GET PRODUCTS QUERY: {\"is_weekly_deal\":\"true\"}"}
{"timestamp":"2026-06-23T14:49:08.093Z","level":"LOG","message":"GET PRODUCTS QUERY: {\"page\":\"1\",\"limit\":\"10\",\"status\":\"all\",\"stockStatus\":\"all\",\"t\":\"1782226147758\"}"}
{"timestamp":"2026-06-23T14:49:08.189Z","level":"LOG","message":"GET PRODUCTS QUERY: {\"is_weekly_deal\":\"true\"}"}
{"timestamp":"2026-06-23T14:49:38.385Z","level":"LOG","message":"GET PRODUCTS QUERY: {\"is_weekly_deal\":\"true\"}"}
{"timestamp":"2026-06-23T14:49:59.953Z","level":"LOG","message":"GET PRODUCTS QUERY: {\"is_weekly_deal\":\"true\"}"}
{"timestamp":"2026-06-23T14:50:23.876Z","level":"LOG","message":"CREATE PRODUCT BODY: {\"name\":\"Wall Cabinet Corner\",\"name_ar\":\"\",\"model\":\"\",\"youtube_video_links\":[\"\"],\"featured_video_index\":0,\"description\":\"Stainless Steel Wall Cabinet Corner\\n. Cabinet Corner\\n. Hinged Door Middle Shelf\\n. construction scotch bright finish 18/10 aisi 304.\\n. dim: 700 x 700 x 600 mm.\\nmariot made / uae.\",\"description_ar\":\"\",\"short_description\":\"\",\"short_description_ar\":\"\",\"specifications\":\"\",\"specifications_ar\":\"\",\"price\":\"\",\"discount_percentage\":\"0\",\"offer_price\":\"\",\"stock_quantity\":\"\",\"category_id\":\"145\",\"sub_category_id\":\"164\",\"sub_sub_category_id\":\"\",\"brand_id\":\"39\",\"product_group\":\"Cabinet\",\"sub_category\":\"\",\"image_url\":\"https://api.mariotstore.com/uploads/1782226188519-223640509.webp\",\"additional_images\":[\"\",\"\",\"\"],\"is_weekly_deal\":false,\"is_limited_offer\":false,\"is_featured\":true,\"is_daily_offer\":false,\"is_best_seller\":false,\"resources\":\"[]\",\"status\":\"active\",\"offer_start\":\"\",\"offer_end\":\"\",\"track_inventory\":false,\"delivery_charge\":0,\"warranty\":\"\",\"warranty_ar\":\"\",\"images\":[\"https://api.mariotstore.com/uploads/1782226188519-223640509.webp\"],\"youtube_video_link\":\"{\\\"links\\\":[\\\"\\\"],\\\"featuredIndex\\\":0}\",\"frequently_bought_together\":null,\"you_may_also_need\":null,\"free_gift_product_ids\":null,\"compare_config\":null,\"options\":[],\"variants\":[],\"is_customizable\":false,\"custom_dimensions\":[],\"base_dimensions\":{},\"size_tiers\":[]}"}
{"timestamp":"2026-06-23T14:50:24.081Z","level":"LOG","message":"GET PRODUCTS QUERY: {\"page\":\"1\",\"limit\":\"10\",\"status\":\"all\",\"stockStatus\":\"all\",\"t\":\"1782226223764\"}"}
{"timestamp":"2026-06-23T14:50:47.180Z","level":"LOG","message":"GET PRODUCTS QUERY: {\"is_weekly_deal\":\"true\"}"}
{"timestamp":"2026-06-23T14:51:00.018Z","level":"LOG","message":"GET PRODUCTS QUERY: {\"is_weekly_deal\":\"true\"}"}
{"timestamp":"2026-06-23T14:51:47.987Z","level":"LOG","message":"GET PRODUCTS QUERY: {\"is_weekly_deal\":\"true\"}"}
{"timestamp":"2026-06-23T14:52:00.015Z","level":"LOG","message":"GET PRODUCTS QUERY: {\"is_weekly_deal\":\"true\"}"}
{"timestamp":"2026-06-23T14:52:47.381Z","level":"LOG","message":"GET PRODUCTS QUERY: {\"is_weekly_deal\":\"true\"}"}
{"timestamp":"2026-06-23T14:53:00.094Z","level":"LOG","message":"GET PRODUCTS QUERY: {\"is_weekly_deal\":\"true\"}"}
{"timestamp":"2026-06-23T14:53:39.826Z","level":"ERROR","message":"Image processing error: Error: Cannot use same file for input and output\n    at Sharp.toFile (/home/u650716787/domains/api.mariotstore.com/nodejs/node_modules/sharp/lib/output.js:78:11)\n    at exports.uploadImage (/home/u650716787/domains/api.mariotstore.com/nodejs/controllers/upload.controller.js:39:61)\n    at Layer.handleRequest (/home/u650716787/domains/api.mariotstore.com/nodejs/node_modules/router/lib/layer.js:152:17)\n    at next (/home/u650716787/domains/api.mariotstore.com/nodejs/node_modules/router/lib/route.js:157:13)\n    at done (/home/u650716787/domains/api.mariotstore.com/nodejs/node_modules/multer/lib/make-middleware.js:69:7)\n    at indicateDone (/home/u650716787/domains/api.mariotstore.com/nodejs/node_modules/multer/lib/make-middleware.js:73:68)\n    at /home/u650716787/domains/api.mariotstore.com/nodejs/node_modules/multer/lib/make-middleware.js:232:11\n    at WriteStream.<anonymous> (/home/u650716787/domains/api.mariotstore.com/nodejs/node_modules/multer/storage/disk.js:42:9)\n    at WriteStream.emit (node:events:530:35)\n    at finish (node:internal/streams/writable:955:10)\n    at node:internal/streams/writable:936:13\n    at process.processTicksAndRejections (node:internal/process/task_queues:90:21)"}
{"timestamp":"2026-06-23T14:53:47.190Z","level":"LOG","message":"GET PRODUCTS QUERY: {\"is_weekly_deal\":\"true\"}"}
{"timestamp":"2026-06-23T14:53:59.987Z","level":"LOG","message":"GET PRODUCTS QUERY: {\"is_weekly_deal\":\"true\"}"}
{"timestamp":"2026-06-23T14:54:09.814Z","level":"LOG","message":"GET PRODUCTS QUERY: {\"is_limited_offer\":\"true\",\"limit\":\"7\"}"}
{"timestamp":"2026-06-23T14:54:09.838Z","level":"LOG","message":"GET PRODUCTS QUERY: {\"is_weekly_deal\":\"true\"}"}
{"timestamp":"2026-06-23T14:54:38.192Z","level":"LOG","message":"GET PRODUCTS QUERY: {\"is_weekly_deal\":\"true\"}"}
{"timestamp":"2026-06-23T14:54:43.029Z","level":"LOG","message":"CREATE PRODUCT BODY: {\"name\":\"Stainless Steel Wall Cabinet\",\"name_ar\":\"\",\"model\":\"\",\"youtube_video_links\":[\"\"],\"featured_video_index\":0,\"description\":\"Stainless Steel Wall Cabinet\\n\\nDouble Doors.\\nMiddle Shelf.\\nStainless Steel Construction.\\nConstruction: Scotch-Brite Finish 18/10 AISI 304.\\nDimensions: 1000 x 400 x 650 mm.\\nMariot Made / UAE.\\n\",\"description_ar\":\"\",\"short_description\":\"Mariot Made stainless steel wall cabinet with double doors and middle shelf, designed for professional kitchens, prep areas, hotels, restaurants, and commercial use. Made from AISI 304 18/10 stainless steel with Scotch-Brite finish for durability, hygiene, corrosion resistance, and easy cleaning. Features strong stainless steel construction, practical storage space, 1000 x 400 x 650 mm dimensions, and UAE-built quality for daily commercial kitchen use.\\n\",\"short_description_ar\":\"\",\"specifications\":\"\",\"specifications_ar\":\"\",\"price\":\"\",\"discount_percentage\":\"0\",\"offer_price\":\"\",\"stock_quantity\":\"\",\"category_id\":\"149\",\"sub_category_id\":\"\",\"sub_sub_category_id\":\"\",\"brand_id\":\"3\",\"product_group\":\"\",\"sub_category\":\"\",\"image_url\":\"https://api.mariotstore.com/uploads/1782226419825-985075495.webp\",\"additional_images\":[\"\",\"\",\"\"],\"is_weekly_deal\":false,\"is_limited_offer\":false,\"is_featured\":false,\"is_daily_offer\":false,\"is_best_seller\":false,\"resources\":\"[]\",\"status\":\"active\",\"offer_start\":\"\",\"offer_end\":\"\",\"track_inventory\":false,\"delivery_charge\":0,\"warranty\":\"\",\"warranty_ar\":\"\",\"images\":[\"https://api.mariotstore.com/uploads/1782226419825-985075495.webp\"],\"youtube_video_link\":\"{\\\"links\\\":[\\\"\\\"],\\\"featuredIndex\\\":0}\",\"frequently_bought_together\":null,\"you_may_also_need\":null,\"free_gift_product_ids\":null,\"compare_config\":null,\"options\":[],\"variants\":[],\"is_customizable\":false,\"custom_dimensions\":[],\"base_dimensions\":{},\"size_tiers\":[]}"}
{"timestamp":"2026-06-23T14:54:43.239Z","level":"LOG","message":"GET PRODUCTS QUERY: {\"page\":\"1\",\"limit\":\"10\",\"status\":\"all\",\"stockStatus\":\"all\",\"t\":\"1782226482924\"}"}
{"timestamp":"2026-06-23T14:54:49.308Z","level":"LOG","message":"[ABANDONED CART] 🔍 Scanning for abandoned carts..."}
{"timestamp":"2026-06-23T14:54:49.309Z","level":"LOG","message":"[ABANDONED CART] ✅ Scan complete. Sent 0 reminder(s)."}
{"timestamp":"2026-06-23T14:55:00.036Z","level":"LOG","message":"GET PRODUCTS QUERY: {\"is_weekly_deal\":\"true\"}"}
{"timestamp":"2026-06-23T14:55:08.168Z","level":"LOG","message":"GET PRODUCTS QUERY: {\"is_weekly_deal\":\"true\"}"}
{"timestamp":"2026-06-23T14:55:47.422Z","level":"LOG","message":"GET PRODUCTS QUERY: {\"is_weekly_deal\":\"true\"}"}
{"timestamp":"2026-06-23T14:55:59.997Z","level":"LOG","message":"GET PRODUCTS QUERY: {\"is_weekly_deal\":\"true\"}"}
{"timestamp":"2026-06-23T14:56:47.389Z","level":"LOG","message":"GET PRODUCTS QUERY: {\"is_weekly_deal\":\"true\"}"}
{"timestamp":"2026-06-23T14:57:00.021Z","level":"LOG","message":"GET PRODUCTS QUERY: {\"is_weekly_deal\":\"true\"}"}
{"timestamp":"2026-06-23T14:57:13.674Z","level":"ERROR","message":"Image processing error: Error: Cannot use same file for input and output\n    at Sharp.toFile (/home/u650716787/domains/api.mariotstore.com/nodejs/node_modules/sharp/lib/output.js:78:11)\n    at exports.uploadImage (/home/u650716787/domains/api.mariotstore.com/nodejs/controllers/upload.controller.js:39:61)\n    at Layer.handleRequest (/home/u650716787/domains/api.mariotstore.com/nodejs/node_modules/router/lib/layer.js:152:17)\n    at next (/home/u650716787/domains/api.mariotstore.com/nodejs/node_modules/router/lib/route.js:157:13)\n    at done (/home/u650716787/domains/api.mariotstore.com/nodejs/node_modules/multer/lib/make-middleware.js:69:7)\n    at indicateDone (/home/u650716787/domains/api.mariotstore.com/nodejs/node_modules/multer/lib/make-middleware.js:73:68)\n    at /home/u650716787/domains/api.mariotstore.com/nodejs/node_modules/multer/lib/make-middleware.js:232:11\n    at WriteStream.<anonymous> (/home/u650716787/domains/api.mariotstore.com/nodejs/node_modules/multer/storage/disk.js:42:9)\n    at WriteStream.emit (node:events:530:35)\n    at finish (node:internal/streams/writable:955:10)\n    at node:internal/streams/writable:936:13\n    at process.processTicksAndRejections (node:internal/process/task_queues:90:21)"}
{"timestamp":"2026-06-23T14:57:20.705Z","level":"LOG","message":"GET PRODUCTS QUERY: {\"page\":\"1\",\"limit\":\"10\",\"status\":\"all\",\"stockStatus\":\"all\",\"t\":\"1782226640383\"}"}
{"timestamp":"2026-06-23T14:57:40.707Z","level":"LOG","message":"GET PRODUCTS QUERY: {\"page\":\"1\",\"limit\":\"10\",\"status\":\"all\",\"stockStatus\":\"all\",\"t\":\"1782226660392\"}"}
{"timestamp":"2026-06-23T14:57:47.181Z","level":"LOG","message":"GET PRODUCTS QUERY: {\"is_weekly_deal\":\"true\"}"}
{"timestamp":"2026-06-23T14:57:59.980Z","level":"LOG","message":"GET PRODUCTS QUERY: {\"is_weekly_deal\":\"true\"}"}
{"timestamp":"2026-06-23T14:58:47.388Z","level":"LOG","message":"GET PRODUCTS QUERY: {\"is_weekly_deal\":\"true\"}"}
{"timestamp":"2026-06-23T14:59:00.016Z","level":"LOG","message":"GET PRODUCTS QUERY: {\"is_weekly_deal\":\"true\"}"}
{"timestamp":"2026-06-23T14:59:47.411Z","level":"LOG","message":"GET PRODUCTS QUERY: {\"is_weekly_deal\":\"true\"}"}
{"timestamp":"2026-06-23T14:59:59.964Z","level":"LOG","message":"GET PRODUCTS QUERY: {\"is_weekly_deal\":\"true\"}"}
{"timestamp":"2026-06-23T15:00:47.422Z","level":"LOG","message":"GET PRODUCTS QUERY: {\"is_weekly_deal\":\"true\"}"}
{"timestamp":"2026-06-23T15:01:00.027Z","level":"LOG","message":"GET PRODUCTS QUERY: {\"is_weekly_deal\":\"true\"}"}
{"timestamp":"2026-06-23T15:01:47.400Z","level":"LOG","message":"GET PRODUCTS QUERY: {\"is_weekly_deal\":\"true\"}"}
{"timestamp":"2026-06-23T15:02:00.020Z","level":"LOG","message":"GET PRODUCTS QUERY: {\"is_weekly_deal\":\"true\"}"}
{"timestamp":"2026-06-23T15:02:37.060Z","level":"ERROR","message":"Image processing error: Error: Cannot use same file for input and output\n    at Sharp.toFile (/home/u650716787/domains/api.mariotstore.com/nodejs/node_modules/sharp/lib/output.js:78:11)\n    at exports.uploadImage (/home/u650716787/domains/api.mariotstore.com/nodejs/controllers/upload.controller.js:39:61)\n    at Layer.handleRequest (/home/u650716787/domains/api.mariotstore.com/nodejs/node_modules/router/lib/layer.js:152:17)\n    at next (/home/u650716787/domains/api.mariotstore.com/nodejs/node_modules/router/lib/route.js:157:13)\n    at done (/home/u650716787/domains/api.mariotstore.com/nodejs/node_modules/multer/lib/make-middleware.js:69:7)\n    at indicateDone (/home/u650716787/domains/api.mariotstore.com/nodejs/node_modules/multer/lib/make-middleware.js:73:68)\n    at /home/u650716787/domains/api.mariotstore.com/nodejs/node_modules/multer/lib/make-middleware.js:232:11\n    at WriteStream.<anonymous> (/home/u650716787/domains/api.mariotstore.com/nodejs/node_modules/multer/storage/disk.js:42:9)\n    at WriteStream.emit (node:events:530:35)\n    at finish (node:internal/streams/writable:955:10)\n    at node:internal/streams/writable:936:13\n    at process.processTicksAndRejections (node:internal/process/task_queues:90:21)"}
{"timestamp":"2026-06-23T15:02:38.536Z","level":"LOG","message":"CREATE PRODUCT BODY: {\"name\":\"Stainless Steel Wall Cabinet\",\"name_ar\":\"\",\"model\":\"\",\"youtube_video_links\":[\"\"],\"featured_video_index\":0,\"description\":\"Stainless Steel Wall Cabinet\\n\\nTriple Doors.\\nMiddle Shelf.\\nStainless Steel Construction.\\nConstruction: Scotch-Brite Finish 18/10 AISI 304.\\nMariot Made / UAE.\\n\",\"description_ar\":\"\",\"short_description\":\"Mariot Made stainless steel wall cabinet with triple doors and middle shelf, designed for professional kitchens, prep areas, hotels, restaurants, and commercial use. Made from AISI 304 18/10 stainless steel with Scotch-Brite finish for durability, hygiene, corrosion resistance, and easy cleaning. Features strong stainless steel construction, wide storage space, triple-door access, 1400 x 400 x 650 mm dimensions, and UAE-built quality for commercial kitchen use.\\n\",\"short_description_ar\":\"\",\"specifications\":\"\",\"specifications_ar\":\"\",\"price\":\"\",\"discount_percentage\":\"0\",\"offer_price\":\"\",\"stock_quantity\":\"\",\"category_id\":\"145\",\"sub_category_id\":\"164\",\"sub_sub_category_id\":\"\",\"brand_id\":\"39\",\"product_group\":\"Cabinet\",\"sub_category\":\"\",\"image_url\":\"https://api.mariotstore.com/uploads/1782226957059-366274814.webp\",\"additional_images\":[\"\",\"\",\"\"],\"is_weekly_deal\":false,\"is_limited_offer\":false,\"is_featured\":true,\"is_daily_offer\":false,\"is_best_seller\":false,\"resources\":\"[]\",\"status\":\"active\",\"offer_start\":\"\",\"offer_end\":\"\",\"track_inventory\":false,\"delivery_charge\":0,\"warranty\":\"\",\"warranty_ar\":\"\",\"images\":[\"https://api.mariotstore.com/uploads/1782226957059-366274814.webp\"],\"youtube_video_link\":\"{\\\"links\\\":[\\\"\\\"],\\\"featuredIndex\\\":0}\",\"frequently_bought_together\":null,\"you_may_also_need\":null,\"free_gift_product_ids\":null,\"compare_config\":null,\"options\":[],\"variants\":[],\"is_customizable\":false,\"custom_dimensions\":[],\"base_dimensions\":{},\"size_tiers\":[]}"}
{"timestamp":"2026-06-23T15:02:38.749Z","level":"LOG","message":"GET PRODUCTS QUERY: {\"page\":\"1\",\"limit\":\"10\",\"status\":\"all\",\"stockStatus\":\"all\",\"t\":\"1782226958462\"}"}
{"timestamp":"2026-06-23T15:02:47.180Z","level":"LOG","message":"GET PRODUCTS QUERY: {\"is_weekly_deal\":\"true\"}"}
{"timestamp":"2026-06-23T15:02:59.983Z","level":"LOG","message":"GET PRODUCTS QUERY: {\"is_weekly_deal\":\"true\"}"}
{"timestamp":"2026-06-23T15:03:47.557Z","level":"LOG","message":"GET PRODUCTS QUERY: {\"is_weekly_deal\":\"true\"}"}
{"timestamp":"2026-06-23T15:03:59.985Z","level":"LOG","message":"GET PRODUCTS QUERY: {\"is_weekly_deal\":\"true\"}"}
{"timestamp":"2026-06-23T15:04:47.365Z","level":"LOG","message":"GET PRODUCTS QUERY: {\"is_weekly_deal\":\"true\"}"}
{"timestamp":"2026-06-23T15:04:59.983Z","level":"LOG","message":"GET PRODUCTS QUERY: {\"is_weekly_deal\":\"true\"}"}
{"timestamp":"2026-06-23T15:05:47.442Z","level":"LOG","message":"GET PRODUCTS QUERY: {\"is_weekly_deal\":\"true\"}"}
{"timestamp":"2026-06-23T15:05:59.994Z","level":"LOG","message":"GET PRODUCTS QUERY: {\"is_weekly_deal\":\"true\"}"}
{"timestamp":"2026-06-23T15:06:48.936Z","level":"LOG","message":"GET PRODUCTS QUERY: {\"is_weekly_deal\":\"true\"}"}
{"timestamp":"2026-06-23T15:07:00.025Z","level":"LOG","message":"GET PRODUCTS QUERY: {\"is_weekly_deal\":\"true\"}"}
{"timestamp":"2026-06-23T15:07:47.415Z","level":"LOG","message":"GET PRODUCTS QUERY: {\"is_weekly_deal\":\"true\"}"}
{"timestamp":"2026-06-23T15:08:00.302Z","level":"LOG","message":"GET PRODUCTS QUERY: {\"is_weekly_deal\":\"true\"}"}
{"timestamp":"2026-06-23T15:08:47.760Z","level":"LOG","message":"GET PRODUCTS QUERY: {\"is_weekly_deal\":\"true\"}"}
{"timestamp":"2026-06-23T15:09:00.013Z","level":"LOG","message":"GET PRODUCTS QUERY: {\"is_weekly_deal\":\"true\"}"}
{"timestamp":"2026-06-23T15:09:47.398Z","level":"LOG","message":"GET PRODUCTS QUERY: {\"is_weekly_deal\":\"true\"}"}
{"timestamp":"2026-06-23T15:09:59.993Z","level":"LOG","message":"GET PRODUCTS QUERY: {\"is_weekly_deal\":\"true\"}"}
{"timestamp":"2026-06-23T15:10:40.081Z","level":"LOG","message":"GET PRODUCTS QUERY: {\"is_weekly_deal\":\"true\"}"}
{"timestamp":"2026-06-23T15:10:40.087Z","level":"LOG","message":"GET PRODUCTS QUERY: {\"is_limited_offer\":\"true\",\"limit\":\"7\"}"}
{"timestamp":"2026-06-23T15:10:43.966Z","level":"ERROR","message":"Image processing error: Error: Cannot use same file for input and output\n    at Sharp.toFile (/home/u650716787/domains/api.mariotstore.com/nodejs/node_modules/sharp/lib/output.js:78:11)\n    at exports.uploadImage (/home/u650716787/domains/api.mariotstore.com/nodejs/controllers/upload.controller.js:39:61)\n    at Layer.handleRequest (/home/u650716787/domains/api.mariotstore.com/nodejs/node_modules/router/lib/layer.js:152:17)\n    at next (/home/u650716787/domains/api.mariotstore.com/nodejs/node_modules/router/lib/route.js:157:13)\n    at done (/home/u650716787/domains/api.mariotstore.com/nodejs/node_modules/multer/lib/make-middleware.js:69:7)\n    at indicateDone (/home/u650716787/domains/api.mariotstore.com/nodejs/node_modules/multer/lib/make-middleware.js:73:68)\n    at /home/u650716787/domains/api.mariotstore.com/nodejs/node_modules/multer/lib/make-middleware.js:232:11\n    at WriteStream.<anonymous> (/home/u650716787/domains/api.mariotstore.com/nodejs/node_modules/multer/storage/disk.js:42:9)\n    at WriteStream.emit (node:events:530:35)\n    at finish (node:internal/streams/writable:955:10)\n    at node:internal/streams/writable:936:13\n    at process.processTicksAndRejections (node:internal/process/task_queues:90:21)"}
{"timestamp":"2026-06-23T15:11:00.038Z","level":"LOG","message":"GET PRODUCTS QUERY: {\"is_weekly_deal\":\"true\"}"}
{"timestamp":"2026-06-23T15:11:08.176Z","level":"LOG","message":"GET PRODUCTS QUERY: {\"is_weekly_deal\":\"true\"}"}
{"timestamp":"2026-06-23T15:11:20.690Z","level":"LOG","message":"CREATE PRODUCT BODY: {\"name\":\"Stainless Steel Wall Cabinet\",\"name_ar\":\"\",\"model\":\"\",\"youtube_video_links\":[\"\"],\"featured_video_index\":0,\"description\":\"Stainless Steel Wall Cabinet\\n\\nSliding Doors.\\nMiddle Shelf.\\nStainless Steel Construction.\\nConstruction: Scotch-Brite Finish 18/10 AISI 304.\\nMariot Made / UAE.\\n\",\"description_ar\":\"\",\"short_description\":\"\",\"short_description_ar\":\"\",\"specifications\":\"\",\"specifications_ar\":\"\",\"price\":\"\",\"discount_percentage\":\"0\",\"offer_price\":\"\",\"stock_quantity\":\"\",\"category_id\":\"145\",\"sub_category_id\":\"164\",\"sub_sub_category_id\":\"\",\"brand_id\":\"39\",\"product_group\":\"Cabinet\",\"sub_category\":\"\",\"image_url\":\"https://api.mariotstore.com/uploads/1782227443965-834248422.webp\",\"additional_images\":[\"\",\"\",\"\"],\"is_weekly_deal\":false,\"is_limited_offer\":false,\"is_featured\":true,\"is_daily_offer\":false,\"is_best_seller\":false,\"resources\":\"[]\",\"status\":\"active\",\"offer_start\":\"\",\"offer_end\":\"\",\"track_inventory\":false,\"delivery_charge\":0,\"warranty\":\"\",\"warranty_ar\":\"\",\"images\":[\"https://api.mariotstore.com/uploads/1782227443965-834248422.webp\"],\"youtube_video_link\":\"{\\\"links\\\":[\\\"\\\"],\\\"featuredIndex\\\":0}\",\"frequently_bought_together\":null,\"you_may_also_need\":null,\"free_gift_product_ids\":null,\"compare_config\":null,\"options\":[],\"variants\":[],\"is_customizable\":false,\"custom_dimensions\":[],\"base_dimensions\":{},\"size_tiers\":[]}"}
{"timestamp":"2026-06-23T15:11:20.893Z","level":"LOG","message":"GET PRODUCTS QUERY: {\"page\":\"1\",\"limit\":\"10\",\"status\":\"all\",\"stockStatus\":\"all\",\"t\":\"1782227480623\"}"}
{"timestamp":"2026-06-23T15:11:38.192Z","level":"LOG","message":"GET PRODUCTS QUERY: {\"is_weekly_deal\":\"true\"}"}
{"timestamp":"2026-06-23T15:12:00.019Z","level":"LOG","message":"GET PRODUCTS QUERY: {\"is_weekly_deal\":\"true\"}"}
{"timestamp":"2026-06-23T15:12:47.399Z","level":"LOG","message":"GET PRODUCTS QUERY: {\"is_weekly_deal\":\"true\"}"}
{"timestamp":"2026-06-23T15:13:00.033Z","level":"LOG","message":"GET PRODUCTS QUERY: {\"is_weekly_deal\":\"true\"}"}
{"timestamp":"2026-06-23T15:13:28.135Z","level":"LOG","message":"GET PRODUCTS QUERY: {\"is_limited_offer\":\"true\",\"limit\":\"7\"}"}
{"timestamp":"2026-06-23T15:13:28.137Z","level":"LOG","message":"GET PRODUCTS QUERY: {\"is_weekly_deal\":\"true\"}"}
{"timestamp":"2026-06-23T15:13:38.199Z","level":"LOG","message":"GET PRODUCTS QUERY: {\"is_weekly_deal\":\"true\"}"}
{"timestamp":"2026-06-23T15:13:45.373Z","level":"ERROR","message":"Image processing error: Error: Cannot use same file for input and output\n    at Sharp.toFile (/home/u650716787/domains/api.mariotstore.com/nodejs/node_modules/sharp/lib/output.js:78:11)\n    at exports.uploadImage (/home/u650716787/domains/api.mariotstore.com/nodejs/controllers/upload.controller.js:39:61)\n    at Layer.handleRequest (/home/u650716787/domains/api.mariotstore.com/nodejs/node_modules/router/lib/layer.js:152:17)\n    at next (/home/u650716787/domains/api.mariotstore.com/nodejs/node_modules/router/lib/route.js:157:13)\n    at done (/home/u650716787/domains/api.mariotstore.com/nodejs/node_modules/multer/lib/make-middleware.js:69:7)\n    at indicateDone (/home/u650716787/domains/api.mariotstore.com/nodejs/node_modules/multer/lib/make-middleware.js:73:68)\n    at /home/u650716787/domains/api.mariotstore.com/nodejs/node_modules/multer/lib/make-middleware.js:232:11\n    at WriteStream.<anonymous> (/home/u650716787/domains/api.mariotstore.com/nodejs/node_modules/multer/storage/disk.js:42:9)\n    at WriteStream.emit (node:events:530:35)\n    at finish (node:internal/streams/writable:955:10)\n    at node:internal/streams/writable:936:13\n    at process.processTicksAndRejections (node:internal/process/task_queues:90:21)"}
{"timestamp":"2026-06-23T15:14:00.028Z","level":"LOG","message":"GET PRODUCTS QUERY: {\"is_weekly_deal\":\"true\"}"}
{"timestamp":"2026-06-23T15:14:08.185Z","level":"LOG","message":"GET PRODUCTS QUERY: {\"is_weekly_deal\":\"true\"}"}
{"timestamp":"2026-06-23T15:14:47.424Z","level":"LOG","message":"GET PRODUCTS QUERY: {\"is_weekly_deal\":\"true\"}"}
{"timestamp":"2026-06-23T15:15:00.025Z","level":"LOG","message":"GET PRODUCTS QUERY: {\"is_weekly_deal\":\"true\"}"}
{"timestamp":"2026-06-23T15:15:47.380Z","level":"LOG","message":"GET PRODUCTS QUERY: {\"is_weekly_deal\":\"true\"}"}
{"timestamp":"2026-06-23T15:15:59.985Z","level":"LOG","message":"GET PRODUCTS QUERY: {\"is_weekly_deal\":\"true\"}"}
{"timestamp":"2026-06-23T15:16:03.830Z","level":"LOG","message":"CREATE PRODUCT BODY: {\"name\":\"Stainless Steel Corner Base Cabinet\",\"name_ar\":\"\",\"model\":\"\",\"youtube_video_links\":[\"\"],\"featured_video_index\":0,\"description\":\"Stainless Steel Corner Base Cabinet\\n\\nOne Door.\\nMiddle Shelf.\\nRear Backsplash: 100 mm.\\nLeg: 40 mm Round / 1.5 mm Thickness.\\nConstruction: Scotch-Brite Finish 18/10 AISI 304.\\nMariot Made / UAE.\\n\",\"description_ar\":\"\",\"short_description\":\"Mariot Made stainless steel corner base cabinet with one door, middle shelf, and 100 mm rear backsplash, designed for professional kitchens, prep areas, hotels, restaurants, and commercial use. Made from AISI 304 18/10 stainless steel with Scotch-Brite finish for durability, hygiene, corrosion resistance, and easy cleaning. Features 40 mm round legs, 1.5 mm thickness, and UAE-built quality for commercial kitchen use.\\n\",\"short_description_ar\":\"\",\"specifications\":\"\",\"specifications_ar\":\"\",\"price\":\"\",\"discount_percentage\":\"0\",\"offer_price\":\"\",\"stock_quantity\":\"\",\"category_id\":\"145\",\"sub_category_id\":\"164\",\"sub_sub_category_id\":\"\",\"brand_id\":\"39\",\"product_group\":\"Cabinet\",\"sub_category\":\"\",\"image_url\":\"https://api.mariotstore.com/uploads/1782227625372-311758611.webp\",\"additional_images\":[\"\",\"\",\"\"],\"is_weekly_deal\":false,\"is_limited_offer\":false,\"is_featured\":true,\"is_daily_offer\":false,\"is_best_seller\":false,\"resources\":\"[]\",\"status\":\"active\",\"offer_start\":\"\",\"offer_end\":\"\",\"track_inventory\":false,\"delivery_charge\":0,\"warranty\":\"\",\"warranty_ar\":\"\",\"images\":[\"https://api.mariotstore.com/uploads/1782227625372-311758611.webp\"],\"youtube_video_link\":\"{\\\"links\\\":[\\\"\\\"],\\\"featuredIndex\\\":0}\",\"frequently_bought_together\":null,\"you_may_also_need\":null,\"free_gift_product_ids\":null,\"compare_config\":null,\"options\":[],\"variants\":[],\"is_customizable\":false,\"custom_dimensions\":[],\"base_dimensions\":{},\"size_tiers\":[]}"}
{"timestamp":"2026-06-23T15:16:04.139Z","level":"LOG","message":"GET PRODUCTS QUERY: {\"page\":\"1\",\"limit\":\"10\",\"status\":\"all\",\"stockStatus\":\"all\",\"t\":\"1782227763785\"}"}
{"timestamp":"2026-06-23T15:16:47.408Z","level":"LOG","message":"GET PRODUCTS QUERY: {\"is_limited_offer\":\"true\",\"limit\":\"7\"}"}
{"timestamp":"2026-06-23T15:16:47.410Z","level":"LOG","message":"GET PRODUCTS QUERY: {\"is_weekly_deal\":\"true\"}"}
{"timestamp":"2026-06-23T15:17:00.033Z","level":"LOG","message":"GET PRODUCTS QUERY: {\"is_weekly_deal\":\"true\"}"}
{"timestamp":"2026-06-23T15:17:04.421Z","level":"LOG","message":"GET PRODUCTS QUERY: {\"is_limited_offer\":\"true\",\"limit\":\"7\"}"}
{"timestamp":"2026-06-23T15:17:05.280Z","level":"LOG","message":"GET PRODUCTS QUERY: {\"is_limited_offer\":\"true\",\"limit\":\"7\"}"}
{"timestamp":"2026-06-23T15:17:08.183Z","level":"LOG","message":"GET PRODUCTS QUERY: {\"is_weekly_deal\":\"true\"}"}
{"timestamp":"2026-06-23T15:17:38.420Z","level":"LOG","message":"GET PRODUCTS QUERY: {\"is_weekly_deal\":\"true\"}"}
{"timestamp":"2026-06-23T15:17:59.985Z","level":"LOG","message":"GET PRODUCTS QUERY: {\"is_weekly_deal\":\"true\"}"}
{"timestamp":"2026-06-23T15:18:47.406Z","level":"LOG","message":"GET PRODUCTS QUERY: {\"is_weekly_deal\":\"true\"}"}
{"timestamp":"2026-06-23T15:19:00.020Z","level":"LOG","message":"GET PRODUCTS QUERY: {\"is_weekly_deal\":\"true\"}"}
{"timestamp":"2026-06-23T15:19:18.761Z","level":"ERROR","message":"Image processing error: Error: Cannot use same file for input and output\n    at Sharp.toFile (/home/u650716787/domains/api.mariotstore.com/nodejs/node_modules/sharp/lib/output.js:78:11)\n    at exports.uploadImage (/home/u650716787/domains/api.mariotstore.com/nodejs/controllers/upload.controller.js:39:61)\n    at Layer.handleRequest (/home/u650716787/domains/api.mariotstore.com/nodejs/node_modules/router/lib/layer.js:152:17)\n    at next (/home/u650716787/domains/api.mariotstore.com/nodejs/node_modules/router/lib/route.js:157:13)\n    at done (/home/u650716787/domains/api.mariotstore.com/nodejs/node_modules/multer/lib/make-middleware.js:69:7)\n    at indicateDone (/home/u650716787/domains/api.mariotstore.com/nodejs/node_modules/multer/lib/make-middleware.js:73:68)\n    at /home/u650716787/domains/api.mariotstore.com/nodejs/node_modules/multer/lib/make-middleware.js:232:11\n    at WriteStream.<anonymous> (/home/u650716787/domains/api.mariotstore.com/nodejs/node_modules/multer/storage/disk.js:42:9)\n    at WriteStream.emit (node:events:530:35)\n    at finish (node:internal/streams/writable:955:10)\n    at node:internal/streams/writable:936:13\n    at process.processTicksAndRejections (node:internal/process/task_queues:90:21)"}
{"timestamp":"2026-06-23T15:19:31.292Z","level":"LOG","message":"CREATE PRODUCT BODY: {\"name\":\"Stainless Steel Base Cabinet\",\"name_ar\":\"\",\"model\":\"\",\"youtube_video_links\":[\"\"],\"featured_video_index\":0,\"description\":\"Stainless Steel Base Cabinet\\n\\nRear Backsplash: 100 mm.\\nSliding Doors.\\nMiddle Shelf.\\nLeg: 40 mm Round / 1.5 mm Thickness.\\nStainless Steel Construction.\\nConstruction: Scotch-Brite Finish 18/10 AISI 304.\\nMariot Made / UAE.\",\"description_ar\":\"\",\"short_description\":\"Mariot Made stainless steel base cabinet with sliding doors, middle shelf, and 100 mm rear backsplash, designed for professional kitchens, prep areas, hotels, restaurants, and commercial use. Made from AISI 304 18/10 stainless steel with Scotch-Brite finish for durability, hygiene, corrosion resistance, and easy cleaning. Features 40 mm round legs, 1.5 mm thickness, stainless steel construction, practical storage, and UAE-built quality for commercial kitchen use.\\n\",\"short_description_ar\":\"\",\"specifications\":\"\",\"specifications_ar\":\"\",\"price\":\"\",\"discount_percentage\":\"0\",\"offer_price\":\"\",\"stock_quantity\":\"\",\"category_id\":\"145\",\"sub_category_id\":\"164\",\"sub_sub_category_id\":\"\",\"brand_id\":\"39\",\"product_group\":\"Cabinet\",\"sub_category\":\"\",\"image_url\":\"https://api.mariotstore.com/uploads/1782227958761-810953061.webp\",\"additional_images\":[\"\",\"\",\"\"],\"is_weekly_deal\":false,\"is_limited_offer\":false,\"is_featured\":true,\"is_daily_offer\":false,\"is_best_seller\":false,\"resources\":\"[]\",\"status\":\"active\",\"offer_start\":\"\",\"offer_end\":\"\",\"track_inventory\":false,\"delivery_charge\":0,\"warranty\":\"\",\"warranty_ar\":\"\",\"images\":[\"https://api.mariotstore.com/uploads/1782227958761-810953061.webp\"],\"youtube_video_link\":\"{\\\"links\\\":[\\\"\\\"],\\\"featuredIndex\\\":0}\",\"frequently_bought_together\":null,\"you_may_also_need\":null,\"free_gift_product_ids\":null,\"compare_config\":null,\"options\":[],\"variants\":[],\"is_customizable\":false,\"custom_dimensions\":[],\"base_dimensions\":{},\"size_tiers\":[]}"}
{"timestamp":"2026-06-23T15:19:31.512Z","level":"LOG","message":"GET PRODUCTS QUERY: {\"page\":\"1\",\"limit\":\"10\",\"status\":\"all\",\"stockStatus\":\"all\",\"t\":\"1782227971245\"}"}
{"timestamp":"2026-06-23T15:19:47.211Z","level":"LOG","message":"GET PRODUCTS QUERY: {\"is_weekly_deal\":\"true\"}"}
{"timestamp":"2026-06-23T15:20:00.018Z","level":"LOG","message":"GET PRODUCTS QUERY: {\"is_weekly_deal\":\"true\"}"}
{"timestamp":"2026-06-23T15:20:47.430Z","level":"LOG","message":"GET PRODUCTS QUERY: {\"is_weekly_deal\":\"true\"}"}
{"timestamp":"2026-06-23T15:21:00.025Z","level":"LOG","message":"GET PRODUCTS QUERY: {\"is_weekly_deal\":\"true\"}"}
{"timestamp":"2026-06-23T15:21:47.360Z","level":"LOG","message":"GET PRODUCTS QUERY: {\"is_weekly_deal\":\"true\"}"}
{"timestamp":"2026-06-23T15:21:59.992Z","level":"LOG","message":"GET PRODUCTS QUERY: {\"is_weekly_deal\":\"true\"}"}
{"timestamp":"2026-06-23T15:22:47.485Z","level":"LOG","message":"GET PRODUCTS QUERY: {\"is_weekly_deal\":\"true\"}"}
{"timestamp":"2026-06-23T15:23:00.015Z","level":"LOG","message":"GET PRODUCTS QUERY: {\"is_weekly_deal\":\"true\"}"}
{"timestamp":"2026-06-23T15:23:47.378Z","level":"LOG","message":"GET PRODUCTS QUERY: {\"is_weekly_deal\":\"true\"}"}
{"timestamp":"2026-06-23T15:24:00.001Z","level":"LOG","message":"GET PRODUCTS QUERY: {\"is_weekly_deal\":\"true\"}"}
{"timestamp":"2026-06-23T15:24:32.259Z","level":"ERROR","message":"Image processing error: Error: Cannot use same file for input and output\n    at Sharp.toFile (/home/u650716787/domains/api.mariotstore.com/nodejs/node_modules/sharp/lib/output.js:78:11)\n    at exports.uploadImage (/home/u650716787/domains/api.mariotstore.com/nodejs/controllers/upload.controller.js:39:61)\n    at Layer.handleRequest (/home/u650716787/domains/api.mariotstore.com/nodejs/node_modules/router/lib/layer.js:152:17)\n    at next (/home/u650716787/domains/api.mariotstore.com/nodejs/node_modules/router/lib/route.js:157:13)\n    at done (/home/u650716787/domains/api.mariotstore.com/nodejs/node_modules/multer/lib/make-middleware.js:69:7)\n    at indicateDone (/home/u650716787/domains/api.mariotstore.com/nodejs/node_modules/multer/lib/make-middleware.js:73:68)\n    at /home/u650716787/domains/api.mariotstore.com/nodejs/node_modules/multer/lib/make-middleware.js:232:11\n    at WriteStream.<anonymous> (/home/u650716787/domains/api.mariotstore.com/nodejs/node_modules/multer/storage/disk.js:42:9)\n    at WriteStream.emit (node:events:530:35)\n    at finish (node:internal/streams/writable:955:10)\n    at node:internal/streams/writable:936:13\n    at process.processTicksAndRejections (node:internal/process/task_queues:90:21)"}
{"timestamp":"2026-06-23T15:24:33.857Z","level":"LOG","message":"CREATE PRODUCT BODY: {\"name\":\"\",\"name_ar\":\"\",\"model\":\"\",\"youtube_video_links\":[\"\"],\"featured_video_index\":0,\"description\":\"Stainless Steel Base Cabinet\\n\\nSliding Doors With Front And Back Opening.\\nMiddle Shelf.\\nLeg: 40 mm Round / 1.5 mm Thickness.\\nStainless Steel Construction.\\nConstruction: Scotch-Brite Finish 18/10 AISI 304.\\nMariot Made / UAE.\\n\",\"description_ar\":\"\",\"short_description\":\"Mariot Made stainless steel base cabinet with sliding doors, front and back opening, and middle shelf, designed for professional kitchens, prep areas, hotels, restaurants, and commercial use. Made from AISI 304 18/10 stainless steel with Scotch-Brite finish for durability, hygiene, corrosion resistance, and easy cleaning. Features 40 mm round legs, 1.5 mm thickness, practical storage, and UAE-built quality for commercial kitchen use.\\n\",\"short_description_ar\":\"\",\"specifications\":\"\",\"specifications_ar\":\"\",\"price\":\"\",\"discount_percentage\":\"0\",\"offer_price\":\"\",\"stock_quantity\":\"\",\"category_id\":\"145\",\"sub_category_id\":\"164\",\"sub_sub_category_id\":\"\",\"brand_id\":\"39\",\"product_group\":\"Cabinet\",\"sub_category\":\"\",\"image_url\":\"https://api.mariotstore.com/uploads/1782228272258-334862928.webp\",\"additional_images\":[\"\",\"\",\"\"],\"is_weekly_deal\":false,\"is_limited_offer\":false,\"is_featured\":true,\"is_daily_offer\":false,\"is_best_seller\":false,\"resources\":\"[]\",\"status\":\"active\",\"offer_start\":\"\",\"offer_end\":\"\",\"track_inventory\":false,\"delivery_charge\":0,\"warranty\":\"\",\"warranty_ar\":\"\",\"images\":[\"https://api.mariotstore.com/uploads/1782228272258-334862928.webp\"],\"youtube_video_link\":\"{\\\"links\\\":[\\\"\\\"],\\\"featuredIndex\\\":0}\",\"frequently_bought_together\":null,\"you_may_also_need\":null,\"free_gift_product_ids\":null,\"compare_config\":null,\"options\":[],\"variants\":[],\"is_customizable\":false,\"custom_dimensions\":[],\"base_dimensions\":{},\"size_tiers\":[]}"}
{"timestamp":"2026-06-23T15:24:34.071Z","level":"LOG","message":"GET PRODUCTS QUERY: {\"page\":\"1\",\"limit\":\"10\",\"status\":\"all\",\"stockStatus\":\"all\",\"t\":\"1782228273817\"}"}
{"timestamp":"2026-06-23T15:24:47.181Z","level":"LOG","message":"GET PRODUCTS QUERY: {\"is_weekly_deal\":\"true\"}"}
{"timestamp":"2026-06-23T15:24:49.308Z","level":"LOG","message":"[ABANDONED CART] 🔍 Scanning for abandoned carts..."}
{"timestamp":"2026-06-23T15:24:49.310Z","level":"LOG","message":"[ABANDONED CART] ✅ Scan complete. Sent 0 reminder(s)."}
{"timestamp":"2026-06-23T15:25:00.039Z","level":"LOG","message":"GET PRODUCTS QUERY: {\"is_weekly_deal\":\"true\"}"}
{"timestamp":"2026-06-23T15:25:47.561Z","level":"LOG","message":"[dotenv@17.2.4] injecting env (1) from .env -- tip: 🔐 encrypt with Dotenvx: https://dotenvx.com"}
{"timestamp":"2026-06-23T15:25:47.562Z","level":"LOG","message":"[BOOT] cwd = /home/u650716787/domains/api.mariotstore.com/nodejs"}
{"timestamp":"2026-06-23T15:25:47.562Z","level":"LOG","message":"[BOOT] DB_USER = \"u650716787_mariot_user\""}
{"timestamp":"2026-06-23T15:25:47.562Z","level":"LOG","message":"[BOOT] DB_PASSWORD present = true"}
{"timestamp":"2026-06-23T15:25:47.562Z","level":"LOG","message":"[BOOT] DB_NAME = \"u650716787_mariot_db\""}
{"timestamp":"2026-06-23T15:25:47.753Z","level":"LOG","message":"[dotenv@17.2.4] injecting env (0) from .env -- tip: ⚙️  write to custom object with { processEnv: myObject }"}
{"timestamp":"2026-06-23T15:25:47.995Z","level":"LOG","message":"[DEBUG] DB_HOST = \"localhost\""}
{"timestamp":"2026-06-23T15:25:47.995Z","level":"LOG","message":"[DEBUG] DB_USER = \"u650716787_mariot_user\""}
{"timestamp":"2026-06-23T15:25:47.995Z","level":"LOG","message":"[DEBUG] DB_PASSWORD present? true"}
{"timestamp":"2026-06-23T15:25:47.995Z","level":"LOG","message":"[DEBUG] DB_PASS present? false"}
{"timestamp":"2026-06-23T15:25:47.995Z","level":"LOG","message":"[DEBUG] DB_NAME = \"u650716787_mariot_db\""}
{"timestamp":"2026-06-23T15:25:48.653Z","level":"LOG","message":"[DB] Running initialization and migrations..."}
{"timestamp":"2026-06-23T15:25:48.658Z","level":"LOG","message":"[EMAIL] Resolved smtp.hostinger.com → 172.65.255.143 (IPv4)"}
{"timestamp":"2026-06-23T15:25:48.671Z","level":"ERROR","message":"Database connection failed: Access denied for user 'u650716787_mariot_user'@'::1' (using password: YES)"}
{"timestamp":"2026-06-23T15:25:48.673Z","level":"LOG","message":"[DB] contact_submissions table verified"}
{"timestamp":"2026-06-23T15:25:48.674Z","level":"LOG","message":"[DB] category_brands table verified"}
{"timestamp":"2026-06-23T15:25:48.674Z","level":"LOG","message":"[DB] reward_points_history table verified"}
{"timestamp":"2026-06-23T15:25:48.678Z","level":"LOG","message":"[DB] reward_points_history.transaction_type ENUM verified (reversed, refunded)"}
{"timestamp":"2026-06-23T15:25:48.678Z","level":"LOG","message":"[DB] staff role verified"}
{"timestamp":"2026-06-23T15:25:48.693Z","level":"LOG","message":"[DB] product variant tables verified"}
{"timestamp":"2026-06-23T15:25:48.702Z","level":"LOG","message":"[DB] signup_otps table verified"}
{"timestamp":"2026-06-23T15:25:48.702Z","level":"LOG","message":"[DB] invoices table verified"}
{"timestamp":"2026-06-23T15:25:48.703Z","level":"LOG","message":"[DB] staff_permissions table verified"}
{"timestamp":"2026-06-23T15:25:48.703Z","level":"LOG","message":"[DB] stock_notifications table verified"}
{"timestamp":"2026-06-23T15:25:48.703Z","level":"LOG","message":"[DB] settings table verified"}
{"timestamp":"2026-06-23T15:25:48.706Z","level":"LOG","message":"[EMAIL] SMTP_EMAIL: admin@mariotstore.com"}
{"timestamp":"2026-06-23T15:25:48.706Z","level":"LOG","message":"[EMAIL] SMTP_PASSWORD length: 17 chars"}
{"timestamp":"2026-06-23T15:25:48.709Z","level":"LOG","message":"[ABANDONED CART] 🚀 Cron job started (runs every 30 minutes)"}
{"timestamp":"2026-06-23T15:25:48.709Z","level":"LOG","message":"[POINTS STATEMENT] 🚀 Job started (fires monthly: 1st 10:00 Asia/Dubai, with a 2nd–3rd grace window)"}
{"timestamp":"2026-06-23T15:25:48.710Z","level":"LOG","message":"Server running in production mode on port 5000"}
{"timestamp":"2026-06-23T15:25:48.729Z","level":"LOG","message":"GET PRODUCTS QUERY: {\"is_weekly_deal\":\"true\"}"}
{"timestamp":"2026-06-23T15:25:49.614Z","level":"LOG","message":"[EMAIL] ✅ SMTP connection verified successfully"}
{"timestamp":"2026-06-23T15:26:00.000Z","level":"LOG","message":"GET PRODUCTS QUERY: {\"is_weekly_deal\":\"true\"}"}
{"timestamp":"2026-06-23T15:26:18.714Z","level":"LOG","message":"[ABANDONED CART] 🔍 Scanning for abandoned carts..."}
{"timestamp":"2026-06-23T15:26:18.716Z","level":"LOG","message":"[ABANDONED CART] ✅ Scan complete. Sent 0 reminder(s)."}
{"timestamp":"2026-06-23T15:26:47.370Z","level":"LOG","message":"GET PRODUCTS QUERY: {\"is_weekly_deal\":\"true\"}"}
{"timestamp":"2026-06-23T15:27:00.030Z","level":"LOG","message":"GET PRODUCTS QUERY: {\"is_weekly_deal\":\"true\"}"}
{"timestamp":"2026-06-23T15:27:23.984Z","level":"ERROR","message":"Image processing error: Error: Cannot use same file for input and output\n    at Sharp.toFile (/home/u650716787/domains/api.mariotstore.com/nodejs/node_modules/sharp/lib/output.js:78:11)\n    at exports.uploadImage (/home/u650716787/domains/api.mariotstore.com/nodejs/controllers/upload.controller.js:39:61)\n    at Layer.handleRequest (/home/u650716787/domains/api.mariotstore.com/nodejs/node_modules/router/lib/layer.js:152:17)\n    at next (/home/u650716787/domains/api.mariotstore.com/nodejs/node_modules/router/lib/route.js:157:13)\n    at done (/home/u650716787/domains/api.mariotstore.com/nodejs/node_modules/multer/lib/make-middleware.js:69:7)\n    at indicateDone (/home/u650716787/domains/api.mariotstore.com/nodejs/node_modules/multer/lib/make-middleware.js:73:68)\n    at /home/u650716787/domains/api.mariotstore.com/nodejs/node_modules/multer/lib/make-middleware.js:232:11\n    at WriteStream.<anonymous> (/home/u650716787/domains/api.mariotstore.com/nodejs/node_modules/multer/storage/disk.js:42:9)\n    at WriteStream.emit (node:events:530:35)\n    at finish (node:internal/streams/writable:955:10)\n    at node:internal/streams/writable:936:13\n    at process.processTicksAndRejections (node:internal/process/task_queues:90:21)"}
{"timestamp":"2026-06-23T15:27:47.201Z","level":"LOG","message":"GET PRODUCTS QUERY: {\"is_weekly_deal\":\"true\"}"}
{"timestamp":"2026-06-23T15:28:00.018Z","level":"LOG","message":"GET PRODUCTS QUERY: {\"is_weekly_deal\":\"true\"}"}
{"timestamp":"2026-06-23T15:28:42.494Z","level":"LOG","message":"CREATE PRODUCT BODY: {\"name\":\"Stainless Steel Base Cabinet\",\"name_ar\":\"\",\"model\":\"\",\"youtube_video_links\":[\"\"],\"featured_video_index\":0,\"description\":\"Stainless Steel Base Cabinet\\n\\nSliding Doors With Front And Back Opening.\\nMiddle Shelf.\\nLeg: 40 mm Round / 1.5 mm Thickness.\\nStainless Steel Construction.\\nConstruction: Scotch-Brite Finish 18/10 AISI 304.\\nMariot Made / UAE.\\n\",\"description_ar\":\"\",\"short_description\":\"Mariot Made stainless steel base cabinet with sliding doors, front and back opening, and middle shelf, designed for professional kitchens, prep areas, hotels, and restaurants. Made from AISI 304 18/10 stainless steel with Scotch-Brite finish for durability, hygiene, corrosion resistance, and easy cleaning. Features 40 mm round legs, 1.5 mm thickness, front and back access, practical storage, and UAE-built quality for daily commercial kitchen use.\\n\",\"short_description_ar\":\"\",\"specifications\":\"\",\"specifications_ar\":\"\",\"price\":\"\",\"discount_percentage\":\"0\",\"offer_price\":\"\",\"stock_quantity\":\"\",\"category_id\":\"145\",\"sub_category_id\":\"164\",\"sub_sub_category_id\":\"\",\"brand_id\":\"39\",\"product_group\":\"Cabinet\",\"sub_category\":\"\",\"image_url\":\"https://api.mariotstore.com/uploads/1782228443979-135904781.webp\",\"additional_images\":[\"\",\"\",\"\"],\"is_weekly_deal\":false,\"is_limited_offer\":false,\"is_featured\":true,\"is_daily_offer\":false,\"is_best_seller\":false,\"resources\":\"[]\",\"status\":\"active\",\"offer_start\":\"\",\"offer_end\":\"\",\"track_inventory\":false,\"delivery_charge\":0,\"warranty\":\"\",\"warranty_ar\":\"\",\"images\":[\"https://api.mariotstore.com/uploads/1782228443979-135904781.webp\"],\"youtube_video_link\":\"{\\\"links\\\":[\\\"\\\"],\\\"featuredIndex\\\":0}\",\"frequently_bought_together\":null,\"you_may_also_need\":null,\"free_gift_product_ids\":null,\"compare_config\":null,\"options\":[],\"variants\":[],\"is_customizable\":false,\"custom_dimensions\":[],\"base_dimensions\":{},\"size_tiers\":[]}"}
{"timestamp":"2026-06-23T15:28:42.708Z","level":"LOG","message":"GET PRODUCTS QUERY: {\"page\":\"1\",\"limit\":\"10\",\"status\":\"all\",\"stockStatus\":\"all\",\"t\":\"1782228522467\"}"}
{"timestamp":"2026-06-23T15:28:47.189Z","level":"LOG","message":"GET PRODUCTS QUERY: {\"is_weekly_deal\":\"true\"}"}
{"timestamp":"2026-06-23T15:29:00.032Z","level":"LOG","message":"GET PRODUCTS QUERY: {\"is_weekly_deal\":\"true\"}"}
{"timestamp":"2026-06-23T15:29:47.434Z","level":"LOG","message":"GET PRODUCTS QUERY: {\"is_weekly_deal\":\"true\"}"}
{"timestamp":"2026-06-23T15:30:00.017Z","level":"LOG","message":"GET PRODUCTS QUERY: {\"is_weekly_deal\":\"true\"}"}
{"timestamp":"2026-06-23T15:30:48.525Z","level":"LOG","message":"GET PRODUCTS QUERY: {\"is_weekly_deal\":\"true\"}"}
{"timestamp":"2026-06-23T15:31:00.023Z","level":"LOG","message":"GET PRODUCTS QUERY: {\"is_weekly_deal\":\"true\"}"}
{"timestamp":"2026-06-23T15:31:44.822Z","level":"LOG","message":"GET PRODUCTS QUERY: {\"page\":\"1\",\"limit\":\"10\",\"status\":\"all\",\"stockStatus\":\"all\",\"t\":\"1782228704532\"}"}
{"timestamp":"2026-06-23T15:31:47.220Z","level":"LOG","message":"GET PRODUCTS QUERY: {\"is_weekly_deal\":\"true\"}"}
{"timestamp":"2026-06-23T15:31:59.997Z","level":"LOG","message":"GET PRODUCTS QUERY: {\"is_weekly_deal\":\"true\"}"}
{"timestamp":"2026-06-23T15:32:47.400Z","level":"LOG","message":"GET PRODUCTS QUERY: {\"is_weekly_deal\":\"true\"}"}
{"timestamp":"2026-06-23T15:33:00.042Z","level":"LOG","message":"GET PRODUCTS QUERY: {\"is_weekly_deal\":\"true\"}"}
{"timestamp":"2026-06-23T15:33:37.500Z","level":"ERROR","message":"Image processing error: Error: Cannot use same file for input and output\n    at Sharp.toFile (/home/u650716787/domains/api.mariotstore.com/nodejs/node_modules/sharp/lib/output.js:78:11)\n    at exports.uploadImage (/home/u650716787/domains/api.mariotstore.com/nodejs/controllers/upload.controller.js:39:61)\n    at Layer.handleRequest (/home/u650716787/domains/api.mariotstore.com/nodejs/node_modules/router/lib/layer.js:152:17)\n    at next (/home/u650716787/domains/api.mariotstore.com/nodejs/node_modules/router/lib/route.js:157:13)\n    at done (/home/u650716787/domains/api.mariotstore.com/nodejs/node_modules/multer/lib/make-middleware.js:69:7)\n    at indicateDone (/home/u650716787/domains/api.mariotstore.com/nodejs/node_modules/multer/lib/make-middleware.js:73:68)\n    at /home/u650716787/domains/api.mariotstore.com/nodejs/node_modules/multer/lib/make-middleware.js:232:11\n    at WriteStream.<anonymous> (/home/u650716787/domains/api.mariotstore.com/nodejs/node_modules/multer/storage/disk.js:42:9)\n    at WriteStream.emit (node:events:530:35)\n    at finish (node:internal/streams/writable:955:10)\n    at node:internal/streams/writable:936:13\n    at process.processTicksAndRejections (node:internal/process/task_queues:90:21)"}
{"timestamp":"2026-06-23T15:33:45.949Z","level":"LOG","message":"CREATE PRODUCT BODY: {\"name\":\"Stainless Steel Base Cabinet\",\"name_ar\":\"\",\"model\":\"\",\"youtube_video_links\":[\"\"],\"featured_video_index\":0,\"description\":\"Stainless Steel Base Cabinet\\n\\nRear Backsplash: 200 mm.\\nSliding Doors.\\nMiddle Shelf.\\nLeg: 40 mm Round / 1.5 mm Thickness.\\nStainless Steel Construction.\\nConstruction: Scotch-Brite Finish 18/10 AISI 304.\\nMariot Made / UAE.\\n\",\"description_ar\":\"\",\"short_description\":\"Mariot Made stainless steel base cabinet with sliding doors, middle shelf, and 200 mm rear backsplash, designed for professional kitchens, prep areas, hotels, and restaurants. Made from AISI 304 18/10 stainless steel with Scotch-Brite finish for durability, hygiene, corrosion resistance, and easy cleaning. Features 40 mm round legs, 1.5 mm thickness, stainless steel construction, practical storage, and UAE-built quality for commercial kitchen use.\\n\",\"short_description_ar\":\"\",\"specifications\":\"\",\"specifications_ar\":\"\",\"price\":\"\",\"discount_percentage\":\"0\",\"offer_price\":\"\",\"stock_quantity\":\"\",\"category_id\":\"145\",\"sub_category_id\":\"164\",\"sub_sub_category_id\":\"\",\"brand_id\":\"39\",\"product_group\":\"Cabinet\",\"sub_category\":\"\",\"image_url\":\"https://api.mariotstore.com/uploads/1782228817499-346849016.webp\",\"additional_images\":[\"\",\"\",\"\"],\"is_weekly_deal\":false,\"is_limited_offer\":false,\"is_featured\":true,\"is_daily_offer\":false,\"is_best_seller\":false,\"resources\":\"[]\",\"status\":\"active\",\"offer_start\":\"\",\"offer_end\":\"\",\"track_inventory\":false,\"delivery_charge\":0,\"warranty\":\"\",\"warranty_ar\":\"\",\"images\":[\"https://api.mariotstore.com/uploads/1782228817499-346849016.webp\"],\"youtube_video_link\":\"{\\\"links\\\":[\\\"\\\"],\\\"featuredIndex\\\":0}\",\"frequently_bought_together\":null,\"you_may_also_need\":null,\"free_gift_product_ids\":null,\"compare_config\":null,\"options\":[],\"variants\":[],\"is_customizable\":false,\"custom_dimensions\":[],\"base_dimensions\":{},\"size_tiers\":[]}"}
{"timestamp":"2026-06-23T15:33:46.174Z","level":"LOG","message":"GET PRODUCTS QUERY: {\"page\":\"1\",\"limit\":\"10\",\"status\":\"all\",\"stockStatus\":\"all\",\"t\":\"1782228825926\"}"}
{"timestamp":"2026-06-23T15:33:47.213Z","level":"LOG","message":"GET PRODUCTS QUERY: {\"is_weekly_deal\":\"true\"}"}
{"timestamp":"2026-06-23T15:34:00.019Z","level":"LOG","message":"GET PRODUCTS QUERY: {\"is_weekly_deal\":\"true\"}"}
{"timestamp":"2026-06-23T15:34:47.392Z","level":"LOG","message":"GET PRODUCTS QUERY: {\"is_weekly_deal\":\"true\"}"}
{"timestamp":"2026-06-23T15:35:00.161Z","level":"LOG","message":"GET PRODUCTS QUERY: {\"is_weekly_deal\":\"true\"}"}
{"timestamp":"2026-06-23T15:35:47.638Z","level":"LOG","message":"GET PRODUCTS QUERY: {\"is_weekly_deal\":\"true\"}"}
{"timestamp":"2026-06-23T15:35:59.999Z","level":"LOG","message":"GET PRODUCTS QUERY: {\"is_weekly_deal\":\"true\"}"}
{"timestamp":"2026-06-23T15:36:47.375Z","level":"LOG","message":"GET PRODUCTS QUERY: {\"is_weekly_deal\":\"true\"}"}
{"timestamp":"2026-06-23T15:37:00.109Z","level":"LOG","message":"GET PRODUCTS QUERY: {\"is_weekly_deal\":\"true\"}"}
{"timestamp":"2026-06-23T15:37:47.398Z","level":"LOG","message":"GET PRODUCTS QUERY: {\"is_weekly_deal\":\"true\"}"}
{"timestamp":"2026-06-23T15:38:00.017Z","level":"LOG","message":"GET PRODUCTS QUERY: {\"is_weekly_deal\":\"true\"}"}
{"timestamp":"2026-06-23T15:38:47.369Z","level":"LOG","message":"GET PRODUCTS QUERY: {\"is_weekly_deal\":\"true\"}"}
{"timestamp":"2026-06-23T15:39:00.056Z","level":"LOG","message":"GET PRODUCTS QUERY: {\"is_weekly_deal\":\"true\"}"}
{"timestamp":"2026-06-23T15:39:47.404Z","level":"LOG","message":"GET PRODUCTS QUERY: {\"is_weekly_deal\":\"true\"}"}
{"timestamp":"2026-06-23T15:40:00.026Z","level":"LOG","message":"GET PRODUCTS QUERY: {\"is_weekly_deal\":\"true\"}"}
{"timestamp":"2026-06-23T15:40:47.583Z","level":"LOG","message":"GET PRODUCTS QUERY: {\"is_weekly_deal\":\"true\"}"}
{"timestamp":"2026-06-23T15:41:00.067Z","level":"LOG","message":"GET PRODUCTS QUERY: {\"is_weekly_deal\":\"true\"}"}
{"timestamp":"2026-06-23T15:41:49.171Z","level":"LOG","message":"GET PRODUCTS QUERY: {\"is_weekly_deal\":\"true\"}"}
{"timestamp":"2026-06-23T15:42:00.018Z","level":"LOG","message":"GET PRODUCTS QUERY: {\"is_weekly_deal\":\"true\"}"}
{"timestamp":"2026-06-23T15:42:48.735Z","level":"LOG","message":"GET PRODUCTS QUERY: {\"is_weekly_deal\":\"true\"}"}
{"timestamp":"2026-06-23T15:43:00.079Z","level":"LOG","message":"GET PRODUCTS QUERY: {\"is_weekly_deal\":\"true\"}"}
{"timestamp":"2026-06-23T15:43:48.014Z","level":"LOG","message":"GET PRODUCTS QUERY: {\"is_weekly_deal\":\"true\"}"}
{"timestamp":"2026-06-23T15:44:00.031Z","level":"LOG","message":"GET PRODUCTS QUERY: {\"is_weekly_deal\":\"true\"}"}
{"timestamp":"2026-06-23T15:44:47.730Z","level":"LOG","message":"GET PRODUCTS QUERY: {\"is_weekly_deal\":\"true\"}"}
{"timestamp":"2026-06-23T15:45:00.073Z","level":"LOG","message":"GET PRODUCTS QUERY: {\"is_weekly_deal\":\"true\"}"}
{"timestamp":"2026-06-23T15:45:47.387Z","level":"LOG","message":"GET PRODUCTS QUERY: {\"is_weekly_deal\":\"true\"}"}
{"timestamp":"2026-06-23T15:46:00.032Z","level":"LOG","message":"GET PRODUCTS QUERY: {\"is_weekly_deal\":\"true\"}"}
{"timestamp":"2026-06-23T15:46:48.778Z","level":"LOG","message":"GET PRODUCTS QUERY: {\"is_weekly_deal\":\"true\"}"}
{"timestamp":"2026-06-23T15:47:00.030Z","level":"LOG","message":"GET PRODUCTS QUERY: {\"is_weekly_deal\":\"true\"}"}
{"timestamp":"2026-06-23T15:47:48.750Z","level":"LOG","message":"GET PRODUCTS QUERY: {\"is_weekly_deal\":\"true\"}"}
{"timestamp":"2026-06-23T15:48:00.041Z","level":"LOG","message":"GET PRODUCTS QUERY: {\"is_weekly_deal\":\"true\"}"}
{"timestamp":"2026-06-23T15:48:47.415Z","level":"LOG","message":"GET PRODUCTS QUERY: {\"is_weekly_deal\":\"true\"}"}
{"timestamp":"2026-06-23T15:49:00.047Z","level":"LOG","message":"GET PRODUCTS QUERY: {\"is_weekly_deal\":\"true\"}"}
{"timestamp":"2026-06-23T15:49:47.389Z","level":"LOG","message":"GET PRODUCTS QUERY: {\"is_weekly_deal\":\"true\"}"}
{"timestamp":"2026-06-23T15:50:00.030Z","level":"LOG","message":"GET PRODUCTS QUERY: {\"is_weekly_deal\":\"true\"}"}
{"timestamp":"2026-06-23T15:50:47.405Z","level":"LOG","message":"GET PRODUCTS QUERY: {\"is_weekly_deal\":\"true\"}"}
{"timestamp":"2026-06-23T15:51:00.090Z","level":"LOG","message":"GET PRODUCTS QUERY: {\"is_weekly_deal\":\"true\"}"}
{"timestamp":"2026-06-23T15:51:47.404Z","level":"LOG","message":"GET PRODUCTS QUERY: {\"is_weekly_deal\":\"true\"}"}
{"timestamp":"2026-06-23T15:52:00.049Z","level":"LOG","message":"GET PRODUCTS QUERY: {\"is_weekly_deal\":\"true\"}"}
{"timestamp":"2026-06-23T15:53:00.050Z","level":"LOG","message":"GET PRODUCTS QUERY: {\"is_weekly_deal\":\"true\"}"}
{"timestamp":"2026-06-23T15:54:00.065Z","level":"LOG","message":"GET PRODUCTS QUERY: {\"is_weekly_deal\":\"true\"}"}
{"timestamp":"2026-06-23T15:55:00.077Z","level":"LOG","message":"GET PRODUCTS QUERY: {\"is_weekly_deal\":\"true\"}"}
{"timestamp":"2026-06-23T15:55:48.709Z","level":"LOG","message":"[ABANDONED CART] 🔍 Scanning for abandoned carts..."}
{"timestamp":"2026-06-23T15:55:48.711Z","level":"LOG","message":"[ABANDONED CART] ✅ Scan complete. Sent 0 reminder(s)."}
{"timestamp":"2026-06-23T15:56:00.069Z","level":"LOG","message":"GET PRODUCTS QUERY: {\"is_weekly_deal\":\"true\"}"}
{"timestamp":"2026-06-23T15:57:00.085Z","level":"LOG","message":"GET PRODUCTS QUERY: {\"is_weekly_deal\":\"true\"}"}
{"timestamp":"2026-06-23T15:58:00.062Z","level":"LOG","message":"GET PRODUCTS QUERY: {\"is_weekly_deal\":\"true\"}"}
{"timestamp":"2026-06-23T15:59:00.078Z","level":"LOG","message":"GET PRODUCTS QUERY: {\"is_weekly_deal\":\"true\"}"}
{"timestamp":"2026-06-23T16:00:00.036Z","level":"LOG","message":"GET PRODUCTS QUERY: {\"is_weekly_deal\":\"true\"}"}
{"timestamp":"2026-06-23T16:01:00.080Z","level":"LOG","message":"GET PRODUCTS QUERY: {\"is_weekly_deal\":\"true\"}"}
{"timestamp":"2026-06-23T16:02:00.042Z","level":"LOG","message":"GET PRODUCTS QUERY: {\"is_weekly_deal\":\"true\"}"}
{"timestamp":"2026-06-23T16:03:00.129Z","level":"LOG","message":"GET PRODUCTS QUERY: {\"is_weekly_deal\":\"true\"}"}
{"timestamp":"2026-06-23T16:04:00.031Z","level":"LOG","message":"GET PRODUCTS QUERY: {\"is_weekly_deal\":\"true\"}"}
{"timestamp":"2026-06-23T16:05:00.200Z","level":"LOG","message":"GET PRODUCTS QUERY: {\"is_weekly_deal\":\"true\"}"}
{"timestamp":"2026-06-23T16:06:00.041Z","level":"LOG","message":"GET PRODUCTS QUERY: {\"is_weekly_deal\":\"true\"}"}
{"timestamp":"2026-06-23T16:07:00.095Z","level":"LOG","message":"GET PRODUCTS QUERY: {\"is_weekly_deal\":\"true\"}"}
{"timestamp":"2026-06-23T16:08:00.025Z","level":"LOG","message":"GET PRODUCTS QUERY: {\"is_weekly_deal\":\"true\"}"}
{"timestamp":"2026-06-23T16:09:00.113Z","level":"LOG","message":"GET PRODUCTS QUERY: {\"is_weekly_deal\":\"true\"}"}
{"timestamp":"2026-06-23T16:10:00.044Z","level":"LOG","message":"GET PRODUCTS QUERY: {\"is_weekly_deal\":\"true\"}"}
{"timestamp":"2026-06-23T16:11:00.097Z","level":"LOG","message":"GET PRODUCTS QUERY: {\"is_weekly_deal\":\"true\"}"}
{"timestamp":"2026-06-23T16:12:00.063Z","level":"LOG","message":"GET PRODUCTS QUERY: {\"is_weekly_deal\":\"true\"}"}
{"timestamp":"2026-06-23T16:13:00.129Z","level":"LOG","message":"GET PRODUCTS QUERY: {\"is_weekly_deal\":\"true\"}"}
{"timestamp":"2026-06-23T16:14:00.059Z","level":"LOG","message":"GET PRODUCTS QUERY: {\"is_weekly_deal\":\"true\"}"}
{"timestamp":"2026-06-23T16:15:00.091Z","level":"LOG","message":"GET PRODUCTS QUERY: {\"is_weekly_deal\":\"true\"}"}
{"timestamp":"2026-06-23T16:15:32.910Z","level":"LOG","message":"GET PRODUCTS QUERY: {\"is_limited_offer\":\"true\",\"limit\":\"7\"}"}
{"timestamp":"2026-06-23T16:15:32.911Z","level":"LOG","message":"GET PRODUCTS QUERY: {\"is_weekly_deal\":\"true\"}"}
{"timestamp":"2026-06-23T16:15:39.872Z","level":"LOG","message":"GET PRODUCTS QUERY: {\"is_weekly_deal\":\"true\"}"}
{"timestamp":"2026-06-23T16:16:10.075Z","level":"LOG","message":"GET PRODUCTS QUERY: {\"is_weekly_deal\":\"true\"}"}
{"timestamp":"2026-06-23T16:16:28.841Z","level":"LOG","message":"GET PRODUCTS QUERY: {\"is_limited_offer\":\"true\",\"limit\":\"7\"}"}
{"timestamp":"2026-06-23T16:16:39.882Z","level":"LOG","message":"GET PRODUCTS QUERY: {\"is_weekly_deal\":\"true\"}"}
{"timestamp":"2026-06-23T16:17:10.049Z","level":"LOG","message":"GET PRODUCTS QUERY: {\"is_weekly_deal\":\"true\"}"}
{"timestamp":"2026-06-23T16:18:00.894Z","level":"LOG","message":"GET PRODUCTS QUERY: {\"is_weekly_deal\":\"true\"}"}
{"timestamp":"2026-06-23T16:18:01.359Z","level":"LOG","message":"GET PRODUCTS QUERY: {\"is_limited_offer\":\"true\",\"limit\":\"7\"}"}
{"timestamp":"2026-06-23T16:18:06.354Z","level":"LOG","message":"GET PRODUCTS QUERY: {\"is_featured\":\"1\",\"limit\":\"6\",\"status\":\"active\"}"}
{"timestamp":"2026-06-23T16:18:06.443Z","level":"LOG","message":"GET PRODUCTS QUERY: {\"category\":\"work-tables\",\"limit\":\"1\"}"}
{"timestamp":"2026-06-23T16:18:06.444Z","level":"LOG","message":"GET PRODUCTS QUERY: {\"category\":\"kitchen-hood\",\"limit\":\"1\"}"}
{"timestamp":"2026-06-23T16:18:06.450Z","level":"LOG","message":"GET PRODUCTS QUERY: {\"category\":\"cabinet\",\"limit\":\"1\"}"}
{"timestamp":"2026-06-23T16:18:06.462Z","level":"LOG","message":"GET PRODUCTS QUERY: {\"category\":\"ovens\",\"limit\":\"1\"}"}
{"timestamp":"2026-06-23T16:18:06.465Z","level":"LOG","message":"GET PRODUCTS QUERY: {\"category\":\"shelves\",\"limit\":\"1\"}"}
{"timestamp":"2026-06-23T16:18:06.466Z","level":"LOG","message":"GET PRODUCTS QUERY: {\"category\":\"sink\",\"limit\":\"1\"}"}
{"timestamp":"2026-06-23T16:18:06.467Z","level":"LOG","message":"GET PRODUCTS QUERY: {\"category\":\"accessories\",\"limit\":\"1\"}"}
{"timestamp":"2026-06-23T16:18:06.469Z","level":"LOG","message":"GET PRODUCTS QUERY: {\"category\":\"refrigeration-1\",\"limit\":\"1\"}"}
{"timestamp":"2026-06-23T16:18:06.604Z","level":"LOG","message":"GET PRODUCTS QUERY: {\"category\":\"stainless-steel-fabrications\",\"limit\":\"5\",\"sort\":\"price_desc\"}"}
{"timestamp":"2026-06-23T16:18:09.267Z","level":"LOG","message":"GET PRODUCTS QUERY: {\"page\":\"1\",\"limit\":\"24\",\"category\":\"work-tables\"}"}
{"timestamp":"2026-06-23T16:18:09.893Z","level":"LOG","message":"GET PRODUCTS QUERY: {\"is_featured\":\"1\",\"limit\":\"6\",\"status\":\"active\"}"}
{"timestamp":"2026-06-23T16:18:10.099Z","level":"LOG","message":"GET PRODUCTS QUERY: {\"page\":\"1\",\"limit\":\"24\",\"category\":\"work-tables\"}"}
{"timestamp":"2026-06-23T16:18:14.681Z","level":"LOG","message":"GET PRODUCTS QUERY: {\"category\":\"work-tables\",\"limit\":\"1\"}"}
{"timestamp":"2026-06-23T16:18:14.683Z","level":"LOG","message":"GET PRODUCTS QUERY: {\"category\":\"kitchen-hood\",\"limit\":\"1\"}"}
{"timestamp":"2026-06-23T16:18:14.684Z","level":"LOG","message":"GET PRODUCTS QUERY: {\"category\":\"cabinet\",\"limit\":\"1\"}"}
{"timestamp":"2026-06-23T16:18:14.685Z","level":"LOG","message":"GET PRODUCTS QUERY: {\"category\":\"ovens\",\"limit\":\"1\"}"}
{"timestamp":"2026-06-23T16:18:14.687Z","level":"LOG","message":"GET PRODUCTS QUERY: {\"category\":\"accessories\",\"limit\":\"1\"}"}
{"timestamp":"2026-06-23T16:18:14.694Z","level":"LOG","message":"GET PRODUCTS QUERY: {\"is_featured\":\"1\",\"limit\":\"6\",\"status\":\"active\"}"}
{"timestamp":"2026-06-23T16:18:14.704Z","level":"LOG","message":"GET PRODUCTS QUERY: {\"category\":\"sink\",\"limit\":\"1\"}"}
{"timestamp":"2026-06-23T16:18:14.706Z","level":"LOG","message":"GET PRODUCTS QUERY: {\"category\":\"refrigeration-1\",\"limit\":\"1\"}"}
{"timestamp":"2026-06-23T16:18:14.707Z","level":"LOG","message":"GET PRODUCTS QUERY: {\"category\":\"shelves\",\"limit\":\"1\"}"}
{"timestamp":"2026-06-23T16:18:14.822Z","level":"LOG","message":"GET PRODUCTS QUERY: {\"category\":\"stainless-steel-fabrications\",\"limit\":\"5\",\"sort\":\"price_desc\"}"}
{"timestamp":"2026-06-23T16:18:19.014Z","level":"LOG","message":"GET PRODUCTS QUERY: {\"page\":\"1\",\"limit\":\"24\",\"category\":\"cabinet\"}"}
{"timestamp":"2026-06-23T16:18:19.505Z","level":"LOG","message":"GET PRODUCTS QUERY: {\"is_featured\":\"1\",\"limit\":\"6\",\"status\":\"active\"}"}
{"timestamp":"2026-06-23T16:18:19.697Z","level":"LOG","message":"GET PRODUCTS QUERY: {\"page\":\"1\",\"limit\":\"24\",\"category\":\"cabinet\"}"}
{"timestamp":"2026-06-23T16:18:34.531Z","level":"LOG","message":"GET PRODUCTS QUERY: {\"category\":\"164\",\"limit\":\"16\"}"}
{"timestamp":"2026-06-23T16:18:34.533Z","level":"LOG","message":"GET PRODUCTS QUERY: {\"category\":\"164\",\"limit\":\"40\"}"}
{"timestamp":"2026-06-23T16:18:34.596Z","level":"LOG","message":"GET PRODUCTS QUERY: {\"is_featured\":\"1\",\"limit\":\"6\",\"status\":\"active\"}"}
{"timestamp":"2026-06-23T16:18:47.605Z","level":"LOG","message":"GET PRODUCTS QUERY: {\"is_featured\":\"1\",\"limit\":\"6\",\"status\":\"active\"}"}
{"timestamp":"2026-06-23T16:18:47.805Z","level":"LOG","message":"GET PRODUCTS QUERY: {\"page\":\"1\",\"limit\":\"24\",\"category\":\"cabinet\"}"}
{"timestamp":"2026-06-23T16:18:48.212Z","level":"LOG","message":"GET PRODUCTS QUERY: {\"is_featured\":\"1\",\"limit\":\"6\",\"status\":\"active\"}"}
{"timestamp":"2026-06-23T16:18:48.219Z","level":"LOG","message":"GET PRODUCTS QUERY: {\"category\":\"work-tables\",\"limit\":\"1\"}"}
{"timestamp":"2026-06-23T16:18:48.237Z","level":"LOG","message":"GET PRODUCTS QUERY: {\"category\":\"cabinet\",\"limit\":\"1\"}"}
{"timestamp":"2026-06-23T16:18:48.238Z","level":"LOG","message":"GET PRODUCTS QUERY: {\"category\":\"refrigeration-1\",\"limit\":\"1\"}"}
{"timestamp":"2026-06-23T16:18:48.239Z","level":"LOG","message":"GET PRODUCTS QUERY: {\"category\":\"ovens\",\"limit\":\"1\"}"}
{"timestamp":"2026-06-23T16:18:48.241Z","level":"LOG","message":"GET PRODUCTS QUERY: {\"category\":\"kitchen-hood\",\"limit\":\"1\"}"}
{"timestamp":"2026-06-23T16:18:48.242Z","level":"LOG","message":"GET PRODUCTS QUERY: {\"category\":\"shelves\",\"limit\":\"1\"}"}
{"timestamp":"2026-06-23T16:18:48.244Z","level":"LOG","message":"GET PRODUCTS QUERY: {\"category\":\"sink\",\"limit\":\"1\"}"}
{"timestamp":"2026-06-23T16:18:48.248Z","level":"LOG","message":"GET PRODUCTS QUERY: {\"category\":\"accessories\",\"limit\":\"1\"}"}
{"timestamp":"2026-06-23T16:18:48.358Z","level":"LOG","message":"GET PRODUCTS QUERY: {\"category\":\"stainless-steel-fabrications\",\"limit\":\"5\",\"sort\":\"price_desc\"}"}
{"timestamp":"2026-06-23T16:18:54.279Z","level":"LOG","message":"GET PRODUCTS QUERY: {\"page\":\"1\",\"limit\":\"24\",\"category\":\"kitchen-hood\"}"}
{"timestamp":"2026-06-23T16:18:54.882Z","level":"LOG","message":"GET PRODUCTS QUERY: {\"is_featured\":\"1\",\"limit\":\"6\",\"status\":\"active\"}"}
{"timestamp":"2026-06-23T16:18:55.102Z","level":"LOG","message":"GET PRODUCTS QUERY: {\"page\":\"1\",\"limit\":\"24\",\"category\":\"kitchen-hood\"}"}
{"timestamp":"2026-06-23T16:18:57.336Z","level":"LOG","message":"GET PRODUCTS QUERY: {\"category\":\"work-tables\",\"limit\":\"1\"}"}
{"timestamp":"2026-06-23T16:18:57.338Z","level":"LOG","message":"GET PRODUCTS QUERY: {\"category\":\"kitchen-hood\",\"limit\":\"1\"}"}
{"timestamp":"2026-06-23T16:18:57.339Z","level":"LOG","message":"GET PRODUCTS QUERY: {\"category\":\"ovens\",\"limit\":\"1\"}"}
{"timestamp":"2026-06-23T16:18:57.340Z","level":"LOG","message":"GET PRODUCTS QUERY: {\"category\":\"shelves\",\"limit\":\"1\"}"}
{"timestamp":"2026-06-23T16:18:57.340Z","level":"LOG","message":"GET PRODUCTS QUERY: {\"category\":\"cabinet\",\"limit\":\"1\"}"}
{"timestamp":"2026-06-23T16:18:57.346Z","level":"LOG","message":"GET PRODUCTS QUERY: {\"category\":\"refrigeration-1\",\"limit\":\"1\"}"}
{"timestamp":"2026-06-23T16:18:57.357Z","level":"LOG","message":"GET PRODUCTS QUERY: {\"category\":\"sink\",\"limit\":\"1\"}"}
{"timestamp":"2026-06-23T16:18:57.364Z","level":"LOG","message":"GET PRODUCTS QUERY: {\"category\":\"accessories\",\"limit\":\"1\"}"}
{"timestamp":"2026-06-23T16:18:57.366Z","level":"LOG","message":"GET PRODUCTS QUERY: {\"is_featured\":\"1\",\"limit\":\"6\",\"status\":\"active\"}"}
{"timestamp":"2026-06-23T16:18:57.477Z","level":"LOG","message":"GET PRODUCTS QUERY: {\"category\":\"stainless-steel-fabrications\",\"limit\":\"5\",\"sort\":\"price_desc\"}"}
{"timestamp":"2026-06-23T16:25:48.712Z","level":"LOG","message":"[ABANDONED CART] 🔍 Scanning for abandoned carts..."}
{"timestamp":"2026-06-23T16:25:48.713Z","level":"LOG","message":"[ABANDONED CART] ✅ Scan complete. Sent 0 reminder(s)."}
{"timestamp":"2026-06-23T16:55:27.877Z","level":"LOG","message":"[dotenv@17.2.4] injecting env (1) from .env -- tip: ✅ audit secrets and track compliance: https://dotenvx.com/ops"}
{"timestamp":"2026-06-23T16:55:27.878Z","level":"LOG","message":"[BOOT] cwd = /home/u650716787/domains/api.mariotstore.com/nodejs"}
{"timestamp":"2026-06-23T16:55:27.878Z","level":"LOG","message":"[BOOT] DB_USER = \"u650716787_mariot_user\""}
{"timestamp":"2026-06-23T16:55:27.878Z","level":"LOG","message":"[BOOT] DB_PASSWORD present = true"}
{"timestamp":"2026-06-23T16:55:27.878Z","level":"LOG","message":"[BOOT] DB_NAME = \"u650716787_mariot_db\""}
{"timestamp":"2026-06-23T16:55:28.061Z","level":"LOG","message":"[dotenv@17.2.4] injecting env (0) from .env -- tip: 📡 add observability to secrets: https://dotenvx.com/ops"}
{"timestamp":"2026-06-23T16:55:28.310Z","level":"LOG","message":"[DEBUG] DB_HOST = \"localhost\""}
{"timestamp":"2026-06-23T16:55:28.310Z","level":"LOG","message":"[DEBUG] DB_USER = \"u650716787_mariot_user\""}
{"timestamp":"2026-06-23T16:55:28.310Z","level":"LOG","message":"[DEBUG] DB_PASSWORD present? true"}
{"timestamp":"2026-06-23T16:55:28.310Z","level":"LOG","message":"[DEBUG] DB_PASS present? false"}
{"timestamp":"2026-06-23T16:55:28.310Z","level":"LOG","message":"[DEBUG] DB_NAME = \"u650716787_mariot_db\""}
{"timestamp":"2026-06-23T16:55:28.937Z","level":"LOG","message":"[DB] Running initialization and migrations..."}
{"timestamp":"2026-06-23T16:55:28.942Z","level":"LOG","message":"[EMAIL] Resolved smtp.hostinger.com → 172.65.255.143 (IPv4)"}
{"timestamp":"2026-06-23T16:55:28.955Z","level":"ERROR","message":"Database connection failed: Access denied for user 'u650716787_mariot_user'@'::1' (using password: YES)"}
{"timestamp":"2026-06-23T16:55:28.957Z","level":"LOG","message":"[DB] contact_submissions table verified"}
{"timestamp":"2026-06-23T16:55:28.958Z","level":"LOG","message":"[DB] category_brands table verified"}
{"timestamp":"2026-06-23T16:55:28.958Z","level":"LOG","message":"[DB] reward_points_history table verified"}
{"timestamp":"2026-06-23T16:55:28.962Z","level":"LOG","message":"[DB] reward_points_history.transaction_type ENUM verified (reversed, refunded)"}
{"timestamp":"2026-06-23T16:55:28.963Z","level":"LOG","message":"[DB] staff role verified"}
{"timestamp":"2026-06-23T16:55:28.975Z","level":"LOG","message":"[DB] product variant tables verified"}
{"timestamp":"2026-06-23T16:55:28.982Z","level":"LOG","message":"[DB] signup_otps table verified"}
{"timestamp":"2026-06-23T16:55:28.982Z","level":"LOG","message":"[DB] invoices table verified"}
{"timestamp":"2026-06-23T16:55:28.982Z","level":"LOG","message":"[DB] staff_permissions table verified"}
{"timestamp":"2026-06-23T16:55:28.982Z","level":"LOG","message":"[DB] stock_notifications table verified"}
{"timestamp":"2026-06-23T16:55:28.982Z","level":"LOG","message":"[DB] settings table verified"}
{"timestamp":"2026-06-23T16:55:28.984Z","level":"LOG","message":"[EMAIL] SMTP_EMAIL: admin@mariotstore.com"}
{"timestamp":"2026-06-23T16:55:28.984Z","level":"LOG","message":"[EMAIL] SMTP_PASSWORD length: 17 chars"}
{"timestamp":"2026-06-23T16:55:28.987Z","level":"LOG","message":"[ABANDONED CART] 🚀 Cron job started (runs every 30 minutes)"}
{"timestamp":"2026-06-23T16:55:28.988Z","level":"LOG","message":"[POINTS STATEMENT] 🚀 Job started (fires monthly: 1st 10:00 Asia/Dubai, with a 2nd–3rd grace window)"}
{"timestamp":"2026-06-23T16:55:28.988Z","level":"LOG","message":"Server running in production mode on port 5000"}
{"timestamp":"2026-06-23T16:55:29.891Z","level":"LOG","message":"[EMAIL] ✅ SMTP connection verified successfully"}
{"timestamp":"2026-06-23T16:55:30.529Z","level":"ERROR","message":"TokenExpiredError: jwt expired\n    at /home/u650716787/domains/api.mariotstore.com/nodejs/node_modules/jsonwebtoken/verify.js:190:21\n    at getSecret (/home/u650716787/domains/api.mariotstore.com/nodejs/node_modules/jsonwebtoken/verify.js:97:14)\n    at module.exports [as verify] (/home/u650716787/domains/api.mariotstore.com/nodejs/node_modules/jsonwebtoken/verify.js:101:10)\n    at protect (/home/u650716787/domains/api.mariotstore.com/nodejs/middlewares/auth.middleware.js:18:29)\n    at Layer.handleRequest (/home/u650716787/domains/api.mariotstore.com/nodejs/node_modules/router/lib/layer.js:152:17)\n    at next (/home/u650716787/domains/api.mariotstore.com/nodejs/node_modules/router/lib/route.js:157:13)\n    at Route.dispatch (/home/u650716787/domains/api.mariotstore.com/nodejs/node_modules/router/lib/route.js:117:3)\n    at handle (/home/u650716787/domains/api.mariotstore.com/nodejs/node_modules/router/index.js:435:11)\n    at Layer.handleRequest (/home/u650716787/domains/api.mariotstore.com/nodejs/node_modules/router/lib/layer.js:152:17)\n    at /home/u650716787/domains/api.mariotstore.com/nodejs/node_modules/router/index.js:295:15\n    at processParams (/home/u650716787/domains/api.mariotstore.com/nodejs/node_modules/router/index.js:582:12)\n    at next (/home/u650716787/domains/api.mariotstore.com/nodejs/node_modules/router/index.js:291:5)\n    at Function.handle (/home/u650716787/domains/api.mariotstore.com/nodejs/node_modules/router/index.js:186:3)\n    at router (/home/u650716787/domains/api.mariotstore.com/nodejs/node_modules/router/index.js:60:12)\n    at Layer.handleRequest (/home/u650716787/domains/api.mariotstore.com/nodejs/node_modules/router/lib/layer.js:152:17)\n    at trimPrefix (/home/u650716787/domains/api.mariotstore.com/nodejs/node_modules/router/index.js:342:13)"}
{"timestamp":"2026-06-23T16:55:31.774Z","level":"ERROR","message":"TokenExpiredError: jwt expired\n    at /home/u650716787/domains/api.mariotstore.com/nodejs/node_modules/jsonwebtoken/verify.js:190:21\n    at getSecret (/home/u650716787/domains/api.mariotstore.com/nodejs/node_modules/jsonwebtoken/verify.js:97:14)\n    at module.exports [as verify] (/home/u650716787/domains/api.mariotstore.com/nodejs/node_modules/jsonwebtoken/verify.js:101:10)\n    at protect (/home/u650716787/domains/api.mariotstore.com/nodejs/middlewares/auth.middleware.js:18:29)\n    at Layer.handleRequest (/home/u650716787/domains/api.mariotstore.com/nodejs/node_modules/router/lib/layer.js:152:17)\n    at next (/home/u650716787/domains/api.mariotstore.com/nodejs/node_modules/router/lib/route.js:157:13)\n    at Route.dispatch (/home/u650716787/domains/api.mariotstore.com/nodejs/node_modules/router/lib/route.js:117:3)\n    at handle (/home/u650716787/domains/api.mariotstore.com/nodejs/node_modules/router/index.js:435:11)\n    at Layer.handleRequest (/home/u650716787/domains/api.mariotstore.com/nodejs/node_modules/router/lib/layer.js:152:17)\n    at /home/u650716787/domains/api.mariotstore.com/nodejs/node_modules/router/index.js:295:15\n    at processParams (/home/u650716787/domains/api.mariotstore.com/nodejs/node_modules/router/index.js:582:12)\n    at next (/home/u650716787/domains/api.mariotstore.com/nodejs/node_modules/router/index.js:291:5)\n    at Function.handle (/home/u650716787/domains/api.mariotstore.com/nodejs/node_modules/router/index.js:186:3)\n    at router (/home/u650716787/domains/api.mariotstore.com/nodejs/node_modules/router/index.js:60:12)\n    at Layer.handleRequest (/home/u650716787/domains/api.mariotstore.com/nodejs/node_modules/router/lib/layer.js:152:17)\n    at trimPrefix (/home/u650716787/domains/api.mariotstore.com/nodejs/node_modules/router/index.js:342:13)"}
{"timestamp":"2026-06-23T16:55:32.582Z","level":"ERROR","message":"TokenExpiredError: jwt expired\n    at /home/u650716787/domains/api.mariotstore.com/nodejs/node_modules/jsonwebtoken/verify.js:190:21\n    at getSecret (/home/u650716787/domains/api.mariotstore.com/nodejs/node_modules/jsonwebtoken/verify.js:97:14)\n    at module.exports [as verify] (/home/u650716787/domains/api.mariotstore.com/nodejs/node_modules/jsonwebtoken/verify.js:101:10)\n    at protect (/home/u650716787/domains/api.mariotstore.com/nodejs/middlewares/auth.middleware.js:18:29)\n    at Layer.handleRequest (/home/u650716787/domains/api.mariotstore.com/nodejs/node_modules/router/lib/layer.js:152:17)\n    at next (/home/u650716787/domains/api.mariotstore.com/nodejs/node_modules/router/lib/route.js:157:13)\n    at Route.dispatch (/home/u650716787/domains/api.mariotstore.com/nodejs/node_modules/router/lib/route.js:117:3)\n    at handle (/home/u650716787/domains/api.mariotstore.com/nodejs/node_modules/router/index.js:435:11)\n    at Layer.handleRequest (/home/u650716787/domains/api.mariotstore.com/nodejs/node_modules/router/lib/layer.js:152:17)\n    at /home/u650716787/domains/api.mariotstore.com/nodejs/node_modules/router/index.js:295:15\n    at processParams (/home/u650716787/domains/api.mariotstore.com/nodejs/node_modules/router/index.js:582:12)\n    at next (/home/u650716787/domains/api.mariotstore.com/nodejs/node_modules/router/index.js:291:5)\n    at Function.handle (/home/u650716787/domains/api.mariotstore.com/nodejs/node_modules/router/index.js:186:3)\n    at router (/home/u650716787/domains/api.mariotstore.com/nodejs/node_modules/router/index.js:60:12)\n    at Layer.handleRequest (/home/u650716787/domains/api.mariotstore.com/nodejs/node_modules/router/lib/layer.js:152:17)\n    at trimPrefix (/home/u650716787/domains/api.mariotstore.com/nodejs/node_modules/router/index.js:342:13)"}
{"timestamp":"2026-06-23T16:55:32.713Z","level":"LOG","message":"GET PRODUCTS QUERY: {\"is_weekly_deal\":\"true\"}"}
{"timestamp":"2026-06-23T16:55:32.715Z","level":"LOG","message":"GET PRODUCTS QUERY: {\"is_limited_offer\":\"true\",\"limit\":\"8\"}"}
{"timestamp":"2026-06-23T16:55:32.716Z","level":"LOG","message":"GET PRODUCTS QUERY: {\"category\":\"stainless-steel-fabrications\",\"limit\":\"12\"}"}
{"timestamp":"2026-06-23T16:55:35.292Z","level":"LOG","message":"GET PRODUCTS QUERY: {\"is_featured\":\"1\",\"limit\":\"6\",\"status\":\"active\"}"}
{"timestamp":"2026-06-23T16:55:35.297Z","level":"LOG","message":"GET PRODUCTS QUERY: {\"category\":\"3\",\"limit\":\"16\"}"}
{"timestamp":"2026-06-23T16:55:35.300Z","level":"LOG","message":"GET PRODUCTS QUERY: {\"category\":\"3\",\"limit\":\"40\"}"}
{"timestamp":"2026-06-23T16:55:36.814Z","level":"LOG","message":"GET PRODUCTS QUERY: {\"is_limited_offer\":\"true\",\"limit\":\"7\"}"}
{"timestamp":"2026-06-23T16:55:36.823Z","level":"LOG","message":"GET PRODUCTS QUERY: {\"is_weekly_deal\":\"true\"}"}
{"timestamp":"2026-06-23T16:55:37.339Z","level":"ERROR","message":"TokenExpiredError: jwt expired\n    at /home/u650716787/domains/api.mariotstore.com/nodejs/node_modules/jsonwebtoken/verify.js:190:21\n    at getSecret (/home/u650716787/domains/api.mariotstore.com/nodejs/node_modules/jsonwebtoken/verify.js:97:14)\n    at module.exports [as verify] (/home/u650716787/domains/api.mariotstore.com/nodejs/node_modules/jsonwebtoken/verify.js:101:10)\n    at protect (/home/u650716787/domains/api.mariotstore.com/nodejs/middlewares/auth.middleware.js:18:29)\n    at Layer.handleRequest (/home/u650716787/domains/api.mariotstore.com/nodejs/node_modules/router/lib/layer.js:152:17)\n    at next (/home/u650716787/domains/api.mariotstore.com/nodejs/node_modules/router/lib/route.js:157:13)\n    at Route.dispatch (/home/u650716787/domains/api.mariotstore.com/nodejs/node_modules/router/lib/route.js:117:3)\n    at handle (/home/u650716787/domains/api.mariotstore.com/nodejs/node_modules/router/index.js:435:11)\n    at Layer.handleRequest (/home/u650716787/domains/api.mariotstore.com/nodejs/node_modules/router/lib/layer.js:152:17)\n    at /home/u650716787/domains/api.mariotstore.com/nodejs/node_modules/router/index.js:295:15\n    at processParams (/home/u650716787/domains/api.mariotstore.com/nodejs/node_modules/router/index.js:582:12)\n    at next (/home/u650716787/domains/api.mariotstore.com/nodejs/node_modules/router/index.js:291:5)\n    at Function.handle (/home/u650716787/domains/api.mariotstore.com/nodejs/node_modules/router/index.js:186:3)\n    at router (/home/u650716787/domains/api.mariotstore.com/nodejs/node_modules/router/index.js:60:12)\n    at Layer.handleRequest (/home/u650716787/domains/api.mariotstore.com/nodejs/node_modules/router/lib/layer.js:152:17)\n    at trimPrefix (/home/u650716787/domains/api.mariotstore.com/nodejs/node_modules/router/index.js:342:13)"}
{"timestamp":"2026-06-23T16:55:37.674Z","level":"LOG","message":"GET PRODUCTS QUERY: {\"is_featured\":\"1\",\"limit\":\"6\",\"status\":\"active\"}"}
{"timestamp":"2026-06-23T16:55:38.441Z","level":"LOG","message":"GET PRODUCTS QUERY: {\"category\":\"148\",\"limit\":\"16\"}"}
{"timestamp":"2026-06-23T16:55:38.462Z","level":"LOG","message":"GET PRODUCTS QUERY: {\"category\":\"148\",\"limit\":\"40\"}"}
{"timestamp":"2026-06-23T16:55:38.561Z","level":"LOG","message":"GET PRODUCTS QUERY: {\"is_featured\":\"1\",\"limit\":\"6\",\"status\":\"active\"}"}
{"timestamp":"2026-06-23T16:55:41.034Z","level":"LOG","message":"GET PRODUCTS QUERY: {\"is_limited_offer\":\"true\",\"limit\":\"7\"}"}
{"timestamp":"2026-06-23T16:55:41.038Z","level":"LOG","message":"GET PRODUCTS QUERY: {\"is_weekly_deal\":\"true\"}"}
{"timestamp":"2026-06-23T16:55:41.878Z","level":"LOG","message":"GET PRODUCTS QUERY: {\"is_featured\":\"1\",\"limit\":\"6\",\"status\":\"active\"}"}
{"timestamp":"2026-06-23T16:55:58.989Z","level":"LOG","message":"[ABANDONED CART] 🔍 Scanning for abandoned carts..."}
{"timestamp":"2026-06-23T16:55:58.990Z","level":"LOG","message":"[ABANDONED CART] ✅ Scan complete. Sent 0 reminder(s)."}
{"timestamp":"2026-06-23T16:56:07.277Z","level":"LOG","message":"GET PRODUCTS QUERY: {\"is_weekly_deal\":\"true\"}"}
{"timestamp":"2026-06-23T16:56:11.300Z","level":"LOG","message":"GET PRODUCTS QUERY: {\"is_weekly_deal\":\"true\"}"}
{"timestamp":"2026-06-23T16:56:37.325Z","level":"LOG","message":"GET PRODUCTS QUERY: {\"is_weekly_deal\":\"true\"}"}
{"timestamp":"2026-06-23T16:56:41.253Z","level":"LOG","message":"GET PRODUCTS QUERY: {\"is_weekly_deal\":\"true\"}"}
{"timestamp":"2026-06-23T16:57:07.260Z","level":"LOG","message":"GET PRODUCTS QUERY: {\"is_weekly_deal\":\"true\"}"}
{"timestamp":"2026-06-23T16:57:11.254Z","level":"LOG","message":"GET PRODUCTS QUERY: {\"is_weekly_deal\":\"true\"}"}
{"timestamp":"2026-06-23T16:57:37.310Z","level":"LOG","message":"GET PRODUCTS QUERY: {\"is_weekly_deal\":\"true\"}"}
{"timestamp":"2026-06-23T16:57:41.251Z","level":"LOG","message":"GET PRODUCTS QUERY: {\"is_weekly_deal\":\"true\"}"}
{"timestamp":"2026-06-23T16:58:07.254Z","level":"LOG","message":"GET PRODUCTS QUERY: {\"is_weekly_deal\":\"true\"}"}
{"timestamp":"2026-06-23T16:58:11.291Z","level":"LOG","message":"GET PRODUCTS QUERY: {\"is_weekly_deal\":\"true\"}"}
{"timestamp":"2026-06-23T16:58:37.281Z","level":"LOG","message":"GET PRODUCTS QUERY: {\"is_weekly_deal\":\"true\"}"}
{"timestamp":"2026-06-23T16:58:41.332Z","level":"LOG","message":"GET PRODUCTS QUERY: {\"is_weekly_deal\":\"true\"}"}
{"timestamp":"2026-06-23T16:59:56.586Z","level":"LOG","message":"GET PRODUCTS QUERY: {\"is_weekly_deal\":\"true\"}"}
{"timestamp":"2026-06-23T16:59:56.716Z","level":"LOG","message":"GET PRODUCTS QUERY: {\"is_weekly_deal\":\"true\"}"}
{"timestamp":"2026-06-23T17:00:56.293Z","level":"LOG","message":"GET PRODUCTS QUERY: {\"is_weekly_deal\":\"true\"}"}
{"timestamp":"2026-06-23T17:00:56.439Z","level":"LOG","message":"GET PRODUCTS QUERY: {\"is_weekly_deal\":\"true\"}"}
{"timestamp":"2026-06-23T17:01:56.309Z","level":"LOG","message":"GET PRODUCTS QUERY: {\"is_weekly_deal\":\"true\"}"}
{"timestamp":"2026-06-23T17:01:56.462Z","level":"LOG","message":"GET PRODUCTS QUERY: {\"is_weekly_deal\":\"true\"}"}
{"timestamp":"2026-06-23T17:02:56.270Z","level":"LOG","message":"GET PRODUCTS QUERY: {\"is_weekly_deal\":\"true\"}"}
{"timestamp":"2026-06-23T17:02:56.415Z","level":"LOG","message":"GET PRODUCTS QUERY: {\"is_weekly_deal\":\"true\"}"}
{"timestamp":"2026-06-23T17:03:56.286Z","level":"LOG","message":"GET PRODUCTS QUERY: {\"is_weekly_deal\":\"true\"}"}
{"timestamp":"2026-06-23T17:03:56.430Z","level":"LOG","message":"GET PRODUCTS QUERY: {\"is_weekly_deal\":\"true\"}"}
{"timestamp":"2026-06-23T17:04:56.288Z","level":"LOG","message":"GET PRODUCTS QUERY: {\"is_weekly_deal\":\"true\"}"}
{"timestamp":"2026-06-23T17:04:56.421Z","level":"LOG","message":"GET PRODUCTS QUERY: {\"is_weekly_deal\":\"true\"}"}
{"timestamp":"2026-06-23T17:05:56.285Z","level":"LOG","message":"GET PRODUCTS QUERY: {\"is_weekly_deal\":\"true\"}"}
{"timestamp":"2026-06-23T17:05:56.413Z","level":"LOG","message":"GET PRODUCTS QUERY: {\"is_weekly_deal\":\"true\"}"}
{"timestamp":"2026-06-23T17:06:56.278Z","level":"LOG","message":"GET PRODUCTS QUERY: {\"is_weekly_deal\":\"true\"}"}
{"timestamp":"2026-06-23T17:06:56.407Z","level":"LOG","message":"GET PRODUCTS QUERY: {\"is_weekly_deal\":\"true\"}"}
{"timestamp":"2026-06-23T17:07:56.344Z","level":"LOG","message":"GET PRODUCTS QUERY: {\"is_weekly_deal\":\"true\"}"}
{"timestamp":"2026-06-23T17:07:56.482Z","level":"LOG","message":"GET PRODUCTS QUERY: {\"is_weekly_deal\":\"true\"}"}
{"timestamp":"2026-06-23T17:08:56.298Z","level":"LOG","message":"GET PRODUCTS QUERY: {\"is_weekly_deal\":\"true\"}"}
{"timestamp":"2026-06-23T17:08:56.469Z","level":"LOG","message":"GET PRODUCTS QUERY: {\"is_weekly_deal\":\"true\"}"}
{"timestamp":"2026-06-23T17:09:56.288Z","level":"LOG","message":"GET PRODUCTS QUERY: {\"is_weekly_deal\":\"true\"}"}
{"timestamp":"2026-06-23T17:09:56.428Z","level":"LOG","message":"GET PRODUCTS QUERY: {\"is_weekly_deal\":\"true\"}"}
{"timestamp":"2026-06-23T17:10:56.270Z","level":"LOG","message":"GET PRODUCTS QUERY: {\"is_weekly_deal\":\"true\"}"}
{"timestamp":"2026-06-23T17:10:56.398Z","level":"LOG","message":"GET PRODUCTS QUERY: {\"is_weekly_deal\":\"true\"}"}
{"timestamp":"2026-06-23T17:11:56.288Z","level":"LOG","message":"GET PRODUCTS QUERY: {\"is_weekly_deal\":\"true\"}"}
{"timestamp":"2026-06-23T17:11:56.420Z","level":"LOG","message":"GET PRODUCTS QUERY: {\"is_weekly_deal\":\"true\"}"}
{"timestamp":"2026-06-23T17:12:56.269Z","level":"LOG","message":"GET PRODUCTS QUERY: {\"is_weekly_deal\":\"true\"}"}
{"timestamp":"2026-06-23T17:12:56.418Z","level":"LOG","message":"GET PRODUCTS QUERY: {\"is_weekly_deal\":\"true\"}"}
{"timestamp":"2026-06-23T17:13:56.308Z","level":"LOG","message":"GET PRODUCTS QUERY: {\"is_weekly_deal\":\"true\"}"}
{"timestamp":"2026-06-23T17:13:56.466Z","level":"LOG","message":"GET PRODUCTS QUERY: {\"is_weekly_deal\":\"true\"}"}
{"timestamp":"2026-06-23T17:14:56.288Z","level":"LOG","message":"GET PRODUCTS QUERY: {\"is_weekly_deal\":\"true\"}"}
{"timestamp":"2026-06-23T17:14:56.482Z","level":"LOG","message":"GET PRODUCTS QUERY: {\"is_weekly_deal\":\"true\"}"}
{"timestamp":"2026-06-23T17:15:56.297Z","level":"LOG","message":"GET PRODUCTS QUERY: {\"is_weekly_deal\":\"true\"}"}
{"timestamp":"2026-06-23T17:15:56.447Z","level":"LOG","message":"GET PRODUCTS QUERY: {\"is_weekly_deal\":\"true\"}"}
{"timestamp":"2026-06-23T17:16:56.287Z","level":"LOG","message":"GET PRODUCTS QUERY: {\"is_weekly_deal\":\"true\"}"}
{"timestamp":"2026-06-23T17:16:56.418Z","level":"LOG","message":"GET PRODUCTS QUERY: {\"is_weekly_deal\":\"true\"}"}
{"timestamp":"2026-06-23T17:17:56.305Z","level":"LOG","message":"GET PRODUCTS QUERY: {\"is_weekly_deal\":\"true\"}"}
{"timestamp":"2026-06-23T17:17:56.442Z","level":"LOG","message":"GET PRODUCTS QUERY: {\"is_weekly_deal\":\"true\"}"}
{"timestamp":"2026-06-23T17:18:56.284Z","level":"LOG","message":"GET PRODUCTS QUERY: {\"is_weekly_deal\":\"true\"}"}
{"timestamp":"2026-06-23T17:18:56.410Z","level":"LOG","message":"GET PRODUCTS QUERY: {\"is_weekly_deal\":\"true\"}"}
{"timestamp":"2026-06-23T17:19:56.305Z","level":"LOG","message":"GET PRODUCTS QUERY: {\"is_weekly_deal\":\"true\"}"}
{"timestamp":"2026-06-23T17:19:56.432Z","level":"LOG","message":"GET PRODUCTS QUERY: {\"is_weekly_deal\":\"true\"}"}
{"timestamp":"2026-06-23T17:20:56.277Z","level":"LOG","message":"GET PRODUCTS QUERY: {\"is_weekly_deal\":\"true\"}"}
{"timestamp":"2026-06-23T17:20:56.405Z","level":"LOG","message":"GET PRODUCTS QUERY: {\"is_weekly_deal\":\"true\"}"}
{"timestamp":"2026-06-23T17:21:56.292Z","level":"LOG","message":"GET PRODUCTS QUERY: {\"is_weekly_deal\":\"true\"}"}
{"timestamp":"2026-06-23T17:21:56.429Z","level":"LOG","message":"GET PRODUCTS QUERY: {\"is_weekly_deal\":\"true\"}"}
{"timestamp":"2026-06-23T17:22:56.321Z","level":"LOG","message":"GET PRODUCTS QUERY: {\"is_weekly_deal\":\"true\"}"}
{"timestamp":"2026-06-23T17:22:56.447Z","level":"LOG","message":"GET PRODUCTS QUERY: {\"is_weekly_deal\":\"true\"}"}
{"timestamp":"2026-06-23T17:23:13.453Z","level":"LOG","message":"404: METHOD GET URL /robots.txt"}
{"timestamp":"2026-06-23T17:23:56.287Z","level":"LOG","message":"GET PRODUCTS QUERY: {\"is_weekly_deal\":\"true\"}"}
{"timestamp":"2026-06-23T17:23:56.416Z","level":"LOG","message":"GET PRODUCTS QUERY: {\"is_weekly_deal\":\"true\"}"}
{"timestamp":"2026-06-23T17:24:56.598Z","level":"LOG","message":"GET PRODUCTS QUERY: {\"is_weekly_deal\":\"true\"}"}
{"timestamp":"2026-06-23T17:24:57.031Z","level":"LOG","message":"GET PRODUCTS QUERY: {\"is_weekly_deal\":\"true\"}"}
{"timestamp":"2026-06-23T17:25:28.989Z","level":"LOG","message":"[ABANDONED CART] 🔍 Scanning for abandoned carts..."}
{"timestamp":"2026-06-23T17:25:28.990Z","level":"LOG","message":"[ABANDONED CART] ✅ Scan complete. Sent 0 reminder(s)."}
{"timestamp":"2026-06-23T17:25:56.289Z","level":"LOG","message":"GET PRODUCTS QUERY: {\"is_weekly_deal\":\"true\"}"}
{"timestamp":"2026-06-23T17:25:56.430Z","level":"LOG","message":"GET PRODUCTS QUERY: {\"is_weekly_deal\":\"true\"}"}
{"timestamp":"2026-06-23T17:26:56.287Z","level":"LOG","message":"GET PRODUCTS QUERY: {\"is_weekly_deal\":\"true\"}"}
{"timestamp":"2026-06-23T17:26:56.414Z","level":"LOG","message":"GET PRODUCTS QUERY: {\"is_weekly_deal\":\"true\"}"}
{"timestamp":"2026-06-23T17:27:56.332Z","level":"LOG","message":"GET PRODUCTS QUERY: {\"is_weekly_deal\":\"true\"}"}
{"timestamp":"2026-06-23T17:27:56.459Z","level":"LOG","message":"GET PRODUCTS QUERY: {\"is_weekly_deal\":\"true\"}"}
{"timestamp":"2026-06-23T17:28:56.285Z","level":"LOG","message":"GET PRODUCTS QUERY: {\"is_weekly_deal\":\"true\"}"}
{"timestamp":"2026-06-23T17:28:56.412Z","level":"LOG","message":"GET PRODUCTS QUERY: {\"is_weekly_deal\":\"true\"}"}
{"timestamp":"2026-06-23T17:29:56.301Z","level":"LOG","message":"GET PRODUCTS QUERY: {\"is_weekly_deal\":\"true\"}"}
{"timestamp":"2026-06-23T17:29:56.428Z","level":"LOG","message":"GET PRODUCTS QUERY: {\"is_weekly_deal\":\"true\"}"}
{"timestamp":"2026-06-23T17:30:56.292Z","level":"LOG","message":"GET PRODUCTS QUERY: {\"is_weekly_deal\":\"true\"}"}
{"timestamp":"2026-06-23T17:30:56.425Z","level":"LOG","message":"GET PRODUCTS QUERY: {\"is_weekly_deal\":\"true\"}"}
{"timestamp":"2026-06-23T17:31:56.298Z","level":"LOG","message":"GET PRODUCTS QUERY: {\"is_weekly_deal\":\"true\"}"}
{"timestamp":"2026-06-23T17:31:56.430Z","level":"LOG","message":"GET PRODUCTS QUERY: {\"is_weekly_deal\":\"true\"}"}
{"timestamp":"2026-06-23T17:32:56.302Z","level":"LOG","message":"GET PRODUCTS QUERY: {\"is_weekly_deal\":\"true\"}"}
{"timestamp":"2026-06-23T17:32:56.451Z","level":"LOG","message":"GET PRODUCTS QUERY: {\"is_weekly_deal\":\"true\"}"}
{"timestamp":"2026-06-23T17:33:56.315Z","level":"LOG","message":"GET PRODUCTS QUERY: {\"is_weekly_deal\":\"true\"}"}
{"timestamp":"2026-06-23T17:33:56.477Z","level":"LOG","message":"GET PRODUCTS QUERY: {\"is_weekly_deal\":\"true\"}"}
{"timestamp":"2026-06-23T17:34:56.295Z","level":"LOG","message":"GET PRODUCTS QUERY: {\"is_weekly_deal\":\"true\"}"}
{"timestamp":"2026-06-23T17:34:56.430Z","level":"LOG","message":"GET PRODUCTS QUERY: {\"is_weekly_deal\":\"true\"}"}
{"timestamp":"2026-06-23T17:35:56.347Z","level":"LOG","message":"GET PRODUCTS QUERY: {\"is_weekly_deal\":\"true\"}"}
{"timestamp":"2026-06-23T17:35:56.477Z","level":"LOG","message":"GET PRODUCTS QUERY: {\"is_weekly_deal\":\"true\"}"}
{"timestamp":"2026-06-23T17:40:21.902Z","level":"LOG","message":"GET PRODUCTS QUERY: {\"search\":\"ice makers\"}"}
{"timestamp":"2026-06-23T17:40:21.922Z","level":"LOG","message":"GET PRODUCTS QUERY: {\"is_weekly_deal\":\"true\"}"}
{"timestamp":"2026-06-23T17:40:21.931Z","level":"LOG","message":"GET PRODUCTS QUERY: {\"is_limited_offer\":\"true\",\"limit\":\"8\"}"}
{"timestamp":"2026-06-23T17:40:21.933Z","level":"LOG","message":"GET PRODUCTS QUERY: {\"search\":\"cooking equipment\"}"}
{"timestamp":"2026-06-23T17:40:23.629Z","level":"LOG","message":"GET PRODUCTS QUERY: {\"search\":\"coffee makers\"}"}
{"timestamp":"2026-06-23T17:40:23.731Z","level":"LOG","message":"GET PRODUCTS QUERY: {\"is_limited_offer\":\"true\",\"limit\":\"7\"}"}
{"timestamp":"2026-06-23T17:40:23.733Z","level":"LOG","message":"GET PRODUCTS QUERY: {\"category\":\"ice-equipment\"}"}
{"timestamp":"2026-06-23T17:40:23.736Z","level":"LOG","message":"GET PRODUCTS QUERY: {\"is_weekly_deal\":\"true\"}"}
{"timestamp":"2026-06-23T17:40:23.737Z","level":"LOG","message":"GET PRODUCTS QUERY: {\"search\":\"cooking equipment\"}"}
{"timestamp":"2026-06-23T17:40:24.438Z","level":"LOG","message":"GET PRODUCTS QUERY: {\"is_featured\":\"1\",\"limit\":\"6\",\"status\":\"active\"}"}
{"timestamp":"2026-06-23T17:40:53.736Z","level":"LOG","message":"GET PRODUCTS QUERY: {\"is_limited_offer\":\"true\",\"limit\":\"7\"}"}
{"timestamp":"2026-06-23T17:40:53.741Z","level":"LOG","message":"GET PRODUCTS QUERY: {\"is_weekly_deal\":\"true\"}"}
{"timestamp":"2026-06-23T17:41:03.788Z","level":"LOG","message":"GET PRODUCTS QUERY: {\"page\":\"1\",\"limit\":\"24\",\"brand\":\"sab\"}"}
{"timestamp":"2026-06-23T17:41:04.188Z","level":"LOG","message":"GET PRODUCTS QUERY: {\"is_featured\":\"1\",\"limit\":\"6\",\"status\":\"active\"}"}
{"timestamp":"2026-06-23T17:41:04.233Z","level":"LOG","message":"GET PRODUCTS QUERY: {\"page\":\"1\",\"limit\":\"24\",\"brand\":\"sab\"}"}
{"timestamp":"2026-06-23T17:41:09.858Z","level":"LOG","message":"GET PRODUCTS QUERY: {\"is_featured\":\"1\",\"limit\":\"6\",\"status\":\"active\"}"}
{"timestamp":"2026-06-23T17:41:13.022Z","level":"LOG","message":"GET PRODUCTS QUERY: {\"page\":\"1\",\"limit\":\"24\",\"brand\":\"ailipu\"}"}
{"timestamp":"2026-06-23T17:41:13.821Z","level":"LOG","message":"GET PRODUCTS QUERY: {\"page\":\"1\",\"limit\":\"24\",\"brand\":\"ailipu\"}"}
{"timestamp":"2026-06-23T17:41:13.949Z","level":"LOG","message":"GET PRODUCTS QUERY: {\"is_featured\":\"1\",\"limit\":\"6\",\"status\":\"active\"}"}
{"timestamp":"2026-06-23T17:41:17.542Z","level":"LOG","message":"GET PRODUCTS QUERY: {\"is_featured\":\"1\",\"limit\":\"6\",\"status\":\"active\"}"}
{"timestamp":"2026-06-23T17:41:19.353Z","level":"LOG","message":"GET PRODUCTS QUERY: {\"page\":\"1\",\"limit\":\"24\",\"brand\":\"alto-shaam\"}"}
{"timestamp":"2026-06-23T17:41:19.722Z","level":"LOG","message":"GET PRODUCTS QUERY: {\"is_featured\":\"1\",\"limit\":\"6\",\"status\":\"active\"}"}
{"timestamp":"2026-06-23T17:41:19.858Z","level":"LOG","message":"GET PRODUCTS QUERY: {\"page\":\"1\",\"limit\":\"24\",\"brand\":\"alto-shaam\"}"}
{"timestamp":"2026-06-23T17:41:23.474Z","level":"LOG","message":"GET PRODUCTS QUERY: {\"is_limited_offer\":\"true\",\"limit\":\"7\"}"}
{"timestamp":"2026-06-23T17:41:23.475Z","level":"LOG","message":"GET PRODUCTS QUERY: {\"is_weekly_deal\":\"true\"}"}
{"timestamp":"2026-06-23T17:41:23.479Z","level":"LOG","message":"GET PRODUCTS QUERY: {\"category\":\"ice-equipment\"}"}
{"timestamp":"2026-06-23T17:41:23.498Z","level":"LOG","message":"GET PRODUCTS QUERY: {\"search\":\"cooking equipment\"}"}
{"timestamp":"2026-06-23T17:41:23.754Z","level":"LOG","message":"GET PRODUCTS QUERY: {\"is_featured\":\"1\",\"limit\":\"6\",\"status\":\"active\"}"}
{"timestamp":"2026-06-23T17:41:46.228Z","level":"LOG","message":"GET PRODUCTS QUERY: {\"is_limited_offer\":\"true\",\"limit\":\"7\"}"}
{"timestamp":"2026-06-23T17:41:53.471Z","level":"LOG","message":"GET PRODUCTS QUERY: {\"is_weekly_deal\":\"true\"}"}
{"timestamp":"2026-06-23T17:42:24.279Z","level":"LOG","message":"GET PRODUCTS QUERY: {\"is_weekly_deal\":\"true\"}"}
{"timestamp":"2026-06-23T17:42:54.307Z","level":"LOG","message":"GET PRODUCTS QUERY: {\"is_weekly_deal\":\"true\"}"}
{"timestamp":"2026-06-23T17:43:24.294Z","level":"LOG","message":"GET PRODUCTS QUERY: {\"is_weekly_deal\":\"true\"}"}
{"timestamp":"2026-06-23T17:43:54.263Z","level":"LOG","message":"GET PRODUCTS QUERY: {\"is_weekly_deal\":\"true\"}"}
{"timestamp":"2026-06-23T17:44:24.266Z","level":"LOG","message":"GET PRODUCTS QUERY: {\"is_weekly_deal\":\"true\"}"}
{"timestamp":"2026-06-23T17:45:44.184Z","level":"LOG","message":"GET PRODUCTS QUERY: {\"is_weekly_deal\":\"true\"}"}
{"timestamp":"2026-06-23T17:46:43.314Z","level":"LOG","message":"GET PRODUCTS QUERY: {\"is_weekly_deal\":\"true\"}"}
{"timestamp":"2026-06-23T17:47:43.974Z","level":"LOG","message":"GET PRODUCTS QUERY: {\"is_weekly_deal\":\"true\"}"}
{"timestamp":"2026-06-23T17:48:15.865Z","level":"LOG","message":"GET PRODUCTS QUERY: {\"is_weekly_deal\":\"true\"}"}
{"timestamp":"2026-06-23T17:48:24.290Z","level":"LOG","message":"GET PRODUCTS QUERY: {\"is_weekly_deal\":\"true\"}"}
{"timestamp":"2026-06-23T17:48:54.283Z","level":"LOG","message":"GET PRODUCTS QUERY: {\"is_weekly_deal\":\"true\"}"}
{"timestamp":"2026-06-23T17:49:43.885Z","level":"LOG","message":"GET PRODUCTS QUERY: {\"is_weekly_deal\":\"true\"}"}
{"timestamp":"2026-06-23T17:50:43.285Z","level":"LOG","message":"GET PRODUCTS QUERY: {\"is_weekly_deal\":\"true\"}"}
{"timestamp":"2026-06-23T17:51:39.996Z","level":"LOG","message":"GET PRODUCTS QUERY: {\"is_weekly_deal\":\"true\"}"}
{"timestamp":"2026-06-23T17:51:54.290Z","level":"LOG","message":"GET PRODUCTS QUERY: {\"is_weekly_deal\":\"true\"}"}
{"timestamp":"2026-06-23T17:52:24.290Z","level":"LOG","message":"GET PRODUCTS QUERY: {\"is_weekly_deal\":\"true\"}"}
{"timestamp":"2026-06-23T17:52:54.290Z","level":"LOG","message":"GET PRODUCTS QUERY: {\"is_weekly_deal\":\"true\"}"}
{"timestamp":"2026-06-23T17:53:43.282Z","level":"LOG","message":"GET PRODUCTS QUERY: {\"is_weekly_deal\":\"true\"}"}
{"timestamp":"2026-06-23T17:54:43.295Z","level":"LOG","message":"GET PRODUCTS QUERY: {\"is_weekly_deal\":\"true\"}"}
{"timestamp":"2026-06-23T17:55:28.988Z","level":"LOG","message":"[ABANDONED CART] 🔍 Scanning for abandoned carts..."}
{"timestamp":"2026-06-23T17:55:28.990Z","level":"LOG","message":"[ABANDONED CART] ✅ Scan complete. Sent 0 reminder(s)."}
{"timestamp":"2026-06-23T17:55:43.305Z","level":"LOG","message":"GET PRODUCTS QUERY: {\"is_weekly_deal\":\"true\"}"}
{"timestamp":"2026-06-23T17:56:43.441Z","level":"LOG","message":"[dotenv@17.2.4] injecting env (1) from .env -- tip: 🔐 encrypt with Dotenvx: https://dotenvx.com"}
{"timestamp":"2026-06-23T17:56:43.442Z","level":"LOG","message":"[BOOT] cwd = /home/u650716787/domains/api.mariotstore.com/nodejs"}
{"timestamp":"2026-06-23T17:56:43.442Z","level":"LOG","message":"[BOOT] DB_USER = \"u650716787_mariot_user\""}
{"timestamp":"2026-06-23T17:56:43.442Z","level":"LOG","message":"[BOOT] DB_PASSWORD present = true"}
{"timestamp":"2026-06-23T17:56:43.442Z","level":"LOG","message":"[BOOT] DB_NAME = \"u650716787_mariot_db\""}
{"timestamp":"2026-06-23T17:56:43.634Z","level":"LOG","message":"[dotenv@17.2.4] injecting env (0) from .env -- tip: 🗂️ backup and recover secrets: https://dotenvx.com/ops"}
{"timestamp":"2026-06-23T17:56:43.878Z","level":"LOG","message":"[DEBUG] DB_HOST = \"localhost\""}
{"timestamp":"2026-06-23T17:56:43.878Z","level":"LOG","message":"[DEBUG] DB_USER = \"u650716787_mariot_user\""}
{"timestamp":"2026-06-23T17:56:43.878Z","level":"LOG","message":"[DEBUG] DB_PASSWORD present? true"}
{"timestamp":"2026-06-23T17:56:43.878Z","level":"LOG","message":"[DEBUG] DB_PASS present? false"}
{"timestamp":"2026-06-23T17:56:43.878Z","level":"LOG","message":"[DEBUG] DB_NAME = \"u650716787_mariot_db\""}
{"timestamp":"2026-06-23T17:56:44.551Z","level":"LOG","message":"[DB] Running initialization and migrations..."}
{"timestamp":"2026-06-23T17:56:44.558Z","level":"LOG","message":"[EMAIL] Resolved smtp.hostinger.com → 172.65.255.143 (IPv4)"}
{"timestamp":"2026-06-23T17:56:44.574Z","level":"ERROR","message":"Database connection failed: Access denied for user 'u650716787_mariot_user'@'::1' (using password: YES)"}
{"timestamp":"2026-06-23T17:56:44.576Z","level":"LOG","message":"[DB] contact_submissions table verified"}
{"timestamp":"2026-06-23T17:56:44.577Z","level":"LOG","message":"[DB] category_brands table verified"}
{"timestamp":"2026-06-23T17:56:44.577Z","level":"LOG","message":"[DB] reward_points_history table verified"}
{"timestamp":"2026-06-23T17:56:44.583Z","level":"LOG","message":"[DB] reward_points_history.transaction_type ENUM verified (reversed, refunded)"}
{"timestamp":"2026-06-23T17:56:44.584Z","level":"LOG","message":"[DB] staff role verified"}
{"timestamp":"2026-06-23T17:56:44.599Z","level":"LOG","message":"[DB] product variant tables verified"}
{"timestamp":"2026-06-23T17:56:44.608Z","level":"LOG","message":"[DB] signup_otps table verified"}
{"timestamp":"2026-06-23T17:56:44.608Z","level":"LOG","message":"[DB] invoices table verified"}
{"timestamp":"2026-06-23T17:56:44.609Z","level":"LOG","message":"[DB] staff_permissions table verified"}
{"timestamp":"2026-06-23T17:56:44.609Z","level":"LOG","message":"[DB] stock_notifications table verified"}
{"timestamp":"2026-06-23T17:56:44.609Z","level":"LOG","message":"[DB] settings table verified"}
{"timestamp":"2026-06-23T17:56:44.612Z","level":"LOG","message":"[EMAIL] SMTP_EMAIL: admin@mariotstore.com"}
{"timestamp":"2026-06-23T17:56:44.612Z","level":"LOG","message":"[EMAIL] SMTP_PASSWORD length: 17 chars"}
{"timestamp":"2026-06-23T17:56:44.615Z","level":"LOG","message":"[ABANDONED CART] 🚀 Cron job started (runs every 30 minutes)"}
{"timestamp":"2026-06-23T17:56:44.615Z","level":"LOG","message":"[POINTS STATEMENT] 🚀 Job started (fires monthly: 1st 10:00 Asia/Dubai, with a 2nd–3rd grace window)"}
{"timestamp":"2026-06-23T17:56:44.616Z","level":"LOG","message":"Server running in production mode on port 5000"}
{"timestamp":"2026-06-23T17:56:44.638Z","level":"LOG","message":"GET PRODUCTS QUERY: {\"is_weekly_deal\":\"true\"}"}
{"timestamp":"2026-06-23T17:56:45.512Z","level":"LOG","message":"[EMAIL] ✅ SMTP connection verified successfully"}
{"timestamp":"2026-06-23T17:57:14.624Z","level":"LOG","message":"[ABANDONED CART] 🔍 Scanning for abandoned carts..."}
{"timestamp":"2026-06-23T17:57:14.626Z","level":"LOG","message":"[ABANDONED CART] ✅ Scan complete. Sent 0 reminder(s)."}
{"timestamp":"2026-06-23T17:57:43.289Z","level":"LOG","message":"GET PRODUCTS QUERY: {\"is_weekly_deal\":\"true\"}"}
{"timestamp":"2026-06-23T17:58:43.954Z","level":"LOG","message":"GET PRODUCTS QUERY: {\"is_weekly_deal\":\"true\"}"}
{"timestamp":"2026-06-23T17:59:43.778Z","level":"LOG","message":"GET PRODUCTS QUERY: {\"is_weekly_deal\":\"true\"}"}
{"timestamp":"2026-06-23T18:00:44.277Z","level":"LOG","message":"GET PRODUCTS QUERY: {\"is_weekly_deal\":\"true\"}"}
{"timestamp":"2026-06-23T18:01:43.647Z","level":"LOG","message":"GET PRODUCTS QUERY: {\"is_weekly_deal\":\"true\"}"}
{"timestamp":"2026-06-23T18:02:07.441Z","level":"LOG","message":"GET PRODUCTS QUERY: {\"is_weekly_deal\":\"true\"}"}
{"timestamp":"2026-06-23T18:02:07.446Z","level":"LOG","message":"GET PRODUCTS QUERY: {\"category\":\"stainless-steel-fabrications\",\"limit\":\"12\"}"}
{"timestamp":"2026-06-23T18:02:07.453Z","level":"LOG","message":"GET PRODUCTS QUERY: {\"is_limited_offer\":\"true\",\"limit\":\"8\"}"}
{"timestamp":"2026-06-23T18:02:09.162Z","level":"LOG","message":"GET PRODUCTS QUERY: {\"is_limited_offer\":\"true\",\"limit\":\"7\"}"}
{"timestamp":"2026-06-23T18:02:09.184Z","level":"LOG","message":"GET PRODUCTS QUERY: {\"is_weekly_deal\":\"true\"}"}
{"timestamp":"2026-06-23T18:02:09.558Z","level":"LOG","message":"GET PRODUCTS QUERY: {\"is_featured\":\"1\",\"limit\":\"6\",\"status\":\"active\"}"}
{"timestamp":"2026-06-23T18:02:39.103Z","level":"LOG","message":"GET PRODUCTS QUERY: {\"is_weekly_deal\":\"true\"}"}
{"timestamp":"2026-06-23T18:02:39.103Z","level":"LOG","message":"GET PRODUCTS QUERY: {\"is_limited_offer\":\"true\",\"limit\":\"7\"}"}
{"timestamp":"2026-06-23T18:02:43.770Z","level":"LOG","message":"GET PRODUCTS QUERY: {\"is_weekly_deal\":\"true\"}"}
{"timestamp":"2026-06-23T18:03:09.439Z","level":"LOG","message":"GET PRODUCTS QUERY: {\"is_weekly_deal\":\"true\"}"}
{"timestamp":"2026-06-23T18:03:39.324Z","level":"LOG","message":"GET PRODUCTS QUERY: {\"is_weekly_deal\":\"true\"}"}
{"timestamp":"2026-06-23T18:03:43.771Z","level":"LOG","message":"GET PRODUCTS QUERY: {\"is_weekly_deal\":\"true\"}"}
{"timestamp":"2026-06-23T18:04:09.335Z","level":"LOG","message":"GET PRODUCTS QUERY: {\"is_weekly_deal\":\"true\"}"}
{"timestamp":"2026-06-23T18:04:39.270Z","level":"LOG","message":"GET PRODUCTS QUERY: {\"is_weekly_deal\":\"true\"}"}
{"timestamp":"2026-06-23T18:04:44.713Z","level":"LOG","message":"GET PRODUCTS QUERY: {\"is_weekly_deal\":\"true\"}"}
{"timestamp":"2026-06-23T18:05:09.326Z","level":"LOG","message":"GET PRODUCTS QUERY: {\"is_weekly_deal\":\"true\"}"}
{"timestamp":"2026-06-23T18:05:43.281Z","level":"LOG","message":"GET PRODUCTS QUERY: {\"is_weekly_deal\":\"true\"}"}
{"timestamp":"2026-06-23T18:05:43.393Z","level":"LOG","message":"GET PRODUCTS QUERY: {\"is_weekly_deal\":\"true\"}"}
{"timestamp":"2026-06-23T18:06:43.282Z","level":"LOG","message":"GET PRODUCTS QUERY: {\"is_weekly_deal\":\"true\"}"}
{"timestamp":"2026-06-23T18:06:43.940Z","level":"LOG","message":"GET PRODUCTS QUERY: {\"is_weekly_deal\":\"true\"}"}
{"timestamp":"2026-06-23T18:07:43.780Z","level":"LOG","message":"GET PRODUCTS QUERY: {\"is_weekly_deal\":\"true\"}"}
{"timestamp":"2026-06-23T18:07:44.064Z","level":"LOG","message":"GET PRODUCTS QUERY: {\"is_weekly_deal\":\"true\"}"}
{"timestamp":"2026-06-23T18:08:43.300Z","level":"LOG","message":"GET PRODUCTS QUERY: {\"is_weekly_deal\":\"true\"}"}
{"timestamp":"2026-06-23T18:08:43.745Z","level":"LOG","message":"GET PRODUCTS QUERY: {\"is_weekly_deal\":\"true\"}"}
